seq_id,t,reward,discount,value,next_value,lambda_return,reward_component,value_component,steer,gas,brake
0,0,-0.1152493953704834,0.9900000095367432,61.13631820678711,69.07413482666016,65.74063873291016,0.011002987623214722,65.72964477539062,-1.0,0.9999517202377319,4.76837158203125e-06
0,1,-0.10928380489349365,0.9900000095367432,69.07413482666016,72.40760040283203,66.38672637939453,0.13423964381217957,66.25249481201172,-1.0,0.9999901056289673,1.4901161193847656e-06
0,2,-0.09681916236877441,0.9900000095367432,72.40760040283203,74.48302459716797,66.89190673828125,0.2589297592639923,66.63298797607422,-1.0,0.9984820485115051,6.645917892456055e-06
0,3,-0.07216107845306396,0.9900000095367432,74.48302459716797,75.3382339477539,67.30655670166016,0.37825509905815125,66.92831420898438,-1.0,0.9999431371688843,3.394484519958496e-05
0,4,-0.033048395067453384,0.9900000095367432,75.3382339477539,75.29703521728516,67.67620849609375,0.4789113998413086,67.19731140136719,-0.9999980926513672,0.999983549118042,1.3649463653564453e-05
0,5,0.01174449548125267,0.9900000095367432,75.29703521728516,74.14603424072266,68.02982330322266,0.5443485379219055,67.48548889160156,-0.9587044715881348,0.9998896718025208,1.3232231140136719e-05
0,6,0.002116438001394272,0.9900000095367432,74.14603424072266,71.8057632446289,68.41876983642578,0.5662988424301147,67.85248565673828,0.9980208873748779,0.9998428225517273,2.384185791015625e-06
0,7,-0.02557087317109108,0.9900000095367432,71.8057632446289,70.29754638671875,68.96573638916016,0.5998749732971191,68.36587524414062,1.0,0.997545063495636,2.980232238769531e-07
0,8,-0.01136041060090065,0.9900000095367432,70.29754638671875,69.69049835205078,69.6561279296875,0.6650141477584839,68.99111938476562,1.0,0.9990758299827576,2.682209014892578e-07
0,9,0.013417240232229233,0.9900000095367432,69.69049835205078,69.71183013916016,70.40702819824219,0.7191648483276367,69.68785858154297,1.0,0.9997016191482544,2.9802322387695312e-08
0,10,0.06257808208465576,0.9900000095367432,69.71183013916016,70.1295394897461,71.17796325683594,0.750396192073822,70.42756652832031,1.0,0.9988803267478943,0.0
0,11,0.12397348880767822,0.9900000095367432,70.1295394897461,71.11888885498047,71.92341613769531,0.7313323616981506,71.19208526611328,1.0,0.9999393820762634,2.9802322387695312e-08
0,12,0.18290925025939941,0.9900000095367432,71.11888885498047,72.16829681396484,72.59867858886719,0.6457829475402832,71.95289611816406,0.9999999403953552,0.9999549388885498,0.0
0,13,0.23209357261657715,0.9900000095367432,72.16829681396484,73.19689178466797,73.19876861572266,0.49215707182884216,72.70661163330078,0.9999122023582458,0.9999998807907104,0.0
0,14,0.2765161991119385,0.9900000095367432,73.19689178466797,74.19583129882812,73.73039245605469,0.2765161991119385,73.45387268066406,0.9553015828132629,0.9999955296516418,0.0
1,0,-0.1188584566116333,0.9900000095367432,42.82272720336914,41.17141342163086,38.509368896484375,-1.1573617458343506,39.66674041748047,-1.0,0.9999964237213135,2.384185791015625e-07
1,1,-0.11800265312194824,0.9900000095367432,41.17141342163086,41.279380798339844,38.905094146728516,-1.104203462600708,40.009307861328125,-1.0,0.9999974966049194,2.9802322387695312e-08
1,2,-0.11714053153991699,0.9900000095367432,41.279380798339844,41.24898910522461,39.31926727294922,-1.0485920906066895,40.36786651611328,-1.0,0.9990928173065186,5.364418029785156e-07
1,3,-0.11641192436218262,0.9900000095367432,41.24898910522461,41.35828399658203,39.76032257080078,-0.9903790950775146,40.750709533691406,-1.0,0.9999427199363708,2.682209014892578e-06
1,4,-0.11585533618927002,0.9900000095367432,41.35828399658203,41.645973205566406,40.222755432128906,-0.9292579889297485,41.15201950073242,-1.0,0.9999125599861145,8.761882781982422e-06
1,5,-0.1154470443725586,0.9900000095367432,41.645973205566406,42.14280319213867,40.698707580566406,-0.8648619651794434,41.563575744628906,-0.9999997615814209,0.9999618530273438,3.3408403396606445e-05
1,6,-0.11502230167388916,0.9900000095367432,42.14280319213867,42.66999435424805,41.17818832397461,-0.7968260645866394,41.97502136230469,-0.9999986290931702,0.9983551502227783,3.7550926208496094e-06
1,7,-0.11451184749603271,0.9900000095367432,42.66999435424805,43.18074035644531,41.65980529785156,-0.7249375581741333,42.38474655151367,-0.9999972581863403,0.999401330947876,2.562999725341797e-06
1,8,-0.11385047435760498,0.9900000095367432,43.18074035644531,43.62200164794922,42.144466400146484,-0.6490438580513,42.79351043701172,-0.9999887943267822,0.9996854066848755,0.0002714395523071289
1,9,-0.11302196979522705,0.9900000095367432,43.62200164794922,44.023738861083984,42.6358642578125,-0.56905198097229,43.204917907714844,-0.9999603033065796,0.9955882430076599,1.8715858459472656e-05
1,10,-0.11200165748596191,0.9900000095367432,44.023738861083984,44.38425064086914,43.136322021484375,-0.4848804175853729,43.6212043762207,-0.999929666519165,0.9993470907211304,9.238719940185547e-06
1,11,-0.11076033115386963,0.9900000095367432,44.38425064086914,44.73991775512695,43.64838409423828,-0.3964686393737793,44.04485321044922,-0.9998560547828674,0.9907984733581543,0.00021958351135253906
1,12,-0.10926258563995361,0.9900000095367432,44.73991775512695,45.081459045410156,44.17280197143555,-0.3037834167480469,44.476585388183594,-0.9997462034225464,0.9763414859771729,0.0008148550987243652
1,13,-0.10755980014801025,0.9900000095367432,45.081459045410156,45.436527252197266,44.7108268737793,-0.2068270444869995,44.91765213012695,-0.9990363121032715,0.9976982474327087,0.00041025876998901367
1,14,-0.10554730892181396,0.9900000095367432,45.436527252197266,45.82619857788086,45.262386322021484,-0.10554730892181396,45.36793518066406,-0.998930037021637,0.9999182224273682,4.214048385620117e-05
2,0,0.6203522682189941,0.9900000095367432,77.09476470947266,78.74579620361328,79.86992645263672,7.1599345207214355,72.70996856689453,0.9682449102401733,0.9999983310699463,0.0
2,1,0.5426639318466187,0.9900000095367432,78.74579620361328,77.15604400634766,80.11872100830078,6.953303813934326,73.16539764404297,-0.3138645589351654,0.9999886751174927,0.0
2,2,0.555220365524292,0.9900000095367432,77.15604400634766,78.95934295654297,80.54952239990234,6.816204071044922,73.73330688476562,0.4006735682487488,0.9999939203262329,0.0
2,3,0.625952959060669,0.9900000095367432,78.95934295654297,79.07478332519531,80.89932250976562,6.657079696655273,74.24223327636719,0.7193214893341064,0.9999974966049194,0.0
2,4,0.6671690940856934,0.9900000095367432,79.07478332519531,79.46209716796875,81.18997192382812,6.4126811027526855,74.77728271484375,0.5826758146286011,0.9999995231628418,0.0
2,5,0.708690881729126,0.9900000095367432,79.46209716796875,79.93407440185547,81.43479919433594,6.108997344970703,75.32579040527344,0.6150901913642883,0.9999998211860657,0.0
2,6,0.730339765548706,0.9900000095367432,79.93407440185547,80.34732818603516,81.6261215209961,5.741951942443848,75.88416290283203,0.5173709392547607,0.9999945163726807,0.0
2,7,0.7497451305389404,0.9900000095367432,80.34732818603516,80.6086196899414,81.7847900390625,5.328668594360352,76.45610809326172,0.4062161445617676,0.9999998807907104,0.0
2,8,0.7652854919433594,0.9900000095367432,80.6086196899414,80.95262908935547,81.91909790039062,4.868605136871338,77.05048370361328,0.3613271713256836,0.9999946355819702,0.0
2,9,0.7966339588165283,0.9900000095367432,80.95262908935547,81.48627471923828,82.02727508544922,4.362913131713867,77.66436004638672,0.5576558709144592,0.9999988079071045,0.0
2,10,0.825426459312439,0.9900000095367432,81.48627471923828,81.430419921875,82.08088684082031,3.7918972969055176,78.28898620605469,0.32789474725723267,0.9999996423721313,0.0
2,11,0.8425674438476562,0.9900000095367432,81.430419921875,81.87178802490234,82.11022186279297,3.154142141342163,78.95606994628906,0.3966054618358612,0.9999998807907104,0.0
2,12,0.860037088394165,0.9900000095367432,81.87178802490234,81.7934799194336,82.09994506835938,2.4578146934509277,79.64212799072266,0.23911122977733612,0.9999982714653015,0.0
2,13,0.8678086996078491,0.9900000095367432,81.7934799194336,82.07304382324219,82.0745620727539,1.698859691619873,80.37570190429688,0.3225257098674774,1.0,0.0
2,14,0.8836266994476318,0.9900000095367432,82.07304382324219,81.96057891845703,82.02460479736328,0.8836266994476318,81.14097595214844,0.27210545539855957,0.9999985694885254,0.0
3,0,-0.027424219995737076,0.9900000095367432,63.3486328125,63.700252532958984,62.71001052856445,0.17560596764087677,62.534400939941406,1.0,0.9999253749847412,8.940696716308594e-08
3,1,-0.0013865269720554352,0.9900000095367432,63.700252532958984,63.56057357788086,63.35382080078125,0.21587473154067993,63.13794708251953,1.0,0.9990959167480469,5.960464477539063e-08
3,2,0.017899271100759506,0.9900000095367432,63.56057357788086,63.933597564697266,64.01802825927734,0.23100611567497253,63.78702926635742,1.0,0.9999671578407288,0.0
3,3,0.01776265725493431,0.9900000095367432,63.933597564697266,64.55487060546875,64.68412017822266,0.2265888750553131,64.4575424194336,0.9999999403953552,0.9999998211860657,0.0
3,4,0.009009357541799545,0.9900000095367432,64.55487060546875,64.90947723388672,65.35980224609375,0.2220374345779419,65.13777160644531,0.999992311000824,0.9999930262565613,0.0
3,5,-0.00197625532746315,0.9900000095367432,64.90947723388672,65.19451141357422,66.0688705444336,0.2265051305294037,65.84237670898438,0.9989300966262817,0.999999463558197,0.0
3,6,-0.01327228918671608,0.9900000095367432,65.19451141357422,65.2943344116211,66.8194808959961,0.24293607473373413,66.5765609741211,0.9364548921585083,0.9999996423721313,0.0
3,7,-0.05427718535065651,0.9900000095367432,65.2943344116211,64.3622817993164,67.62433624267578,0.27241718769073486,67.35193634033203,-0.2056758850812912,1.0,0.0
3,8,-0.053156498819589615,0.9900000095367432,64.3622817993164,66.38409423828125,68.57276153564453,0.3473624587059021,68.22541046142578,-0.4168999195098877,0.9999991655349731,0.0
3,9,-0.04499698057770729,0.9900000095367432,66.38409423828125,67.45043182373047,69.47357940673828,0.42585745453834534,69.04773712158203,-0.639122724533081,0.9999996423721313,0.0
3,10,-0.01746249571442604,0.9900000095367432,67.45043182373047,68.6006851196289,70.3666000366211,0.5006426572799683,69.865966796875,-0.8673531413078308,0.9999997615814209,0.0
3,11,0.025801654905080795,0.9900000095367432,68.6006851196289,70.21668243408203,71.22630310058594,0.5508826971054077,70.67543029785156,-0.9083449840545654,0.9999993443489075,0.0
3,12,0.08043479919433594,0.9900000095367432,70.21668243408203,71.81233978271484,72.00933837890625,0.5582998991012573,71.45104217529297,-0.8389892578125,0.9999988079071045,0.0
3,13,0.18802034854888916,0.9900000095367432,71.81233978271484,73.2520523071289,72.69983673095703,0.5080968141555786,72.19174194335938,-0.26441696286201477,1.0,0.0
3,14,0.34032583236694336,0.9900000095367432,73.2520523071289,73.63992309570312,73.24385070800781,0.34032583236694336,72.90352630615234,0.7940710186958313,1.0,0.0
4,0,0.7054742574691772,0.9900000095367432,83.35115814208984,80.86042022705078,79.93853759765625,6.403292179107666,73.53527069091797,0.9999999403953552,0.9979307651519775,2.980232238769531e-07
4,1,0.5888504981994629,0.9900000095367432,80.86042022705078,80.6844482421875,79.9898681640625,6.058286190032959,73.93161010742188,1.0,0.9996466636657715,1.4901161193847656e-07
4,2,0.5375053882598877,0.9900000095367432,80.6844482421875,80.72481536865234,80.1777114868164,5.815455436706543,74.3622817993164,0.9999993443489075,0.9999574422836304,8.642673492431641e-07
4,3,0.5327283143997192,0.9900000095367432,80.72481536865234,80.9642562866211,80.4299087524414,5.611855506896973,74.81808471679688,0.999970018863678,0.9964923858642578,0.0
4,4,0.5493195056915283,0.9900000095367432,80.9642562866211,81.07894134521484,80.69054412841797,5.400454521179199,75.29011535644531,0.999557614326477,0.9999169707298279,8.940696716308594e-08
4,5,0.5647467374801636,0.9900000095367432,81.07894134521484,81.2752456665039,80.9439926147461,5.15803861618042,75.78597259521484,0.9961273074150085,0.9999947547912598,0.0
4,6,0.5823668241500854,0.9900000095367432,81.2752456665039,81.49451446533203,81.1867446899414,4.883882522583008,76.30287170410156,0.9842756986618042,0.999996542930603,0.0
4,7,0.6053390502929688,0.9900000095367432,81.49451446533203,81.76081085205078,81.4145736694336,4.573647499084473,76.84093475341797,0.9730795621871948,0.9999971389770508,0.0
4,8,0.6297845840454102,0.9900000095367432,81.76081085205078,82.08216094970703,81.61836242675781,4.2193603515625,77.39900970458984,0.9536239504814148,0.9999995827674866,0.0
4,9,0.6559194326400757,0.9900000095367432,82.08216094970703,82.38764190673828,81.79214477539062,3.816667079925537,77.97547912597656,0.906980574131012,0.9999914169311523,0.0
4,10,0.6851977109909058,0.9900000095367432,82.38764190673828,82.64972686767578,81.93305206298828,3.3607096672058105,78.57234191894531,0.8897089958190918,0.9999954700469971,0.0
4,11,0.7188208103179932,0.9900000095367432,82.64972686767578,82.74816131591797,82.03795623779297,2.844776153564453,79.19318389892578,0.8613011837005615,0.9999996423721313,0.0
4,12,0.7575836181640625,0.9900000095367432,82.74816131591797,82.75200653076172,82.10856628417969,2.2604522705078125,79.84811401367188,0.893542468547821,0.9999855756759644,0.0
4,13,0.8007169961929321,0.9900000095367432,82.75200653076172,82.48701477050781,82.1422119140625,1.5979464054107666,80.54427337646484,0.8923389911651611,0.9999990463256836,0.0
4,14,0.8476654291152954,0.9900000095367432,82.48701477050781,82.11961364746094,82.14608001708984,0.8476654291152954,81.29841613769531,0.9090374112129211,0.9999979734420776,0.0
5,0,0.039839740842580795,0.9900000095367432,44.988555908203125,41.95100402832031,38.26875686645508,-0.24776947498321533,38.51652526855469,0.9999957084655762,0.9986089468002319,8.344650268554688e-07
5,1,0.0018709860742092133,0.9900000095367432,41.95100402832031,40.594173431396484,38.439491271972656,-0.305804580450058,38.74530029296875,0.9999854564666748,0.9996592998504639,8.940696716308594e-08
5,2,-0.023441914469003677,0.9900000095367432,40.594173431396484,39.15254592895508,38.73281478881836,-0.3271404504776001,39.05995559692383,0.9993446469306946,0.9998981952667236,5.960464477539063e-08
5,3,-0.048168424516916275,0.9900000095367432,39.15254592895508,37.61250686645508,39.14748001098633,-0.32291179895401,39.470394134521484,0.9795150756835938,0.999738335609436,8.940696716308594e-08
5,4,-0.06376445293426514,0.9900000095367432,37.61250686645508,36.88835525512695,39.69572448730469,-0.29212480783462524,39.987850189208984,0.3955094814300537,0.9999591708183289,3.5762786865234375e-07
5,5,-0.08317720890045166,0.9900000095367432,36.88835525512695,38.17525100708008,40.33334732055664,-0.24280741810798645,40.57615661621094,-0.7703242897987366,0.9992390871047974,0.0
5,6,-0.0703498125076294,0.9900000095367432,38.17525100708008,38.224300384521484,40.96421813964844,-0.169729083776474,41.133949279785156,-0.7811634540557861,0.9999296069145203,2.9802322387695312e-08
5,7,-0.049878839403390884,0.9900000095367432,38.224300384521484,39.71574401855469,41.61878204345703,-0.10566642135381699,41.724449157714844,-0.6362220644950867,0.9999017715454102,0.0
5,8,-0.034311894327402115,0.9900000095367432,39.71574401855469,41.151634216308594,42.21449279785156,-0.05931694060564041,42.27381134033203,-0.7690439820289612,0.9999660849571228,2.980232238769531e-07
5,9,-0.015955332666635513,0.9900000095367432,41.151634216308594,42.390140533447266,42.75576400756836,-0.026586972177028656,42.78235626220703,-0.9069114327430725,0.9999949932098389,2.9802322387695312e-08
5,10,0.0006720982491970062,0.9900000095367432,42.390140533447266,43.734493255615234,43.24658203125,-0.01130424253642559,43.25788879394531,-0.8682294487953186,0.9992532730102539,2.980232238769531e-07
5,11,0.009073492139577866,0.9900000095367432,43.734493255615234,44.74149703979492,43.680015563964844,-0.01273401454091072,43.6927490234375,-0.7901387810707092,0.999849796295166,5.960464477539063e-08
5,12,0.009183283895254135,0.9900000095367432,44.74149703979492,45.157711029052734,44.07892990112305,-0.023187141865491867,44.10211944580078,-0.38858145475387573,0.9999721646308899,4.798173904418945e-06
5,13,-0.003281477838754654,0.9900000095367432,45.157711029052734,44.839054107666016,44.48106384277344,-0.034418314695358276,44.51548385620117,0.331254780292511,0.999992847442627,3.0994415283203125e-06
5,14,-0.033106688410043716,0.9900000095367432,44.839054107666016,45.42603302001953,44.938663482666016,-0.033106688410043716,44.971771240234375,0.4564286172389984,0.9999841451644897,1.1920928955078125e-07
6,0,0.12126243114471436,0.9900000095367432,60.60718536376953,61.82461166381836,66.38400268554688,2.9851293563842773,63.39884567260742,1.0,0.9998161792755127,2.9802322387695312e-08
6,1,0.11668062210083008,0.9900000095367432,61.82461166381836,63.48196029663086,67.20087432861328,3.0450470447540283,64.15579986572266,1.0,0.9999980330467224,0.0
6,2,0.13999700546264648,0.9900000095367432,63.48196029663086,64.5466537475586,67.98706817626953,3.1136271953582764,64.8734130859375,0.9999999403953552,0.9999942183494568,0.0
6,3,0.17317736148834229,0.9900000095367432,64.5466537475586,65.46381378173828,68.74217224121094,3.161754608154297,65.58039093017578,0.9999992251396179,0.9999986886978149,0.0
6,4,0.2053694725036621,0.9900000095367432,65.46381378173828,66.37126922607422,69.46148681640625,3.177647352218628,66.28382110595703,0.9999967813491821,0.9998986721038818,0.0
6,5,0.23740291595458984,0.9900000095367432,66.37126922607422,67.16146087646484,70.14432525634766,3.1603167057037354,66.98399353027344,0.9999909996986389,0.9999996423721313,0.0
6,6,0.27031898498535156,0.9900000095367432,67.16146087646484,67.89344024658203,70.79471588134766,3.1078295707702637,67.68687438964844,0.9999868273735046,0.9999991655349731,0.0
6,7,0.3074237108230591,0.9900000095367432,67.89344024658203,68.55989837646484,71.41273498535156,3.0170235633850098,68.39569854736328,0.9999873638153076,0.999957263469696,0.0
6,8,0.3496154546737671,0.9900000095367432,68.55989837646484,69.2260971069336,71.99531555175781,2.8810205459594727,69.11428833007812,0.9999926686286926,0.999988317489624,0.0
6,9,0.39731335639953613,0.9900000095367432,69.2260971069336,69.910400390625,72.53482818603516,2.6915524005889893,69.84326934814453,0.9999951124191284,0.9994990825653076,0.0
6,10,0.44895458221435547,0.9900000095367432,69.910400390625,70.65149688720703,73.02173614501953,2.439382314682007,70.58235931396484,0.999998152256012,0.9999950528144836,0.0
6,11,0.5030627250671387,0.9900000095367432,70.65149688720703,71.45970153808594,73.44554138183594,2.1163506507873535,71.32919311523438,0.999998927116394,0.9999997615814209,0.0
6,12,0.5574787855148315,0.9900000095367432,71.45970153808594,72.3485336303711,73.79609680175781,1.7153513431549072,72.08074188232422,0.999999463558197,0.9999997615814209,0.0
6,13,0.6103856563568115,0.9900000095367432,72.3485336303711,73.3094253540039,74.0641860961914,1.2311244010925293,72.83306121826172,0.9999997019767761,0.9998849034309387,0.0
6,14,0.6600093841552734,0.9900000095367432,73.3094253540039,74.32565307617188,74.2424087524414,0.6600093841552734,73.5823974609375,0.9999997615814209,0.9999983906745911,0.0
7,0,-0.045362118631601334,0.9900000095367432,71.37348937988281,77.62625885009766,73.38396453857422,1.9448893070220947,71.4390869140625,0.9894729256629944,0.9999999403953552,0.0
7,1,-0.06255018711090088,0.9900000095367432,77.62625885009766,73.55487823486328,73.98918914794922,2.1161632537841797,71.87303161621094,-0.42721664905548096,0.999998152256012,0.0
7,2,-0.05246317759156227,0.9900000095367432,73.55487823486328,72.57685089111328,74.8652572631836,2.3165483474731445,72.54871368408203,-0.9995922446250916,0.9999984502792358,0.0
7,3,-0.012468580156564713,0.9900000095367432,72.57685089111328,72.30659484863281,75.83749389648438,2.518885374069214,73.31861114501953,-0.9999098777770996,0.9999995231628418,0.0
7,4,0.10428190231323242,0.9900000095367432,72.30659484863281,72.32695007324219,76.84293365478516,2.691498041152954,74.15144348144531,-0.990087628364563,0.9999939799308777,0.0
7,5,0.4013946056365967,0.9900000095367432,72.32695007324219,75.93749237060547,77.78678894042969,2.750894546508789,75.035888671875,0.6506259441375732,0.9999957084655762,0.0
7,6,0.40744996070861816,0.9900000095367432,75.93749237060547,77.1778564453125,78.28440856933594,2.4981391429901123,75.78626251220703,0.999701976776123,0.9999862313270569,0.0
7,7,0.37351298332214355,0.9900000095367432,77.1778564453125,77.73290252685547,78.74179077148438,2.2229552268981934,76.51882934570312,0.9984695911407471,0.999783456325531,0.0
7,8,0.3446601629257202,0.9900000095367432,77.73290252685547,78.5670166015625,79.23497772216797,1.9664455652236938,77.2685317993164,0.9664036631584167,0.999997615814209,0.0
7,9,0.319500207901001,0.9900000095367432,78.5670166015625,79.24466705322266,79.74613952636719,1.7243863344192505,78.02175903320312,0.8186664581298828,0.9999886751174927,6.556510925292969e-07
7,10,0.3273566961288452,0.9900000095367432,79.24466705322266,79.90935516357422,80.28073120117188,1.4937652349472046,78.78697204589844,0.8102659583091736,0.9999977350234985,0.0
7,11,0.3330572843551636,0.9900000095367432,79.90935516357422,80.7256088256836,80.8058090209961,1.2402005195617676,79.56561279296875,0.7778595685958862,0.9999992251396179,0.0
7,12,0.34023046493530273,0.9900000095367432,80.7256088256836,81.54800415039062,81.31509399414062,0.9645329713821411,80.3505630493164,0.7498824596405029,0.9999878406524658,0.0
7,13,0.3434370756149292,0.9900000095367432,81.54800415039062,82.26765441894531,81.80567169189453,0.6637985110282898,81.14188385009766,0.6632477045059204,0.999780535697937,0.0
7,14,0.34062886238098145,0.9900000095367432,82.26765441894531,82.77310943603516,82.2860107421875,0.34062886238098145,81.94538116455078,0.4494531750679016,0.9999996423721313,0.0
8,0,-0.0872875452041626,0.9900000095367432,33.7347297668457,35.442867279052734,25.3218936920166,-1.012824535369873,26.334720611572266,1.0,0.9978396892547607,1.7881393432617188e-07
8,1,-0.09895861148834229,0.9900000095367432,35.442867279052734,35.42774200439453,25.151260375976562,-0.9840903282165527,26.135351181030273,1.0,0.9979664087295532,1.7285346984863281e-06
8,2,-0.10185360908508301,0.9900000095367432,35.42774200439453,35.20827865600586,24.983036041259766,-0.9411288499832153,25.924165725708008,1.0,0.9998800754547119,1.1920928955078125e-07
8,3,-0.10229945182800293,0.9900000095367432,35.20827865600586,34.72933578491211,24.818798065185547,-0.8923713564872742,25.711170196533203,1.0,0.9998878240585327,1.4901161193847656e-07
8,4,-0.10146284103393555,0.9900000095367432,34.72933578491211,34.09999465942383,24.669851303100586,-0.8400552272796631,25.509906768798828,1.0,0.9999860525131226,0.0
8,5,-0.10025417804718018,0.9900000095367432,34.09999465942383,33.32122039794922,24.543716430664062,-0.7853188514709473,25.32903480529785,0.9999995827674866,0.9999767541885376,0.0
8,6,-0.09904623031616211,0.9900000095367432,33.32122039794922,32.31589126586914,24.449302673339844,-0.7284047603607178,25.17770767211914,0.9996959567070007,0.9999978542327881,0.0
8,7,-0.09858381748199463,0.9900000095367432,32.31589126586914,31.091381072998047,24.400545120239258,-0.6691743731498718,25.069719314575195,0.8764607310295105,0.999972939491272,0.0
8,8,-0.10075020790100098,0.9900000095367432,31.091381072998047,29.725873947143555,24.412656784057617,-0.6066884994506836,25.019346237182617,-0.6205241084098816,0.9999986886978149,0.0
8,9,-0.10007643699645996,0.9900000095367432,29.725873947143555,28.278732299804688,24.49970817565918,-0.5379461050033569,25.037654876708984,0.15807001292705536,0.9999980926513672,0.0
8,10,-0.10299944877624512,0.9900000095367432,28.278732299804688,27.333824157714844,24.66771697998047,-0.46557119488716125,25.13328742980957,-0.022439593449234962,0.999997615814209,0.0
8,11,-0.10486483573913574,0.9900000095367432,27.333824157714844,26.594335556030273,24.899194717407227,-0.38550958037376404,25.28470230102539,-0.3459724187850952,0.9999948143959045,0.0
8,12,-0.10614669322967529,0.9900000095367432,26.594335556030273,26.286937713623047,25.18621826171875,-0.29839950799942017,25.484617233276367,-0.4518882632255554,0.9999970197677612,0.0
8,13,-0.10599565505981445,0.9900000095367432,26.286937713623047,26.06249237060547,25.508943557739258,-0.20441552996635437,25.71335792541504,-0.5566999316215515,0.9999864101409912,1.1920928955078125e-07
8,14,-0.10464632511138916,0.9900000095367432,26.06249237060547,26.230690002441406,25.863737106323242,-0.10464632511138916,25.9683837890625,-0.7090305089950562,0.9999796748161316,5.960464477539063e-08
9,0,-0.09045004844665527,0.9900000095367432,22.828956604003906,27.468570709228516,32.28272247314453,-1.1040079593658447,33.386722564697266,1.0,0.9557295441627502,0.0007793307304382324
9,1,-0.10480833053588867,0.9900000095367432,27.468570709228516,31.706113815307617,32.975521087646484,-1.0776798725128174,34.053192138671875,1.0,0.9948043823242188,3.4570693969726562e-06
9,2,-0.10967147350311279,0.9900000095367432,31.706113815307617,34.3570671081543,33.504390716552734,-1.0344195365905762,34.53879928588867,1.0,0.9936470985412598,8.940696716308594e-08
9,3,-0.11241555213928223,0.9900000095367432,34.3570671081543,35.994083404541016,33.9323616027832,-0.9832515120506287,34.91560363769531,1.0,0.9986922740936279,1.1622905731201172e-06
9,4,-0.11363518238067627,0.9900000095367432,35.994083404541016,37.02176284790039,34.304168701171875,-0.9259287714958191,35.23008728027344,1.0,0.9923627376556396,0.0
9,5,-0.11389720439910889,0.9900000095367432,37.02176284790039,37.82485580444336,34.64670181274414,-0.863682746887207,35.5103759765625,0.9999998807907104,0.999998927116394,0.0
9,6,-0.1134500503540039,0.9900000095367432,37.82485580444336,38.313358306884766,34.96891784667969,-0.7972201704978943,35.76613235473633,0.9998546838760376,0.9998987913131714,5.960464477539063e-08
9,7,-0.11275374889373779,0.9900000095367432,38.313358306884766,38.5739631652832,35.28533172607422,-0.7270283102989197,36.01235580444336,0.9593610167503357,0.9999978542327881,0.0
9,8,-0.11296749114990234,0.9900000095367432,38.5739631652832,38.939693450927734,35.60730743408203,-0.653136134147644,36.260440826416016,0.1002030149102211,0.9998282194137573,0.0
9,9,-0.11176574230194092,0.9900000095367432,38.939693450927734,38.80989456176758,35.930633544921875,-0.5743420124053955,36.504974365234375,0.42339634895324707,0.9999997615814209,0.0
9,10,-0.1110832691192627,0.9900000095367432,38.80989456176758,38.04579544067383,36.27996826171875,-0.49184080958366394,36.77180862426758,0.8507398962974548,0.9999088048934937,0.0
9,11,-0.11113262176513672,0.9900000095367432,38.04579544067383,38.02931594848633,36.69089126586914,-0.40484586358070374,37.09573745727539,0.879370927810669,0.9996690154075623,0.0
9,12,-0.11111199855804443,0.9900000095367432,38.02931594848633,38.39259719848633,37.12873458862305,-0.31229478120803833,37.44102478027344,0.7650263905525208,0.9999990463256836,2.682209014892578e-07
9,13,-0.11051106452941895,0.9900000095367432,38.39259719848633,38.504356384277344,37.57513427734375,-0.21391046047210693,37.78904342651367,0.8941089510917664,0.9999990463256836,0.0
9,14,-0.10994088649749756,0.9900000095367432,38.504356384277344,38.538578033447266,38.04325485229492,-0.10994088649749756,38.153194427490234,0.9340792298316956,0.9999898672103882,0.0
10,0,-0.11144900321960449,0.9900000095367432,50.818748474121094,60.351192474365234,62.34555435180664,-0.6292977929115295,62.974849700927734,-1.0,0.9996400475502014,9.864568710327148e-06
10,1,-0.10996031761169434,0.9900000095367432,60.351192474365234,64.1072006225586,63.2319221496582,-0.5506100654602051,63.782527923583984,-1.0,0.9999892711639404,1.2159347534179688e-05
10,2,-0.10838592052459717,0.9900000095367432,64.1072006225586,66.8793716430664,63.975093841552734,-0.4685271382331848,64.44361877441406,-1.0,0.9999059438705444,9.834766387939453e-06
10,3,-0.10552489757537842,0.9900000095367432,66.8793716430664,69.00200653076172,64.61770629882812,-0.38292527198791504,65.00062561035156,-1.0,0.9999595880508423,4.1097402572631836e-05
10,4,-0.10084235668182373,0.9900000095367432,69.00200653076172,70.48197174072266,65.18621063232422,-0.29494988918304443,65.48115539550781,-1.0,0.9997473955154419,8.910894393920898e-06
10,5,-0.093985915184021,0.9900000095367432,70.48197174072266,70.9637680053711,65.70780944824219,-0.20638760924339294,65.91419219970703,-0.9999629855155945,0.9868350625038147,1.996755599975586e-06
10,6,-0.08773541450500488,0.9900000095367432,70.9637680053711,70.31037902832031,66.2297592163086,-0.11951269209384918,66.3492660522461,-0.8684900999069214,0.9999699592590332,1.3381242752075195e-05
10,7,-0.08806729316711426,0.9900000095367432,70.31037902832031,69.07147979736328,66.8124771118164,-0.03378763794898987,66.84626007080078,0.9964364171028137,0.9967678785324097,3.2782554626464844e-07
10,8,-0.0929487943649292,0.9900000095367432,69.07147979736328,68.0351333618164,67.49761199951172,0.05771361291408539,67.43989562988281,1.0,0.9953007102012634,6.258487701416016e-07
10,9,-0.08368504047393799,0.9900000095367432,68.0351333618164,67.5130386352539,68.28582763671875,0.16019394993782043,68.1256332397461,1.0,0.9997036457061768,1.2010335922241211e-05
10,10,-0.06856489181518555,0.9900000095367432,67.5130386352539,67.897216796875,69.14154052734375,0.2593078017234802,68.88223266601562,1.0,0.9998652935028076,0.0
10,11,-0.03107190504670143,0.9900000095367432,67.897216796875,68.66645050048828,70.01509094238281,0.3486153185367584,69.66647338867188,1.0,0.9991886615753174,2.9802322387695312e-08
10,12,0.03961264714598656,0.9900000095367432,68.66645050048828,70.11568450927734,70.86356353759766,0.4037078619003296,70.45985412597656,1.0,0.9999839067459106,0.0
10,13,0.15058839321136475,0.9900000095367432,70.11568450927734,71.49652862548828,71.61427307128906,0.38712942600250244,71.22714233398438,1.0,0.9999898672103882,0.0
10,14,0.25150561332702637,0.9900000095367432,71.49652862548828,72.69727325439453,72.2218017578125,0.25150561332702637,71.97029876708984,0.9999995231628418,0.9999891519546509,0.0
11,0,-0.09186840057373047,0.9900000095367432,42.100772857666016,46.654056549072266,56.54059982299805,1.7442246675491333,54.79636764526367,1.0,0.5246675610542297,0.005453824996948242
11,1,-0.09830653667449951,0.9900000095367432,46.654056549072266,53.614864349365234,57.75979995727539,1.9522520303726196,55.80754089355469,1.0,0.924359917640686,0.0038098692893981934
11,2,-0.09626495838165283,0.9900000095367432,53.614864349365234,56.479827880859375,58.69661331176758,2.1802854537963867,56.516326904296875,0.8208061456680298,0.9998760223388672,4.589557647705078e-06
11,3,-0.10275888442993164,0.9900000095367432,56.479827880859375,58.105403900146484,59.53974533081055,2.420574426651001,57.119171142578125,-0.9989141225814819,0.9954942464828491,8.910894393920898e-06
11,4,-0.09865820407867432,0.9900000095367432,58.105403900146484,58.85029602050781,60.35756301879883,2.6829700469970703,57.67459487915039,-0.9999995827674866,0.9927975535392761,1.8894672393798828e-05
11,5,-0.07496285438537598,0.9900000095367432,58.85029602050781,60.32954025268555,61.18355178833008,2.9576058387756348,58.225948333740234,-0.9999999403953552,0.9999731779098511,5.02467155456543e-05
11,6,0.04518222436308861,0.9900000095367432,60.32954025268555,61.481781005859375,61.95874786376953,3.224421739578247,58.73432922363281,-1.0,0.9994234442710876,6.258487701416016e-06
11,7,0.312563419342041,0.9900000095367432,61.481781005859375,62.7458381652832,62.59459686279297,3.3803718090057373,59.214229583740234,-1.0,0.9997888803482056,2.6524066925048828e-05
11,8,0.5177171230316162,0.9900000095367432,62.7458381652832,63.097904205322266,62.91984558105469,3.2618908882141113,59.657958984375,-0.9999999403953552,0.9998046159744263,3.427267074584961e-06
11,9,0.603339672088623,0.9900000095367432,63.097904205322266,63.00149917602539,63.02901077270508,2.9177815914154053,60.111228942871094,-0.999982476234436,0.9993782043457031,5.543231964111328e-06
11,10,0.6082655191421509,0.9900000095367432,63.00149917602539,62.4588623046875,63.05911636352539,2.4608633518218994,60.5982551574707,-0.9982426166534424,0.9997097253799438,1.2516975402832031e-06
11,11,0.5869994163513184,0.9900000095367432,62.4588623046875,62.11977767944336,63.11444854736328,1.9698010683059692,61.14464569091797,-0.6703154444694519,0.9996747970581055,1.7881393432617188e-07
11,12,0.5948635339736938,0.9900000095367432,62.11977767944336,63.74592971801758,63.21373748779297,1.4702835083007812,61.74345397949219,0.9944023489952087,0.9999390840530396,2.7418136596679688e-06
11,13,0.5024302005767822,0.9900000095367432,63.74592971801758,63.655338287353516,63.22536087036133,0.9308027029037476,62.2945556640625,0.9999999403953552,0.9995862245559692,6.3478946685791016e-06
11,14,0.4554731845855713,0.9900000095367432,63.655338287353516,63.5204963684082,63.34076690673828,0.4554731845855713,62.885292053222656,1.0,0.9996835589408875,2.086162567138672e-07
12,0,-0.11801135540008545,0.9900000095367432,30.101642608642578,30.89481544494629,31.626590728759766,-1.197416067123413,32.82401657104492,0.9983936548233032,0.9999587535858154,0.0
12,1,-0.11796259880065918,0.9900000095367432,30.89481544494629,29.61847496032715,32.126853942871094,-1.1476924419403076,33.274559020996094,0.9866427183151245,0.9988737106323242,2.9802322387695312e-08
12,2,-0.11763608455657959,0.9900000095367432,29.61847496032715,28.737369537353516,32.725894927978516,-1.0948748588562012,33.82078170776367,0.8310813307762146,0.9999243021011353,0.0
12,3,-0.11806559562683105,0.9900000095367432,28.737369537353516,28.9508056640625,33.40886306762695,-1.0390629768371582,34.44793701171875,0.29563620686531067,0.9999878406524658,0.0
12,4,-0.11800968647003174,0.9900000095367432,28.9508056640625,29.229663848876953,34.12425994873047,-0.9792634844779968,35.10353088378906,0.24995507299900055,0.9999408721923828,0.0
12,5,-0.1185305118560791,0.9900000095367432,29.229663848876953,29.639652252197266,34.870182037353516,-0.9157403707504272,35.78592300415039,-0.26272034645080566,0.9999901056289673,0.0
12,6,-0.11876845359802246,0.9900000095367432,29.639652252197266,30.243013381958008,35.64226150512695,-0.8476446866989136,36.48991012573242,-0.5378211736679077,0.9999977350234985,0.0
12,7,-0.11904191970825195,0.9900000095367432,30.243013381958008,30.984071731567383,36.43168640136719,-0.7749879956245422,37.2066764831543,-0.8224813938140869,0.9999945163726807,0.0
12,8,-0.1191490888595581,0.9900000095367432,30.984071731567383,31.653947830200195,37.23234176635742,-0.6974440217018127,37.929786682128906,-0.9441684484481812,0.9999679327011108,0.0
12,9,-0.11925804615020752,0.9900000095367432,31.653947830200195,32.59988021850586,38.04850769042969,-0.6148803234100342,38.663387298583984,-0.9774344563484192,0.9988038539886475,1.4901161193847656e-06
12,10,-0.11929488182067871,0.9900000095367432,32.59988021850586,33.665740966796875,38.86663818359375,-0.5269774198532104,39.393611907958984,-0.9903267025947571,0.9999786615371704,0.0
12,11,-0.11928486824035645,0.9900000095367432,33.665740966796875,35.3785514831543,39.68046188354492,-0.43347421288490295,40.11393356323242,-0.9949577450752258,0.9999822974205017,2.9802322387695312e-08
12,12,-0.11906957626342773,0.9900000095367432,35.3785514831543,37.63050079345703,40.45561599731445,-0.3340662717819214,40.78968048095703,-0.9958226680755615,0.9999286532402039,1.1920928955078125e-07
12,13,-0.11840677261352539,0.9900000095367432,37.63050079345703,40.0877571105957,41.16105651855469,-0.22859829664230347,41.3896598815918,-0.9962894916534424,0.9999945163726807,3.8743019104003906e-07
12,14,-0.11716270446777344,0.9900000095367432,40.0877571105957,42.321475982666016,41.781097412109375,-0.11716270446777344,41.89826202392578,-0.9910317063331604,0.9999917149543762,5.960464477539063e-08
13,0,0.37392425537109375,0.9900000095367432,83.97838592529297,84.15289306640625,82.9732437133789,5.608172416687012,77.36508178710938,-0.9996576905250549,0.9999997615814209,0.0
13,1,0.43264174461364746,0.9900000095367432,84.15289306640625,86.72647094726562,83.39580535888672,5.5653886795043945,77.83042907714844,-0.9997037649154663,0.9999913573265076,0.0
13,2,0.43387162685394287,0.9900000095367432,86.72647094726562,88.18936157226562,83.647216796875,5.4574666023254395,78.18975067138672,-0.999268114566803,1.0,0.0
13,3,0.48386287689208984,0.9900000095367432,88.18936157226562,88.35741424560547,83.83622741699219,5.3414082527160645,78.49481964111328,-0.9609721302986145,0.9999996423721313,0.0
13,4,0.690014123916626,0.9900000095367432,88.35741424560547,90.30240631103516,83.9751968383789,5.164854049682617,78.81034851074219,0.8082031607627869,0.9999982714653015,0.0
13,5,0.7016842365264893,0.9900000095367432,90.30240631103516,88.7785415649414,83.8013916015625,4.757937431335449,79.04346466064453,0.9992328882217407,0.9999927282333374,0.0
13,6,0.7125558853149414,0.9900000095367432,88.7785415649414,88.02953338623047,83.68439483642578,4.312869071960449,79.37152862548828,0.9619222283363342,0.9999967217445374,0.0
13,7,0.5358669757843018,0.9900000095367432,88.02953338623047,86.11172485351562,83.58786010742188,3.8280839920043945,79.75978088378906,-0.7170119881629944,0.9999996423721313,0.0
13,8,0.5451579093933105,0.9900000095367432,86.11172485351562,86.95410919189453,83.77401733398438,3.5004966259002686,80.27352905273438,-0.516932487487793,0.9999995231628418,0.0
13,9,0.6170670986175537,0.9900000095367432,86.95410919189453,87.68456268310547,83.91773986816406,3.142306089401245,80.77544403076172,0.4269275963306427,0.999997615814209,0.0
13,10,0.6618149280548096,0.9900000095367432,87.68456268310547,86.77996063232422,83.95565032958984,2.6849963665008545,81.27066040039062,0.8806236982345581,0.999999463558197,0.0
13,11,0.5548685789108276,0.9900000095367432,86.77996063232422,84.93758392333984,83.9959945678711,2.1511764526367188,81.84481811523438,-0.4552017152309418,0.9999997615814209,0.0
13,12,0.5990482568740845,0.9900000095367432,84.93758392333984,85.40933227539062,84.24956512451172,1.6972968578338623,82.5522689819336,0.13309121131896973,1.0,0.0
13,13,0.5807193517684937,0.9900000095367432,85.40933227539062,85.55342864990234,84.44737243652344,1.1677284240722656,83.27964782714844,-0.002866960596293211,0.999975323677063,0.0
13,14,0.6241456270217896,0.9900000095367432,85.55342864990234,84.89440155029297,84.66960144042969,0.6241456270217896,84.04545593261719,0.1619863659143448,0.9999997615814209,0.0
14,0,-0.11904776096343994,0.9900000095367432,37.655120849609375,41.472511291503906,42.061866760253906,-1.1272239685058594,43.189083099365234,-0.9999951720237732,0.9999919533729553,0.0
14,1,-0.11839079856872559,0.9900000095367432,41.472511291503906,42.67019271850586,42.66669845581055,-1.0719577074050903,43.738643646240234,-0.9991281032562256,0.9998842477798462,2.9802322387695312e-08
14,2,-0.11752402782440186,0.9900000095367432,42.67019271850586,42.89556884765625,43.24605178833008,-1.0138936042785645,44.25993347167969,-0.9832479953765869,0.9999053478240967,2.9802322387695312e-08
14,3,-0.11623489856719971,0.9900000095367432,42.89556884765625,42.52570724487305,43.849273681640625,-0.9530776739120483,44.80234146118164,-0.9647056460380554,0.9997152090072632,0.0
14,4,-0.11446940898895264,0.9900000095367432,42.52570724487305,42.31157684326172,44.50875473022461,-0.8897849917411804,45.39853286743164,-0.8902614116668701,0.9998272061347961,1.430511474609375e-06
14,5,-0.11147010326385498,0.9900000095367432,42.31157684326172,42.36436080932617,45.21935272216797,-0.8243653178215027,46.0437126159668,-0.5299063324928284,0.9998992085456848,3.814697265625e-06
14,6,-0.10077500343322754,0.9900000095367432,42.36436080932617,44.31648254394531,45.968936920166016,-0.7579959630966187,46.7269287109375,0.830253541469574,0.9999215602874756,2.9802322387695312e-08
14,7,-0.09850800037384033,0.9900000095367432,44.31648254394531,46.104915618896484,46.651832580566406,-0.6987995505332947,47.350624084472656,0.9982056617736816,0.9999704360961914,1.5795230865478516e-06
14,8,-0.10001134872436523,0.9900000095367432,46.104915618896484,48.040225982666016,47.28139114379883,-0.6382685303688049,47.919654846191406,0.9880668520927429,0.9999881982803345,5.960464477539063e-08
14,9,-0.10633420944213867,0.9900000095367432,48.040225982666016,49.19212341308594,47.85051345825195,-0.5723096132278442,48.422821044921875,0.76963871717453,0.9999953508377075,2.9802322387695312e-08
14,10,-0.1161576509475708,0.9900000095367432,49.19212341308594,48.11751937866211,48.4017448425293,-0.49545496702194214,48.89719772338867,-0.7687419652938843,0.9999990463256836,0.0
14,11,-0.11545407772064209,0.9900000095367432,48.11751937866211,48.93173599243164,49.054847717285156,-0.40329328179359436,49.4581413269043,-0.9607221484184265,0.9999860525131226,0.0
14,12,-0.11066794395446777,0.9900000095367432,48.93173599243164,50.146663665771484,49.70566940307617,-0.306049108505249,50.01171875,-0.11473594605922699,0.9999525547027588,0.0
14,13,-0.10452759265899658,0.9900000095367432,50.146663665771484,51.51339340209961,50.328636169433594,-0.20774178206920624,50.536376953125,0.9921255111694336,0.9999972581863403,0.0
14,14,-0.10974395275115967,0.9900000095367432,51.51339340209961,51.53767013549805,50.91254806518555,-0.10974395275115967,51.02229309082031,0.9961161017417908,0.9999970197677612,0.0
15,0,-0.08380746841430664,0.9900000095367432,26.176132202148438,23.979429244995117,19.103069305419922,-0.9892958402633667,20.092363357543945,0.2944147288799286,0.9999991655349731,2.9802322387695312e-08
15,1,-0.07670450210571289,0.9900000095367432,23.979429244995117,24.638601303100586,19.13864517211914,-0.9627733826637268,20.101417541503906,-0.9931389689445496,0.9999971389770508,0.0
15,2,-0.07741320133209229,0.9900000095367432,24.638601303100586,26.86171531677246,19.13422393798828,-0.9421253204345703,20.076351165771484,-0.9969029426574707,0.9999927282333374,2.9802322387695312e-08
15,3,-0.08373486995697021,0.9900000095367432,26.86171531677246,27.930715560913086,19.013273239135742,-0.9194174408912659,19.93269157409668,-0.9381211996078491,0.9999275803565979,2.9802322387695312e-08
15,4,-0.09348678588867188,0.9900000095367432,27.930715560913086,27.17074966430664,18.835128784179688,-0.8885513544082642,19.72368049621582,0.011582683771848679,0.9997865557670593,2.9802322387695312e-08
15,5,-0.10174453258514404,0.9900000095367432,27.17074966430664,25.845314025878906,18.696081161499023,-0.8453637361526489,19.54144287109375,0.8613463640213013,0.9999125003814697,2.9802322387695312e-08
15,6,-0.10690200328826904,0.9900000095367432,25.845314025878906,25.056215286254883,18.62677574157715,-0.7906637191772461,19.417438507080078,0.684291660785675,0.9999680519104004,0.0
15,7,-0.10977613925933838,0.9900000095367432,25.056215286254883,24.221120834350586,18.600099563598633,-0.7270193696022034,19.327119827270508,0.8513380885124207,0.9999836683273315,0.0
15,8,-0.11164736747741699,0.9900000095367432,24.221120834350586,23.241626739501953,18.618743896484375,-0.6562926173210144,19.275039672851562,0.7220351696014404,0.9999871253967285,0.0
15,9,-0.11225724220275879,0.9900000095367432,23.241626739501953,22.382089614868164,18.69211196899414,-0.5791018009185791,19.271217346191406,0.8750268220901489,0.9999818801879883,0.0
15,10,-0.11257338523864746,0.9900000095367432,22.382089614868164,21.54507827758789,18.816009521484375,-0.49637913703918457,19.31239128112793,0.8281098008155823,0.9999998807907104,0.0
15,11,-0.11240804195404053,0.9900000095367432,21.54507827758789,20.947500228881836,18.992136001586914,-0.4080869257450104,19.400222778320312,0.8362134099006653,0.9999935626983643,0.0
15,12,-0.11201071739196777,0.9900000095367432,20.947500228881836,20.511486053466797,19.210676193237305,-0.3143847584724426,19.525062561035156,0.8149437308311462,0.9999862909317017,0.0
15,13,-0.11126923561096191,0.9900000095367432,20.511486053466797,20.26597023010254,19.4655704498291,-0.21517708897590637,19.680747985839844,0.8388926982879639,0.9999998807907104,0.0
15,14,-0.11048150062561035,0.9900000095367432,20.26597023010254,20.059803009033203,19.74872398376465,-0.11048150062561035,19.85920524597168,0.769284725189209,0.9999982118606567,0.0
16,0,-0.11550426483154297,0.9900000095367432,51.510921478271484,51.738792419433594,51.2346305847168,-0.9428340196609497,52.17745590209961,0.06668389588594437,0.9975330829620361,2.682209014892578e-07
16,1,-0.1101762056350708,0.9900000095367432,51.738792419433594,52.74797439575195,51.875667572021484,-0.8796701431274414,52.75532913208008,0.9953468441963196,0.996239185333252,1.475214958190918e-05
16,2,-0.10745799541473389,0.9900000095367432,52.74797439575195,53.83631896972656,52.498477935791016,-0.8181753754615784,53.316646575927734,0.9968001842498779,0.9994924068450928,3.874301910400391e-06
16,3,-0.10584032535552979,0.9900000095367432,53.83631896972656,54.61838150024414,53.10051727294922,-0.7556803822517395,53.85619354248047,0.9441937804222107,0.999931812286377,8.344650268554688e-07
16,4,-0.11023712158203125,0.9900000095367432,54.61838150024414,55.567466735839844,53.6977653503418,-0.6909516453742981,54.38871383666992,0.13968832790851593,0.9998568296432495,8.344650268554688e-07
16,5,-0.11217963695526123,0.9900000095367432,55.567466735839844,57.65275955200195,54.28752136230469,-0.6174529790878296,54.904972076416016,-0.657519519329071,0.9999173879623413,0.0
16,6,-0.10628175735473633,0.9900000095367432,57.65275955200195,59.5497932434082,54.80690002441406,-0.5372390747070312,55.344139099121094,-0.9021223783493042,0.9999296069145203,0.0
16,7,-0.09990811347961426,0.9900000095367432,59.5497932434082,59.79071044921875,55.25302505493164,-0.45822152495384216,55.711246490478516,-0.9718229174613953,0.9999479055404663,6.258487701416016e-06
16,8,-0.08851087093353271,0.9900000095367432,59.79071044921875,59.305721282958984,55.70791244506836,-0.38098183274269104,56.088897705078125,-0.2293756902217865,0.9991126656532288,5.960464477539063e-08
16,9,-0.06623101234436035,0.9900000095367432,59.305721282958984,59.058101654052734,56.204986572265625,-0.3109739124774933,56.51596450805664,0.9941952228546143,0.9996436238288879,4.172325134277344e-07
16,10,-0.06307065486907959,0.9900000095367432,59.058101654052734,59.16038131713867,56.72285079956055,-0.26022636890411377,56.98308563232422,0.9998036026954651,0.9994397759437561,8.940696716308594e-08
16,11,-0.05597532168030739,0.9900000095367432,59.16038131713867,59.23646926879883,57.26473617553711,-0.2096286118030548,57.474369049072266,0.998951256275177,0.9998300075531006,8.940696716308594e-08
16,12,-0.05220675840973854,0.9900000095367432,59.23646926879883,59.44486618041992,57.82935333251953,-0.16337403655052185,57.992733001708984,0.9739648103713989,0.99997878074646,2.9802322387695312e-08
16,13,-0.058846477419137955,0.9900000095367432,59.44486618041992,59.28877639770508,58.41471862792969,-0.11820019036531448,58.532920837402344,0.6098051071166992,0.9999994039535522,0.0
16,14,-0.06310868263244629,0.9900000095367432,59.28877639770508,59.71262741088867,59.05238723754883,-0.06310868263244629,59.11549758911133,0.03513230010867119,0.9999974370002747,5.960464477539063e-08
17,0,-0.10125899314880371,0.9900000095367432,44.62815475463867,47.31056594848633,54.14028549194336,-0.7921191453933716,54.932411193847656,-1.0,0.9999978542327881,1.0102987289428711e-05
17,1,-0.10899794101715088,0.9900000095367432,47.31056594848633,48.99605178833008,55.18306350708008,-0.734566867351532,55.91763687133789,-1.0,0.9987697005271912,5.066394805908203e-07
17,2,-0.11141788959503174,0.9900000095367432,48.99605178833008,50.98043441772461,56.21133041381836,-0.6651450395584106,56.87648391723633,-1.0,0.9999899864196777,1.3709068298339844e-06
17,3,-0.1109776496887207,0.9900000095367432,50.98043441772461,53.61080551147461,57.20278549194336,-0.5887582302093506,57.79154968261719,-1.0,0.9998781681060791,1.817941665649414e-06
17,4,-0.10745406150817871,0.9900000095367432,53.61080551147461,56.729061126708984,58.11804962158203,-0.5080070495605469,58.62606430053711,-1.0,0.9999854564666748,6.8247318267822266e-06
17,5,-0.09908628463745117,0.9900000095367432,56.729061126708984,59.8425407409668,58.9233512878418,-0.425893634557724,59.34925842285156,-1.0,0.9996048808097839,1.5497207641601562e-06
17,6,-0.0832594633102417,0.9900000095367432,59.8425407409668,62.41014099121094,59.606842041015625,-0.3474825620651245,59.95433807373047,-1.0,0.9999940395355225,9.59634780883789e-06
17,7,-0.06055009737610817,0.9900000095367432,62.41014099121094,64.20594787597656,60.18160629272461,-0.2809389531612396,60.46255874633789,-1.0,0.9998712539672852,4.76837158203125e-06
17,8,-0.03731739893555641,0.9900000095367432,64.20594787597656,65.17595672607422,60.674068450927734,-0.23433156311511993,60.908416748046875,-0.9999994039535522,0.9999077916145325,1.004338264465332e-05
17,9,-0.021333221346139908,0.9900000095367432,65.17595672607422,65.37065887451172,61.1219367980957,-0.20947811007499695,61.331424713134766,-0.9998375773429871,0.9997225999832153,4.738569259643555e-06
17,10,-0.01902628317475319,0.9900000095367432,65.37065887451172,64.79596710205078,61.57088851928711,-0.20004773139953613,61.77094650268555,-0.928034782409668,0.9998588562011719,3.069639205932617e-06
17,11,-0.05268693342804909,0.9900000095367432,64.79596710205078,64.65921783447266,62.0760383605957,-0.1924736201763153,62.26852035522461,0.9338293075561523,0.9968907833099365,2.9802322387695312e-08
17,12,-0.06997644901275635,0.9900000095367432,64.65921783447266,64.38611602783203,62.6561393737793,-0.14863018691539764,62.80477523803711,1.0,0.9983023405075073,2.086162567138672e-07
17,13,-0.05686641111969948,0.9900000095367432,64.38611602783203,64.23925018310547,63.305694580078125,-0.08362970501184464,63.38932800292969,1.0,0.9987537860870361,1.7583370208740234e-06
17,14,-0.02845645323395729,0.9900000095367432,64.23925018310547,64.66524505615234,63.990135192871094,-0.02845645323395729,64.01859283447266,1.0,0.999702513217926,0.0
18,0,0.029783125966787338,0.9900000095367432,58.00132751464844,60.67494201660156,59.45771408081055,-0.48194003105163574,59.939674377441406,0.9999998211860657,0.9996760487556458,0.0
18,1,-0.002238873392343521,0.9900000095367432,60.67494201660156,60.74234390258789,59.99417495727539,-0.5440969467163086,60.538291931152344,0.9999998211860657,0.9999735355377197,1.4901161193847656e-07
18,2,-0.025252584367990494,0.9900000095367432,60.74234390258789,61.994056701660156,60.59507751464844,-0.5761383175849915,61.171234130859375,0.9999349117279053,0.9999467730522156,2.9802322387695312e-08
18,3,-0.04408550634980202,0.9900000095367432,61.994056701660156,62.84454345703125,61.19258499145508,-0.5857371091842651,61.77833557128906,0.8955302238464355,1.0,0.0
18,4,-0.08866071701049805,0.9900000095367432,62.84454345703125,60.55196762084961,61.803157806396484,-0.5759187936782837,62.379085540771484,-0.9094734191894531,0.9999752640724182,0.0
18,5,-0.09434127807617188,0.9900000095367432,60.55196762084961,61.91666030883789,62.62040710449219,-0.5180840492248535,63.13850402832031,-0.9949663281440735,0.999998927116394,0.0
18,6,-0.0943378210067749,0.9900000095367432,61.91666030883789,62.789127349853516,63.42357635498047,-0.45055055618286133,63.874141693115234,-0.9842482805252075,0.9999996423721313,0.0
18,7,-0.07836353778839111,0.9900000095367432,62.789127349853516,63.75564956665039,64.23163604736328,-0.37874823808670044,64.61039733886719,-0.7650495767593384,0.999994158744812,0.0
18,8,-0.002338770776987076,0.9900000095367432,63.75564956665039,66.42769622802734,65.02295684814453,-0.3193883001804352,65.34236145019531,0.957031786441803,0.9999607801437378,0.0
18,9,-0.024664167314767838,0.9900000095367432,66.42769622802734,66.67488861083984,65.64288330078125,-0.33710744976997375,65.9800033569336,0.9997621178627014,0.9997755289077759,2.9802322387695312e-08
18,10,-0.04943550005555153,0.9900000095367432,66.67488861083984,67.35523223876953,66.31275177001953,-0.3322097659111023,66.64497375488281,0.9929365515708923,0.9999924898147583,2.9802322387695312e-08
18,11,-0.08139681816101074,0.9900000095367432,67.35523223876953,67.79951477050781,67.01553344726562,-0.3006637692451477,67.31620025634766,0.34412485361099243,0.999991774559021,0.0
18,12,-0.09463441371917725,0.9900000095367432,67.79951477050781,68.5834732055664,67.77337646484375,-0.23313869535923004,68.00651550292969,-0.20968535542488098,0.9999895095825195,0.0
18,13,-0.07070374488830566,0.9900000095367432,68.5834732055664,69.552734375,68.55196380615234,-0.14726664125919342,68.69923400878906,0.6566096544265747,0.9999997019767761,0.0
18,14,-0.0814065933227539,0.9900000095367432,69.552734375,70.08562469482422,69.30335998535156,-0.0814065933227539,69.384765625,0.43340590596199036,0.9999951124191284,0.0
19,0,0.03672933205962181,0.9900000095367432,50.11797332763672,49.5137825012207,47.28788375854492,-0.5929298400878906,47.88082504272461,0.9999999403953552,0.9998461008071899,5.960464477539063e-08
19,1,0.02175140008330345,0.9900000095367432,49.5137825012207,48.81788635253906,47.63447570800781,-0.6694940328598022,48.303977966308594,0.9999996423721313,0.9999289512634277,0.0
19,2,-0.013612870126962662,0.9900000095367432,48.81788635253906,49.33408737182617,48.055545806884766,-0.7349765300750732,48.79052734375,0.9999287724494934,0.9999065399169922,0.0
19,3,-0.04083466902375221,0.9900000095367432,49.33408737182617,49.98269271850586,48.51368713378906,-0.7670001983642578,49.28068923950195,0.9965506792068481,0.9999779462814331,0.0
19,4,-0.06184983626008034,0.9900000095367432,49.98269271850586,50.83047103881836,48.99562072753906,-0.772105872631073,49.76772689819336,0.9273779392242432,0.999992847442627,0.0
19,5,-0.07463157176971436,0.9900000095367432,50.83047103881836,52.16341781616211,49.48576736450195,-0.755189836025238,50.2409553527832,0.22258904576301575,0.9999969601631165,0.0
19,6,-0.08624303340911865,0.9900000095367432,52.16341781616211,53.8591423034668,49.950355529785156,-0.7236132621765137,50.67396926879883,-0.04728040471673012,0.999999463558197,0.0
19,7,-0.09480726718902588,0.9900000095367432,53.8591423034668,54.923343658447266,50.367431640625,-0.6776929497718811,51.04512405395508,-0.41276946663856506,0.9999991655349731,0.0
19,8,-0.10064816474914551,0.9900000095367432,54.923343658447266,55.475914001464844,50.76399230957031,-0.6197615265846252,51.383750915527344,-0.17692512273788452,0.9999980926513672,0.0
19,9,-0.10414183139801025,0.9900000095367432,55.475914001464844,55.47906494140625,51.16276550292969,-0.5519546270370483,51.714717864990234,-0.36919042468070984,0.9999997615814209,0.0
19,10,-0.1068575382232666,0.9900000095367432,55.47906494140625,55.60725402832031,51.59031677246094,-0.4761433005332947,52.06645965576172,-0.20747733116149902,0.9999902248382568,0.0
19,11,-0.10821318626403809,0.9900000095367432,55.60725402832031,55.240440368652344,52.04106140136719,-0.3926483392715454,52.43370819091797,-0.10581396520137787,0.999994158744812,0.0
19,12,-0.10833656787872314,0.9900000095367432,55.240440368652344,54.886600494384766,52.54106140136719,-0.302429735660553,52.84349060058594,-0.006037519313395023,0.9999933242797852,1.1920928955078125e-07
19,13,-0.10699892044067383,0.9900000095367432,54.886600494384766,54.43600082397461,53.09144973754883,-0.20637233555316925,53.297821044921875,0.1608782410621643,0.9999922513961792,1.1920928955078125e-07
19,14,-0.10566020011901855,0.9900000095367432,54.43600082397461,54.34809494018555,53.698951721191406,-0.10566020011901855,53.80461120605469,0.1836603879928589,0.99998939037323,2.9802322387695312e-08
20,0,0.3738577365875244,0.9900000095367432,85.86445617675781,86.88516998291016,89.99286651611328,6.671086311340332,83.32178497314453,-0.9998371601104736,1.0,0.0
20,1,0.47707319259643555,0.9900000095367432,86.88516998291016,90.30152130126953,90.71578216552734,6.695618152618408,84.02017211914062,-0.9998732805252075,1.0,0.0
20,2,0.5250134468078613,0.9900000095367432,90.30152130126953,92.1010971069336,91.19487762451172,6.611956596374512,84.58293151855469,-0.9996271133422852,0.9999998807907104,0.0
20,3,0.5752487182617188,0.9900000095367432,92.1010971069336,93.36122131347656,91.55858612060547,6.472029209136963,85.0865707397461,-0.9968715906143188,0.9999939799308777,0.0
20,4,0.654010534286499,0.9900000095367432,93.36122131347656,94.01740264892578,91.82557678222656,6.269835472106934,85.55575561523438,-0.7635266780853271,0.9998217821121216,0.0
20,5,0.8567166328430176,0.9900000095367432,94.01740264892578,95.8894271850586,91.9911880493164,5.971105575561523,86.02008819580078,0.9425327181816101,0.9999892115592957,2.9802322387695312e-08
20,6,0.8530324697494507,0.9900000095367432,95.8894271850586,94.706298828125,91.85320281982422,5.437946796417236,86.41526794433594,0.9992826581001282,0.9999994039535522,0.0
20,7,0.8527075052261353,0.9900000095367432,94.706298828125,94.08560943603516,91.7726821899414,4.874975204467773,86.89772033691406,0.9497281908988953,0.9999997615814209,0.0
20,8,0.6666250228881836,0.9900000095367432,94.08560943603516,92.33589172363281,91.72008514404297,4.2767333984375,87.44336700439453,-0.7918652296066284,0.999979555606842,0.0
20,9,0.6774396896362305,0.9900000095367432,92.33589172363281,93.57606506347656,91.9541015625,3.838499069213867,88.1156234741211,-0.7311518788337708,0.9999999403953552,0.0
20,10,0.752456545829773,0.9900000095367432,93.57606506347656,94.5975112915039,92.12615966796875,3.36104154586792,88.76512908935547,0.1341201215982437,0.9999895095825195,0.0
20,11,0.8074911832809448,0.9900000095367432,94.5975112915039,93.92479705810547,92.17557525634766,2.7736148834228516,89.40196990966797,0.9583004713058472,0.9999999403953552,0.0
20,12,0.7861471176147461,0.9900000095367432,93.92479705810547,92.5701675415039,92.20500946044922,2.0905089378356934,90.114501953125,0.6419150233268738,0.9999971389770508,0.0
20,13,0.7005856037139893,0.9900000095367432,92.5701675415039,91.28775787353516,92.33029174804688,1.3868811130523682,90.94341278076172,-0.8248628973960876,0.9999995827674866,0.0
20,14,0.7297134399414062,0.9900000095367432,91.28775787353516,92.82046508789062,92.6219711303711,0.7297134399414062,91.89225769042969,-0.08159506320953369,0.9999748468399048,0.0
21,0,0.6986191272735596,0.9900000095367432,75.96348571777344,76.84104919433594,69.90947723388672,3.3893609046936035,66.5201187133789,0.9989374876022339,0.9999988079071045,0.0
21,1,0.5371564626693726,0.9900000095367432,76.84104919433594,76.38687133789062,69.54515838623047,2.8609695434570312,66.68419647216797,0.9948702454566956,0.9999969005584717,0.0
21,2,0.4390188455581665,0.9900000095367432,76.38687133789062,75.81122589111328,69.35337829589844,2.470827102661133,66.88255310058594,0.8258169889450073,0.9999903440475464,0.0
21,3,0.3725928068161011,0.9900000095367432,75.81122589111328,75.55538940429688,69.28411102294922,2.160348892211914,67.12376403808594,-0.3646490275859833,0.9999995231628418,0.0
21,4,0.29119157791137695,0.9900000095367432,75.55538940429688,76.57837677001953,69.2945556640625,1.9008569717407227,67.39369201660156,-0.7589141726493835,0.9999995231628418,0.0
21,5,0.21091127395629883,0.9900000095367432,76.57837677001953,75.95549011230469,69.33837127685547,1.711499571800232,67.6268539428711,-0.5711142420768738,0.9999978542327881,0.0
21,6,0.11806786060333252,0.9900000095367432,75.95549011230469,75.31901550292969,69.50309753417969,1.5955219268798828,67.90755462646484,-0.0037511084228754044,0.9999617338180542,0.0
21,7,0.12460160255432129,0.9900000095367432,75.31901550292969,73.77735137939453,69.81046295166016,1.5709240436553955,68.23951721191406,0.26887819170951843,0.9999865889549255,0.0
21,8,0.1801908016204834,0.9900000095367432,73.77735137939453,73.15303802490234,70.21146392822266,1.537822961807251,68.67362213134766,0.4860840141773224,0.9999531507492065,0.0
21,9,0.24666690826416016,0.9900000095367432,73.15303802490234,72.76728820800781,70.61157989501953,1.4435217380523682,69.16804504394531,0.357877254486084,0.9999998211860657,0.0
21,10,0.27986109256744385,0.9900000095367432,72.76728820800781,72.8436050415039,70.98663330078125,1.2725729942321777,69.71405029296875,-0.06791011244058609,0.999998927116394,0.0
21,11,0.2435598373413086,0.9900000095367432,72.8436050415039,73.27930450439453,71.34610748291016,1.0555150508880615,70.29058074951172,0.07560040056705475,0.9999920129776001,0.0
21,12,0.25119471549987793,0.9900000095367432,73.27930450439453,73.00373077392578,71.7439956665039,0.8633228540420532,70.88066101074219,0.3741875886917114,0.9998931288719177,0.0
21,13,0.31035304069519043,0.9900000095367432,73.00373077392578,72.72200775146484,72.17343139648438,0.6508539319038391,71.52256774902344,0.4055110216140747,0.9999991655349731,0.0
21,14,0.3620424270629883,0.9900000095367432,72.72200775146484,72.94940948486328,72.58196258544922,0.3620424270629883,72.21991729736328,0.3777569830417633,0.9997183084487915,0.0
22,0,-0.08921849727630615,0.9900000095367432,62.67243576049805,64.58316040039062,55.55876922607422,-0.22572782635688782,55.78449630737305,1.0,0.9999271035194397,0.0
22,1,-0.09059739112854004,0.9900000095367432,64.58316040039062,62.08645248413086,55.76940155029297,-0.1451454907655716,55.914546966552734,1.0,0.9999829530715942,0.0
22,2,-0.06721735000610352,0.9900000095367432,62.08645248413086,61.48739242553711,56.1262321472168,-0.05799904465675354,56.184226989746094,0.9998554587364197,0.9999991059303284,0.0
22,3,-0.025887135416269302,0.9900000095367432,61.48739242553711,60.500282287597656,56.512306213378906,0.009801492094993591,56.502498626708984,0.986963152885437,0.9999961853027344,0.0
22,4,0.0032174549996852875,0.9900000095367432,60.500282287597656,58.879966735839844,56.93081283569336,0.037946444004774094,56.892860412597656,0.8126683235168457,0.9999970197677612,0.0
22,5,0.007520075887441635,0.9900000095367432,58.879966735839844,56.820068359375,57.43013000488281,0.036926090717315674,57.3931999206543,0.41404813528060913,0.9999850988388062,0.0
22,6,0.024927493184804916,0.9900000095367432,56.820068359375,56.709964752197266,58.064876556396484,0.031266361474990845,58.03360366821289,0.38062357902526855,1.0,0.0
22,7,0.04879307374358177,0.9900000095367432,56.709964752197266,57.55180358886719,58.72706604003906,0.006739892065525055,58.72031784057617,0.41893598437309265,0.9999916553497314,0.0
22,8,0.06994485855102539,0.9900000095367432,57.55180358886719,59.325714111328125,59.36146545410156,-0.04471364617347717,59.40617370605469,0.47575485706329346,0.9999992847442627,0.0
22,9,0.0551607571542263,0.9900000095367432,59.325714111328125,60.7058219909668,59.920143127441406,-0.12191228568553925,60.04205322265625,0.34381818771362305,0.9999999403953552,0.0
22,10,0.008670445531606674,0.9900000095367432,60.7058219909668,61.39483642578125,60.45724868774414,-0.18827544152736664,60.64552307128906,0.09455657005310059,1.0,0.0
22,11,-0.03460514917969704,0.9900000095367432,61.39483642578125,61.91242599487305,61.04150390625,-0.20940551161766052,61.25090789794922,-0.04009886085987091,0.9999978542327881,0.0
22,12,-0.05752420797944069,0.9900000095367432,61.91242599487305,63.05776596069336,61.68149185180664,-0.18585896492004395,61.867347717285156,0.14329873025417328,0.999999463558197,0.0
22,13,-0.06605815887451172,0.9900000095367432,63.05776596069336,63.843441009521484,62.32605743408203,-0.1364537626504898,62.46250915527344,0.3309777081012726,0.9999982118606567,0.0
22,14,-0.07484912872314453,0.9900000095367432,63.843441009521484,63.690879821777344,62.979122161865234,-0.07484912872314453,63.05397033691406,0.20363841950893402,0.9999998807907104,0.0
23,0,0.008223887532949448,0.9900000095367432,55.43002700805664,54.62925338745117,47.147979736328125,0.809396505355835,46.338584899902344,1.0,0.9992060661315918,1.1920928955078125e-07
23,1,0.010522719472646713,0.9900000095367432,54.62925338745117,54.131778717041016,47.246788024902344,0.8518581986427307,46.394935607910156,1.0,0.9997899532318115,0.0
23,2,0.033098217099905014,0.9900000095367432,54.131778717041016,53.01102066040039,47.37559509277344,0.8945618867874146,46.48103332519531,1.0,0.9999917149543762,0.0
23,3,0.07028043270111084,0.9900000095367432,53.01102066040039,52.4121208190918,47.54753112792969,0.9159634709358215,46.63156509399414,0.9999998807907104,0.9999746680259705,1.7881393432617188e-07
23,4,0.10993635654449463,0.9900000095367432,52.4121208190918,52.300716400146484,47.722328186035156,0.89918452501297,46.82313919067383,0.999997615814209,0.9999890327453613,0.0
23,5,0.14511549472808838,0.9900000095367432,52.300716400146484,52.46489715576172,47.871883392333984,0.8391793370246887,47.03269958496094,0.9999783039093018,0.9996953010559082,0.0
23,6,0.16880309581756592,0.9900000095367432,52.46489715576172,52.64506530761719,47.9848518371582,0.7379732728004456,47.24687576293945,0.9998803734779358,0.9999908804893494,0.0
23,7,0.17334342002868652,0.9900000095367432,52.64506530761719,52.70866012573242,48.0703010559082,0.6051782369613647,47.46512222290039,0.9993013739585876,0.9999946355819702,0.0
23,8,0.1587737798690796,0.9900000095367432,52.70866012573242,52.57402420043945,48.15298080444336,0.45915454626083374,47.69382858276367,0.9965497255325317,0.9999951124191284,0.0
23,9,0.13084542751312256,0.9900000095367432,52.57402420043945,52.25771713256836,48.26346969604492,0.3193841278553009,47.944087982177734,0.980076014995575,0.9999278783798218,0.0
23,10,0.10079467296600342,0.9900000095367432,52.25771713256836,51.722415924072266,48.42729187011719,0.20046645402908325,48.226829528808594,0.832456111907959,0.9998769164085388,0.0
23,11,0.07593190670013428,0.9900000095367432,51.722415924072266,51.05178451538086,48.66160583496094,0.10597743093967438,48.555633544921875,0.4377993643283844,0.9999977350234985,0.0
23,12,0.04164564236998558,0.9900000095367432,51.05178451538086,50.685394287109375,48.97247314453125,0.0319463275372982,48.94053268432617,-0.05758661776781082,0.9999998807907104,0.0
23,13,0.006419535726308823,0.9900000095367432,50.685394287109375,50.61367416381836,49.35874557495117,-0.010312933474779129,49.36906051635742,-0.17427773773670197,0.9999998807907104,0.0
23,14,-0.017791036516427994,0.9900000095367432,50.61367416381836,50.33179473876953,49.81068420410156,-0.017791036516427994,49.82847595214844,-0.3362842798233032,0.999998927116394,0.0
24,0,-0.11120641231536865,0.9900000095367432,38.83571243286133,39.95463943481445,38.65290451049805,-1.1114944219589233,39.76438903808594,0.9999993443489075,0.9999475479125977,2.9802322387695312e-08
24,1,-0.11133968830108643,0.9900000095367432,39.95463943481445,40.31513977050781,39.113616943359375,-1.063570499420166,40.17717742919922,0.9999968409538269,0.9998130798339844,2.086162567138672e-07
24,2,-0.11118078231811523,0.9900000095367432,40.31513977050781,41.23482894897461,39.58464050292969,-1.0124728679656982,40.59710693359375,0.9998648762702942,0.9999608993530273,2.9802322387695312e-08
24,3,-0.11086404323577881,0.9900000095367432,41.23482894897461,41.94147872924805,40.03689193725586,-0.9583116173744202,40.99519729614258,0.9967906475067139,0.9998514652252197,2.9802322387695312e-08
24,4,-0.11075341701507568,0.9900000095367432,41.94147872924805,42.555076599121094,40.480228424072266,-0.9010607004165649,41.381282806396484,0.9233195185661316,0.999966561794281,2.9802322387695312e-08
24,5,-0.11116147041320801,0.9900000095367432,42.555076599121094,42.95096969604492,40.91919708251953,-0.8403054475784302,41.75949478149414,0.4243430197238922,0.9999995231628418,0.0
24,6,-0.11014175415039062,0.9900000095367432,42.95096969604492,43.25474166870117,41.36553192138672,-0.7752727270126343,42.14080047607422,0.44457218050956726,0.9999994039535522,0.0
24,7,-0.10943973064422607,0.9900000095367432,43.25474166870117,43.4282341003418,41.82303237915039,-0.7072100043296814,42.530235290527344,0.5460405945777893,0.9999984502792358,0.0
24,8,-0.10952293872833252,0.9900000095367432,43.4282341003418,43.6286735534668,42.299598693847656,-0.635587751865387,42.9351806640625,0.35450664162635803,0.9999998807907104,0.0
24,9,-0.10914397239685059,0.9900000095367432,43.6286735534668,43.857330322265625,42.79585647583008,-0.5593458414077759,43.355194091796875,0.4992298483848572,1.0,0.0
24,10,-0.10901033878326416,0.9900000095367432,43.857330322265625,44.04644775390625,43.31106948852539,-0.47868356108665466,43.78974533081055,0.5140292048454285,0.9999997615814209,0.0
24,11,-0.10876643657684326,0.9900000095367432,44.04644775390625,44.375213623046875,43.84878158569336,-0.3930603265762329,44.24183654785156,0.47753193974494934,0.999998927116394,0.0
24,12,-0.10800647735595703,0.9900000095367432,44.375213623046875,44.835086822509766,44.40294647216797,-0.302279531955719,44.705223083496094,0.5995338559150696,0.9999924302101135,0.0
24,13,-0.1070716381072998,0.9900000095367432,44.835086822509766,45.37823486328125,44.9671630859375,-0.2065635621547699,45.17372512817383,0.6059392690658569,0.9999997615814209,0.0
24,14,-0.10578620433807373,0.9900000095367432,45.37823486328125,46.10432052612305,45.53749084472656,-0.10578620433807373,45.64327621459961,0.5394900441169739,1.0,0.0
25,0,-0.11676239967346191,0.9900000095367432,45.43551254272461,49.50887680053711,46.28832244873047,-1.0074691772460938,47.295806884765625,1.0,0.9976055026054382,2.9802322387695312e-08
25,1,-0.1158456802368164,0.9900000095367432,49.50887680053711,49.81747817993164,46.735137939453125,-0.9470567107200623,47.68220520019531,1.0,0.9996316432952881,0.0
25,2,-0.11443901062011719,0.9900000095367432,49.81747817993164,50.05868911743164,47.19300079345703,-0.8837969899177551,48.07680892944336,1.0,0.9993910193443298,0.0
25,3,-0.11210489273071289,0.9900000095367432,50.05868911743164,49.92962646484375,47.6656379699707,-0.818030834197998,48.483680725097656,1.0,0.9999908208847046,0.0
25,4,-0.1090017557144165,0.9900000095367432,49.92962646484375,49.92387008666992,48.172489166259766,-0.7505857944488525,48.92308807373047,1.0,0.999984085559845,0.0
25,5,-0.1049431562423706,0.9900000095367432,49.92387008666992,49.90452194213867,48.70840835571289,-0.6821733713150024,49.39059829711914,1.0,0.9999257326126099,2.9802322387695312e-08
25,6,-0.10038292407989502,0.9900000095367432,49.90452194213867,50.00419235229492,49.27493667602539,-0.6137481927871704,49.88869857788086,1.0,0.9999849200248718,0.0
25,7,-0.09566760063171387,0.9900000095367432,50.00419235229492,50.17361068725586,49.86721420288086,-0.5458428859710693,50.41306686401367,1.0,0.9999910593032837,0.0
25,8,-0.09139204025268555,0.9900000095367432,50.17361068725586,50.47090530395508,50.483028411865234,-0.47865527868270874,50.961692810058594,1.0,0.9999006986618042,0.0
25,9,-0.08774495124816895,0.9900000095367432,50.47090530395508,50.886600494384766,51.117610931396484,-0.41176313161849976,51.529380798339844,1.0,0.999907910823822,0.0
25,10,-0.08465158939361572,0.9900000095367432,50.886600494384766,51.44888687133789,51.76658248901367,-0.34451696276664734,52.11110305786133,1.0,0.9999898672103882,0.0
25,11,-0.08166611194610596,0.9900000095367432,51.44888687133789,52.15123748779297,52.42372512817383,-0.27630555629730225,52.700035095214844,1.0,0.9999752044677734,0.0
25,12,-0.0782320499420166,0.9900000095367432,52.15123748779297,52.99363327026367,53.08230209350586,-0.20695318281650543,53.28925704956055,1.0,0.9999995231628418,0.0
25,13,-0.0736539363861084,0.9900000095367432,52.99363327026367,53.950260162353516,53.73455810546875,-0.136864572763443,53.87142562866211,1.0,0.9999998807907104,0.0
25,14,-0.06720960140228271,0.9900000095367432,53.950260162353516,54.98997116088867,54.372859954833984,-0.06720960140228271,54.44007110595703,0.9999999403953552,0.9999960660934448,0.0
26,0,-0.11837291717529297,0.9900000095367432,20.680614471435547,21.997207641601562,24.94910430908203,-1.1962978839874268,26.145401000976562,0.997700035572052,0.9998631477355957,0.0
26,1,-0.11864125728607178,0.9900000095367432,21.997207641601562,24.4543514251709,25.495601654052734,-1.1461189985275269,26.641721725463867,0.9999998807907104,0.999937891960144,0.0
26,2,-0.11884915828704834,0.9900000095367432,24.4543514251709,27.62899398803711,25.9476375579834,-1.0924804210662842,27.040119171142578,1.0,0.9999948143959045,0.0
26,3,-0.11889386177062988,0.9900000095367432,27.62899398803711,29.66604232788086,26.261404037475586,-1.0352272987365723,27.296634674072266,1.0,0.9998575448989868,0.0
26,4,-0.11891031265258789,0.9900000095367432,29.66604232788086,30.947490692138672,26.48785972595215,-0.9743045568466187,27.462162017822266,1.0,0.9992948770523071,0.0
26,5,-0.11877703666687012,0.9900000095367432,30.947490692138672,31.501232147216797,26.661211013793945,-0.9095101356506348,27.57071876525879,1.0,0.9999878406524658,0.0
26,6,-0.11856019496917725,0.9900000095367432,31.501232147216797,31.731712341308594,26.816242218017578,-0.840758204460144,27.656999588012695,1.0,0.9997689723968506,0.0
26,7,-0.11829304695129395,0.9900000095367432,31.731712341308594,31.724369049072266,26.968721389770508,-0.76788729429245,27.736608505249023,0.9999999403953552,0.9999849200248718,0.0
26,8,-0.11803829669952393,0.9900000095367432,31.724369049072266,31.561079025268555,27.130950927734375,-0.6906903386116028,27.821640014648438,0.9999942779541016,0.9999988079071045,0.0
26,9,-0.11780166625976562,0.9900000095367432,31.561079025268555,31.243019104003906,27.311765670776367,-0.6088804006576538,27.920644760131836,0.9996049404144287,1.0,0.0
26,10,-0.11758112907409668,0.9900000095367432,31.243019104003906,30.867446899414062,27.5205078125,-0.522146463394165,28.042654037475586,0.9855549931526184,0.9999997615814209,0.0
26,11,-0.11755776405334473,0.9900000095367432,30.867446899414062,30.26723289489746,27.761987686157227,-0.43015986680984497,28.19214630126953,0.8033609986305237,0.9999994039535522,0.0
26,12,-0.11781704425811768,0.9900000095367432,30.26723289489746,29.401172637939453,28.050310134887695,-0.332378625869751,28.382688522338867,0.30135536193847656,0.9999990463256836,0.0
26,13,-0.11766886711120605,0.9900000095367432,29.401172637939453,29.68141746520996,28.402732849121094,-0.22813564538955688,28.63086700439453,0.12467645108699799,0.9999997615814209,0.0
26,14,-0.1174553632736206,0.9900000095367432,29.68141746520996,29.17171287536621,28.762540817260742,-0.1174553632736206,28.879995346069336,-0.4669075608253479,0.9999998807907104,0.0
27,0,-0.08356678485870361,0.9900000095367432,63.19538497924805,60.4882698059082,59.14154815673828,0.5422322750091553,58.59931564331055,-0.987187922000885,0.9999990463256836,0.0
27,1,-0.08061158657073975,0.9900000095367432,60.4882698059082,61.3714599609375,59.788352966308594,0.6653897762298584,59.122962951660156,-0.9897642731666565,0.9999997615814209,0.0
27,2,-0.08026123046875,0.9900000095367432,61.3714599609375,61.4147834777832,60.42645263671875,0.7931965589523315,59.63325500488281,-0.9567528367042542,0.9999901056289673,0.0
27,3,-0.0788804292678833,0.9900000095367432,61.4147834777832,62.036231994628906,61.10226821899414,0.9287164211273193,60.17354965209961,-0.9189959764480591,0.9999983906745911,0.0
27,4,-0.07209813594818115,0.9900000095367432,62.036231994628906,62.96622848510742,61.78666305541992,1.071341633796692,60.7153205871582,-0.7345022559165955,0.9999985694885254,2.9802322387695312e-08
27,5,0.035829540342092514,0.9900000095367432,62.96622848510742,64.21964263916016,62.458194732666016,1.2157785892486572,61.24241638183594,0.1114385575056076,0.9999984502792358,0.0
27,6,0.15790724754333496,0.9900000095367432,64.21964263916016,64.56786346435547,62.991485595703125,1.2545976638793945,61.73688888549805,0.785486102104187,0.9999996423721313,0.0
27,7,0.05432366952300072,0.9900000095367432,64.56786346435547,64.2959213256836,63.4103889465332,1.1660716533660889,62.24431610107422,0.18244168162345886,0.9998002648353577,0.0
27,8,0.07022356986999512,0.9900000095367432,64.2959213256836,64.41944885253906,63.98024368286133,1.1820818185806274,62.798160552978516,0.12195379287004471,0.9999911189079285,0.0
27,9,0.19539356231689453,0.9900000095367432,64.41944885253906,65.3930892944336,64.56273651123047,1.1821990013122559,63.38053894042969,0.6726074814796448,0.9999988079071045,0.0
27,10,0.17875051498413086,0.9900000095367432,65.3930892944336,65.69393157958984,64.99774932861328,1.0492349863052368,63.948516845703125,0.3839757740497589,0.9999984502792358,0.0
27,11,0.1966339349746704,0.9900000095367432,65.69393157958984,66.03180694580078,65.46215057373047,0.9255549907684326,64.53659057617188,0.09696906059980392,0.9997376203536987,0.0
27,12,0.2548896074295044,0.9900000095367432,66.03180694580078,66.83982849121094,65.91912841796875,0.7750356793403625,65.14408874511719,0.5809672474861145,0.9999816417694092,0.0
27,13,0.27622437477111816,0.9900000095367432,66.83982849121094,66.8410415649414,66.30055236816406,0.5530526638031006,65.74749755859375,0.3504996597766876,0.9999921321868896,0.0
27,14,0.2943415641784668,0.9900000095367432,66.8410415649414,67.05960845947266,66.68335723876953,0.2943415641784668,66.3890151977539,0.019517146050930023,0.9999996423721313,0.0
28,0,0.04656386002898216,0.9900000095367432,72.20117950439453,66.98318481445312,61.52481460571289,1.047226905822754,60.47758483886719,-0.9989123344421387,0.9999997615814209,0.0
28,1,0.030388589948415756,0.9900000095367432,66.98318481445312,65.52973175048828,61.842193603515625,1.0639692544937134,60.778221130371094,-0.9999244213104248,0.9999995231628418,0.0
28,2,0.013849254697561264,0.9900000095367432,65.52973175048828,63.90068054199219,62.27334976196289,1.0989693403244019,61.17437744140625,-0.9993647933006287,0.9998934864997864,0.0
28,3,0.008663889020681381,0.9900000095367432,63.90068054199219,63.04869842529297,62.835105895996094,1.1537693738937378,61.68133544921875,-0.9941592812538147,0.999997079372406,0.0
28,4,0.014607783406972885,0.9900000095367432,63.04869842529297,62.58784484863281,63.48275375366211,1.2175496816635132,62.26520538330078,-0.9429673552513123,0.9999839067459106,0.0
28,5,0.10703921318054199,0.9900000095367432,62.58784484863281,63.41874313354492,64.1893081665039,1.2790451049804688,62.91027069091797,-0.3316389322280884,0.9999950528144836,0.0
28,6,0.30792713165283203,0.9900000095367432,63.41874313354492,65.37113189697266,64.79855346679688,1.2461519241333008,63.55241012573242,0.9450643062591553,0.9999969005584717,0.0
28,7,0.22913742065429688,0.9900000095367432,65.37113189697266,66.10015106201172,65.12998962402344,0.9975808262825012,64.13241577148438,0.9936677813529968,0.9999808669090271,0.0
28,8,0.1758863925933838,0.9900000095367432,66.10015106201172,66.41636657714844,65.52780151367188,0.8170583844184875,64.71075439453125,0.9719317555427551,0.9999917149543762,0.0
28,9,0.12668657302856445,0.9900000095367432,66.41636657714844,66.98007202148438,65.99075317382812,0.6817352175712585,65.30902862548828,0.834319531917572,0.999998152256012,0.0
28,10,0.11424446105957031,0.9900000095367432,66.98007202148438,67.3644027709961,66.5056381225586,0.5901633501052856,65.91548156738281,0.660692036151886,0.9999917149543762,0.0
28,11,0.12556612491607666,0.9900000095367432,67.3644027709961,68.05532836914062,67.04609680175781,0.5060275793075562,66.54007720947266,0.6256625056266785,0.9999994039535522,0.0
28,12,0.13795697689056396,0.9900000095367432,68.05532836914062,68.40152740478516,67.57234954833984,0.4045310616493225,67.1678237915039,0.41057196259498596,0.9999988079071045,0.0
28,13,0.144508957862854,0.9900000095367432,68.40152740478516,68.9558334350586,68.10050201416016,0.28343868255615234,67.81706237792969,0.2982390224933624,0.9999995827674866,0.0
28,14,0.14771902561187744,0.9900000095367432,68.9558334350586,69.1698989868164,68.62592315673828,0.14771902561187744,68.47820281982422,0.08035963773727417,0.9999997019767761,0.0
29,0,-0.07823944091796875,0.9900000095367432,42.988162994384766,43.374534606933594,40.055965423583984,-1.0550916194915771,41.11104965209961,-0.9999999403953552,0.9999994039535522,4.76837158203125e-07
29,1,-0.09530138969421387,0.9900000095367432,43.374534606933594,44.412227630615234,40.3903923034668,-1.038651943206787,41.429039001464844,-1.0,0.9999842643737793,1.7881393432617188e-07
29,2,-0.10148108005523682,0.9900000095367432,44.412227630615234,46.116886138916016,40.70950698852539,-1.003030776977539,41.71253204345703,-0.9999999403953552,0.9999496936798096,5.960464477539062e-07
29,3,-0.10503816604614258,0.9900000095367432,46.116886138916016,47.817840576171875,40.965660095214844,-0.9585856199264526,41.92424011230469,-0.9999978542327881,0.9999964833259583,2.980232238769531e-07
29,4,-0.10667669773101807,0.9900000095367432,47.817840576171875,49.254676818847656,41.15227508544922,-0.9075464606285095,42.059818267822266,-0.9998851418495178,0.9999789595603943,2.9802322387695312e-08
29,5,-0.10746872425079346,0.9900000095367432,49.254676818847656,50.229942321777344,41.276817321777344,-0.851536214351654,42.12834930419922,-0.9969080090522766,0.9980337023735046,0.0
29,6,-0.10822737216949463,0.9900000095367432,50.229942321777344,50.42333221435547,41.35874938964844,-0.7911403775215149,42.14988327026367,-0.8913354277610779,0.9996144771575928,1.1920928955078125e-07
29,7,-0.1126699447631836,0.9900000095367432,50.42333221435547,48.828887939453125,41.43648910522461,-0.726116955280304,42.162601470947266,0.6918299794197083,0.999792754650116,8.940696716308594e-08
29,8,-0.1153419017791748,0.9900000095367432,48.828887939453125,47.5936393737793,41.60779571533203,-0.6522562503814697,42.26004409790039,0.999995768070221,0.9999261498451233,2.9802322387695312e-08
29,9,-0.11552298069000244,0.9900000095367432,47.5936393737793,46.93502426147461,41.857791900634766,-0.5708817839622498,42.42866516113281,0.9999998807907104,0.9998365640640259,5.960464477539063e-08
29,10,-0.11503660678863525,0.9900000095367432,46.93502426147461,46.49387741088867,42.1584587097168,-0.4841667115688324,42.642616271972656,0.9999999403953552,0.999947726726532,2.9802322387695312e-08
29,11,-0.11371636390686035,0.9900000095367432,46.49387741088867,45.93526077270508,42.50084686279297,-0.39248281717300415,42.89331817626953,0.9999999403953552,0.9999949932098389,0.0
29,12,-0.11118853092193604,0.9900000095367432,45.93526077270508,45.39875793457031,42.89289474487305,-0.2964023947715759,43.18928527832031,0.9999994039535522,0.9991052746772766,0.0
29,13,-0.10617601871490479,0.9900000095367432,45.39875793457031,44.85165023803711,43.335289001464844,-0.19693127274513245,43.5322151184082,0.9999849200248718,0.9999319911003113,0.0
29,14,-0.0964968204498291,0.9900000095367432,44.85165023803711,44.36932373046875,43.82913589477539,-0.0964968204498291,43.92563247680664,0.9994719624519348,0.9999834299087524,0.0
30,0,-0.10216116905212402,0.9900000095367432,53.8640251159668,51.24185562133789,50.24482727050781,-0.8723375201225281,51.11717224121094,-0.993040144443512,0.9999997019767761,0.0
30,1,-0.0999135971069336,0.9900000095367432,51.24185562133789,51.43770217895508,50.8352165222168,-0.8189009428024292,51.65412139892578,-0.9968399405479431,1.0,0.0
30,2,-0.10041403770446777,0.9900000095367432,51.43770217895508,50.97666549682617,51.45025634765625,-0.7644734978675842,52.2147331237793,-0.9954007863998413,0.9999998211860657,0.0
30,3,-0.10109245777130127,0.9900000095367432,50.97666549682617,50.813499450683594,52.12900161743164,-0.7060706615447998,52.83507537841797,-0.9853562116622925,0.9999997019767761,0.0
30,4,-0.09701788425445557,0.9900000095367432,50.813499450683594,50.83073043823242,52.8599967956543,-0.6432517170906067,53.50325012207031,-0.8257890343666077,0.999994695186615,0.0
30,5,-0.052628044039011,0.9900000095367432,50.83073043823242,53.168495178222656,53.63199996948242,-0.5807908773422241,54.21278762817383,0.7304027080535889,0.9999700784683228,0.0
30,6,-0.04996467009186745,0.9900000095367432,53.168495178222656,53.953556060791016,54.28260040283203,-0.5615766644477844,54.84417724609375,0.9996216297149658,0.9999985694885254,0.0
30,7,-0.05987286940217018,0.9900000095367432,53.953556060791016,56.069339752197266,54.93021011352539,-0.543978750705719,55.47418975830078,0.9989599585533142,0.9999991655349731,0.0
30,8,-0.06936430931091309,0.9900000095367432,56.069339752197266,57.526363372802734,55.517967224121094,-0.5147324800491333,56.0327033996582,0.9733370542526245,0.9999995231628418,0.0
30,9,-0.08490276336669922,0.9900000095367432,57.526363372802734,58.021663665771484,56.076316833496094,-0.47354400157928467,56.54986572265625,0.5822657346725464,0.9999991655349731,0.0
30,10,-0.08886659145355225,0.9900000095367432,58.021663665771484,58.631893157958984,56.66044235229492,-0.413228303194046,57.073673248291016,0.49183714389801025,1.0,0.0
30,11,-0.09044528007507324,0.9900000095367432,58.631893157958984,59.35587692260742,57.25362014770508,-0.34488219022750854,57.59850311279297,0.5586670637130737,0.9999992847442627,0.0
30,12,-0.09389925003051758,0.9900000095367432,59.35587692260742,59.464412689208984,57.847900390625,-0.27053365111351013,58.11843490600586,0.44878748059272766,0.9999990463256836,0.0
30,13,-0.09585940837860107,0.9900000095367432,59.464412689208984,59.795196533203125,58.47773742675781,-0.1878090500831604,58.66554641723633,0.4244353175163269,1.0,0.0
30,14,-0.09776675701141357,0.9900000095367432,59.795196533203125,59.82814407348633,59.1320915222168,-0.09776675701141357,59.2298583984375,0.33898937702178955,0.9999995231628418,0.0
31,0,-0.10847592353820801,0.9900000095367432,32.199405670166016,34.390655517578125,35.12715530395508,-1.164383053779602,36.29153060913086,1.0,0.9974987506866455,3.5762786865234375e-07
31,1,-0.11052346229553223,0.9900000095367432,34.390655517578125,34.756134033203125,35.65475082397461,-1.1227083206176758,36.7774543762207,1.0,0.9993025064468384,1.1920928955078125e-07
31,2,-0.11215078830718994,0.9900000095367432,34.756134033203125,35.913150787353516,36.19866180419922,-1.0762200355529785,37.274879455566406,1.0,0.9971802234649658,3.159046173095703e-06
31,3,-0.11414456367492676,0.9900000095367432,35.913150787353516,37.25718307495117,36.71782302856445,-1.0250602960586548,37.742881774902344,1.0,0.9998259544372559,2.9802322387695312e-08
31,4,-0.11585402488708496,0.9900000095367432,37.25718307495117,38.555519104003906,37.201210021972656,-0.9685441255569458,38.16975402832031,1.0,0.999854326248169,2.175569534301758e-06
31,5,-0.11705648899078369,0.9900000095367432,38.555519104003906,39.891929626464844,37.648658752441406,-0.9066349267959595,38.555294036865234,1.0,0.9997795820236206,0.0
31,6,-0.11762547492980957,0.9900000095367432,39.891929626464844,40.827449798583984,38.05535888671875,-0.8395304679870605,38.8948860168457,1.0,0.9999701976776123,0.0
31,7,-0.11787354946136475,0.9900000095367432,40.827449798583984,41.285579681396484,38.43915557861328,-0.767575740814209,39.20672607421875,0.9999999403953552,0.9999558925628662,0.0
31,8,-0.11793553829193115,0.9900000095367432,41.285579681396484,41.37862014770508,38.823387145996094,-0.6908050775527954,39.514183044433594,0.9999998211860657,0.9999736547470093,0.0
31,9,-0.11790752410888672,0.9900000095367432,41.37862014770508,41.45232009887695,39.227088928222656,-0.6091116666793823,39.8361930847168,0.999999463558197,0.9999948740005493,0.0
31,10,-0.11782979965209961,0.9900000095367432,41.45232009887695,41.6114501953125,39.65242385864258,-0.5222797393798828,40.17469787597656,0.9999986290931702,0.9999550580978394,0.0
31,11,-0.11774206161499023,0.9900000095367432,41.6114501953125,41.803077697753906,40.09620666503906,-0.4300372004508972,40.526241302490234,0.9999951124191284,0.9999995827674866,0.0
31,12,-0.11765050888061523,0.9900000095367432,41.803077697753906,41.94412612915039,40.557891845703125,-0.33205223083496094,40.88994216918945,0.9999849200248718,0.9999611377716064,0.0
31,13,-0.11754655838012695,0.9900000095367432,41.94412612915039,42.03518295288086,41.041259765625,-0.22796568274497986,41.26922607421875,0.9999459385871887,0.9999989867210388,0.0
31,14,-0.11740469932556152,0.9900000095367432,42.03518295288086,42.08859634399414,41.5503044128418,-0.11740469932556152,41.66770935058594,0.9997793436050415,0.9999983310699463,0.0
32,0,-0.10535478591918945,0.9900000095367432,61.80768966674805,61.87024688720703,60.09030532836914,-0.2779296338558197,60.36823272705078,0.42634764313697815,0.9997222423553467,6.67572021484375e-06
32,1,-0.10008633136749268,0.9900000095367432,61.87024688720703,62.616512298583984,60.747562408447266,-0.18349266052246094,60.931053161621094,0.9980717301368713,0.9996523857116699,3.4481287002563477e-05
32,2,-0.09836852550506592,0.9900000095367432,62.616512298583984,63.179264068603516,61.40152359008789,-0.08868297189474106,61.490203857421875,0.9989962577819824,0.999695897102356,5.960464477539063e-08
32,3,-0.0986630916595459,0.9900000095367432,63.179264068603516,63.51091384887695,62.06541442871094,0.010298304259777069,62.055110931396484,0.980617344379425,0.9999951124191284,2.086162567138672e-07
32,4,-0.10497987270355225,0.9900000095367432,63.51091384887695,63.82004165649414,62.7541618347168,0.11585475504398346,62.638301849365234,0.3381926417350769,0.9999892711639404,0.0
32,5,-0.10990393161773682,0.9900000095367432,63.82004165649414,66.17020416259766,63.4769287109375,0.23480555415153503,63.24211502075195,-0.8325483202934265,0.9999985694885254,0.0
32,6,-0.08854842185974121,0.9900000095367432,66.17020416259766,68.83935546875,64.12696075439453,0.3665172755718231,63.76043701171875,-0.8716186881065369,0.9999791383743286,0.0
32,7,-0.05249548330903053,0.9900000095367432,68.83935546875,69.78152465820312,64.6549301147461,0.48385506868362427,64.17106628417969,-0.911294162273407,0.9964599609375,2.9802322387695312e-08
32,8,0.04935252293944359,0.9900000095367432,69.78152465820312,69.71569061279297,65.12837982177734,0.5702823996543884,64.55809020996094,0.4887324571609497,0.9999892711639404,5.960464477539063e-08
32,9,0.08508491516113281,0.9900000095367432,69.71569061279297,68.95600128173828,65.5269546508789,0.5538860559463501,64.97306060791016,0.99989914894104,0.999988853931427,5.960464477539063e-08
32,10,0.09729158878326416,0.9900000095367432,68.95600128173828,68.1974868774414,65.9527359008789,0.49845942854881287,65.45426940917969,0.999895453453064,0.9999208450317383,2.9802322387695312e-08
32,11,0.10087800025939941,0.9900000095367432,68.1974868774414,67.8353500366211,66.4323959350586,0.42654740810394287,66.00584411621094,0.9946631193161011,0.9999781250953674,5.960464477539063e-08
32,12,0.03862785920500755,0.9900000095367432,67.8353500366211,67.39232635498047,66.95764923095703,0.34627261757850647,66.61137390136719,0.2585276663303375,0.9999841451644897,0.0
32,13,0.026100631803274155,0.9900000095367432,67.39232635498047,67.8570327758789,67.60563659667969,0.32710766792297363,67.27852630615234,-0.6977762579917908,0.9999996423721313,0.0
32,14,0.3200500011444092,0.9900000095367432,67.8570327758789,68.6499252319336,68.28347778320312,0.3200500011444092,67.96342468261719,0.23349398374557495,0.9999971389770508,0.0
33,0,-0.09872806072235107,0.9900000095367432,58.62554931640625,58.8819465637207,50.92900466918945,-0.4521835148334503,51.381187438964844,0.999960720539093,0.9999998807907104,0.0
33,1,-0.09856104850769043,0.9900000095367432,58.8819465637207,57.9958381652832,51.15691375732422,-0.37581655383110046,51.53273010253906,0.9998217225074768,0.9999997019767761,0.0
33,2,-0.09072542190551758,0.9900000095367432,57.9958381652832,58.8991813659668,51.44569778442383,-0.2947958707809448,51.74049377441406,0.9829391837120056,0.9999977350234985,0.0
33,3,-0.0861436128616333,0.9900000095367432,58.8991813659668,57.4708251953125,51.696876525878906,-0.21698080003261566,51.91386413574219,0.13914121687412262,0.9999998807907104,0.0
33,4,-0.0737905502319336,0.9900000095367432,57.4708251953125,56.351863861083984,52.03425216674805,-0.13911449909210205,52.17337417602539,-0.9019848704338074,0.9999998807907104,0.0
33,5,-0.05805862322449684,0.9900000095367432,56.351863861083984,56.75189971923828,52.4387321472168,-0.06945662200450897,52.50819778442383,-0.9961718916893005,1.0,0.0
33,6,-0.05227852240204811,0.9900000095367432,56.75189971923828,56.52377700805664,52.831016540527344,-0.012119084596633911,52.84314727783203,-0.9983760118484497,0.9999985694885254,0.0
33,7,-0.050457242876291275,0.9900000095367432,56.52377700805664,56.21868133544922,53.25398635864258,0.04270009323954582,53.2112922668457,-0.9987223148345947,1.0,0.0
33,8,-0.05136001482605934,0.9900000095367432,56.21868133544922,56.149635314941406,53.71782684326172,0.0990508645772934,53.61878204345703,-0.9973134398460388,0.9999999403953552,0.0
33,9,-0.04766464605927467,0.9900000095367432,56.149635314941406,55.92048263549805,54.21561050415039,0.15992650389671326,54.055686950683594,-0.9914897084236145,0.999998927116394,0.0
33,10,-0.025420788675546646,0.9900000095367432,55.92048263549805,55.3099479675293,54.75301742553711,0.22072423994541168,54.53229522705078,-0.9458009004592896,0.9999986886978149,0.0
33,11,0.10976839065551758,0.9900000095367432,55.3099479675293,57.0549430847168,55.33290481567383,0.26171720027923584,55.07118606567383,0.22881729900836945,1.0,2.9802322387695312e-08
33,12,0.12598097324371338,0.9900000095367432,57.0549430847168,57.883541107177734,55.713890075683594,0.16156171262264252,55.552330017089844,0.9964375495910645,0.9999479651451111,0.0
33,13,0.049178238958120346,0.9900000095367432,57.883541107177734,58.008731842041016,56.05813217163086,0.03783172741532326,56.020301818847656,0.9917485117912292,0.9999996423721313,0.0
33,14,-0.012064341455698013,0.9900000095367432,58.008731842041016,57.08211135864258,56.49922561645508,-0.012064341455698013,56.51129150390625,0.6714743375778198,0.999999463558197,0.0
34,0,-0.1202770471572876,0.9900000095367432,35.01732635498047,38.910850524902344,38.72651672363281,-1.1933213472366333,39.91984558105469,-0.9999987483024597,0.9999998211860657,0.0
34,1,-0.12016117572784424,0.9900000095367432,38.910850524902344,39.913700103759766,39.256465911865234,-1.1409296989440918,40.397403717041016,-0.9999100565910339,0.9999876022338867,5.960464477539063e-08
34,2,-0.1200326681137085,0.9900000095367432,39.913700103759766,40.57733154296875,39.76704025268555,-1.0853466987609863,40.852394104003906,-0.9975277781486511,0.999620795249939,1.0132789611816406e-06
34,3,-0.11973237991333008,0.9900000095367432,40.57733154296875,40.51192092895508,40.27485275268555,-1.0263839960098267,41.30124282836914,-0.9911218285560608,0.9999663233757019,1.4007091522216797e-06
34,4,-0.11937355995178223,0.9900000095367432,40.51192092895508,40.588321685791016,40.817909240722656,-0.9640102386474609,41.781925201416016,-0.9589731097221375,0.9999075531959534,3.463029861450195e-05
34,5,-0.11883735656738281,0.9900000095367432,40.588321685791016,40.428340911865234,41.39092254638672,-0.8980720043182373,42.288997650146484,-0.7773029208183289,0.9994020462036133,0.00010558962821960449
34,6,-0.11697208881378174,0.9900000095367432,40.428340911865234,41.5737419128418,42.00803756713867,-0.8285322785377502,42.83657455444336,0.4101915657520294,0.9998085498809814,2.9802322387695312e-08
34,7,-0.11531448364257812,0.9900000095367432,41.5737419128418,43.09986877441406,42.6019287109375,-0.7565765380859375,43.3585090637207,0.9923787117004395,0.9976031184196472,1.5497207641601562e-06
34,8,-0.11555731296539307,0.9900000095367432,43.09986877441406,44.63019561767578,43.151302337646484,-0.6818310022354126,43.83313751220703,0.9755401611328125,0.9963366985321045,1.1920928955078125e-07
34,9,-0.11736011505126953,0.9900000095367432,44.63019561767578,44.69932174682617,43.655147552490234,-0.6020985841751099,44.25724792480469,0.37765946984291077,0.9999874234199524,0.0
34,10,-0.11890363693237305,0.9900000095367432,44.69932174682617,44.34005355834961,44.189144134521484,-0.5154050588607788,44.704551696777344,-0.7100274562835693,0.9999686479568481,0.0
34,11,-0.11809754371643066,0.9900000095367432,44.34005355834961,44.5355110168457,44.77747344970703,-0.4215857684612274,45.19906234741211,-0.6958184242248535,0.9998277425765991,0.0
34,12,-0.11323583126068115,0.9900000095367432,44.5355110168457,46.363155364990234,45.391883850097656,-0.32268816232681274,45.714569091796875,0.8658739924430847,0.9999547004699707,4.470348358154297e-07
34,13,-0.11404967308044434,0.9900000095367432,46.363155364990234,46.670841217041016,45.94380187988281,-0.22270318865776062,46.166500091552734,0.9966865181922913,0.9999989867210388,2.9802322387695312e-08
34,14,-0.11552739143371582,0.9900000095367432,46.670841217041016,47.10184860229492,46.51530075073242,-0.11552739143371582,46.630828857421875,0.9189730882644653,0.9999440312385559,0.0
35,0,-0.11944937705993652,0.9900000095367432,46.675453186035156,46.33140182495117,44.792301177978516,-1.0879642963409424,45.88026428222656,-1.0,0.9999998807907104,0.0
35,1,-0.11873984336853027,0.9900000095367432,46.33140182495117,48.721492767333984,45.3145637512207,-1.0297871828079224,46.3443489074707,-1.0,0.9999971389770508,0.0
35,2,-0.11833953857421875,0.9900000095367432,48.721492767333984,49.63740921020508,45.74332046508789,-0.9686840176582336,46.71200180053711,-1.0,0.9999871850013733,0.0
35,3,-0.11777293682098389,0.9900000095367432,49.63740921020508,49.47321319580078,46.150569915771484,-0.9041408896446228,47.05470657348633,-1.0,0.9999992847442627,0.0
35,4,-0.11747193336486816,0.9900000095367432,49.47321319580078,49.781211853027344,46.59162139892578,-0.8361169099807739,47.427734375,-1.0,0.9999964833259583,1.0162591934204102e-05
35,5,-0.11669445037841797,0.9900000095367432,49.781211853027344,50.01297378540039,47.04404830932617,-0.7641094923019409,47.80815124511719,-1.0,0.9999959468841553,1.1026859283447266e-06
35,6,-0.11406397819519043,0.9900000095367432,50.01297378540039,50.6247444152832,47.51206970214844,-0.6883732080459595,48.200435638427734,-1.0,0.9999979734420776,5.960464477539063e-08
35,7,-0.10819005966186523,0.9900000095367432,50.6247444152832,50.92134475708008,47.974700927734375,-0.6106424331665039,48.5853385925293,-1.0,0.9999822378158569,8.940696716308594e-08
35,8,-0.1029587984085083,0.9900000095367432,50.92134475708008,51.05891036987305,48.44474411010742,-0.534239649772644,48.978981018066406,-1.0,0.9979027509689331,6.645917892456055e-06
35,9,-0.0995945930480957,0.9900000095367432,51.05891036987305,50.80889129638672,48.931724548339844,-0.45856550335884094,49.390289306640625,-0.9999990463256836,0.9978595972061157,0.00031936168670654297
35,10,-0.09766161441802979,0.9900000095367432,50.80889129638672,50.49130630493164,49.4590950012207,-0.3816809356212616,49.84077453613281,-0.9998016357421875,0.999988853931427,2.1845102310180664e-05
35,11,-0.09614109992980957,0.9900000095367432,50.49130630493164,50.02980041503906,50.03448486328125,-0.30198758840560913,50.33647155761719,-0.9787428379058838,0.9842516779899597,3.814697265625e-06
35,12,-0.08792924880981445,0.9900000095367432,50.02980041503906,50.120113372802734,50.66895294189453,-0.21886920928955078,50.887821197509766,-0.11304322630167007,0.9968136548995972,2.4646520614624023e-05
35,13,-0.0709528923034668,0.9900000095367432,50.120113372802734,51.3500862121582,51.330078125,-0.13922378420829773,51.469303131103516,0.9937179684638977,0.9499291181564331,3.197789192199707e-05
35,14,-0.07258999347686768,0.9900000095367432,51.3500862121582,52.54831314086914,51.95024108886719,-0.07258999347686768,52.022830963134766,0.9995840787887573,0.999326229095459,3.784894943237305e-05
36,0,0.7167818546295166,0.9900000095367432,64.88374328613281,63.44440841674805,65.22270202636719,3.6897988319396973,61.53290557861328,1.0,0.9953858852386475,3.0100345611572266e-06
36,1,0.651308536529541,0.9900000095367432,63.44440841674805,62.56562805175781,65.2476577758789,3.161102533340454,62.08655548095703,1.0,0.9961366057395935,5.960464477539063e-08
36,2,0.6021444797515869,0.9900000095367432,62.56562805175781,62.17677688598633,65.39006042480469,2.668574333190918,62.72148513793945,1.0,0.9924260377883911,8.940696716308594e-08
36,3,0.5239918231964111,0.9900000095367432,62.17677688598633,62.59260940551758,65.61421203613281,2.1971609592437744,63.417049407958984,1.0,0.9992580413818359,8.940696716308594e-08
36,4,0.4375293254852295,0.9900000095367432,62.59260940551758,63.33937454223633,65.91375732421875,1.77902090549469,64.13473510742188,1.0,0.9992409348487854,0.0
36,5,0.35236895084381104,0.9900000095367432,63.33937454223633,64.42752075195312,66.28488159179688,1.426360011100769,64.8585205078125,1.0,0.9999611973762512,0.0
36,6,0.275073766708374,0.9900000095367432,64.42752075195312,65.44710540771484,66.71276092529297,1.1419363021850586,65.5708236694336,1.0,0.9999366998672485,1.1920928955078125e-07
36,7,0.20959889888763428,0.9900000095367432,65.44710540771484,66.4521713256836,67.19623565673828,0.9217038154602051,66.27452850341797,1.0,0.9999977946281433,0.0
36,8,0.16311383247375488,0.9900000095367432,66.4521713256836,67.40198516845703,67.72701263427734,0.7571556568145752,66.96985626220703,0.9999997019767761,0.9999854564666748,0.0
36,9,0.13358819484710693,0.9900000095367432,67.40198516845703,68.30717468261719,68.29080200195312,0.631623387336731,67.65917205810547,0.9999955892562866,0.9999998807907104,2.9802322387695312e-08
36,10,0.11726188659667969,0.9900000095367432,68.30717468261719,69.1150131225586,68.87400817871094,0.5295430421829224,68.3444595336914,0.9999707937240601,0.9999991655349731,0.0
36,11,0.10999655723571777,0.9900000095367432,69.1150131225586,69.85078430175781,69.46895599365234,0.43836382031440735,69.03058624267578,0.9998140931129456,0.9999910593032837,0.0
36,12,0.11108255386352539,0.9900000095367432,69.85078430175781,70.53191375732422,70.07054138183594,0.3491411805152893,69.72139739990234,0.9990776777267456,0.9999992847442627,0.0
36,13,0.12084317207336426,0.9900000095367432,70.53191375732422,71.19319152832031,70.67317962646484,0.25311923027038574,70.42005920410156,0.9959974884986877,0.9998830556869507,0.0
36,14,0.14064443111419678,0.9900000095367432,71.19319152832031,71.8465805053711,71.26876068115234,0.14064443111419678,71.12811279296875,0.9836776256561279,0.9999998807907104,0.0
37,0,0.4145468473434448,0.9900000095367432,84.05091857910156,86.42388916015625,89.83097839355469,7.156989574432373,82.67399597167969,-0.9999852180480957,0.9973679780960083,2.9772520065307617e-05
37,1,0.4982764720916748,0.9900000095367432,86.42388916015625,87.25848388671875,90.52467346191406,7.168997764587402,83.35567474365234,-0.9999995827674866,0.9993571043014526,1.817941665649414e-06
37,2,0.5745227336883545,0.9900000095367432,87.25848388671875,88.1293716430664,91.1292953491211,7.092739105224609,84.03655242919922,-0.9999992251396179,0.9998881816864014,5.453824996948242e-05
37,3,0.6368670463562012,0.9900000095367432,88.1293716430664,89.01383209228516,91.645263671875,6.930586814880371,84.71466827392578,-0.9999935626983643,0.9924983382225037,8.672475814819336e-06
37,4,0.6955339908599854,0.9900000095367432,89.01383209228516,89.62175750732422,92.0810317993164,6.691886901855469,85.3891372680664,-0.9997276067733765,0.9998608827590942,4.413723945617676e-05
37,5,0.7458673715591431,0.9900000095367432,89.62175750732422,90.17420196533203,92.44999694824219,6.375707626342773,86.07428741455078,-0.9938374161720276,0.999555230140686,1.9937753677368164e-05
37,6,0.7922224998474121,0.9900000095367432,90.17420196533203,90.51959991455078,92.75970458984375,5.986008167266846,86.77369689941406,-0.8725000619888306,0.9999725222587585,2.384185791015625e-07
37,7,0.8758265972137451,0.9900000095367432,90.51959991455078,91.4360580444336,93.02154541015625,5.522366523742676,87.49918365478516,0.6089576482772827,0.9974023103713989,6.67572021484375e-06
37,8,0.8902209997177124,0.9900000095367432,91.4360580444336,92.46460723876953,93.16282653808594,4.940499305725098,88.22232818603516,0.9999969601631165,0.999890923500061,3.159046173095703e-06
37,9,0.906912088394165,0.9900000095367432,92.46460723876953,93.1065673828125,93.24359893798828,4.306515693664551,88.93708801269531,0.9999996423721313,0.9983221292495728,8.225440979003906e-06
37,10,0.906426191329956,0.9900000095367432,93.1065673828125,93.8008041381836,93.2779541015625,3.6146769523620605,89.66327667236328,0.9999986290931702,0.9994678497314453,2.384185791015625e-07
37,11,0.8941116333007812,0.9900000095367432,93.8008041381836,94.09540557861328,93.27845764160156,2.8795862197875977,90.39886474609375,0.9999735355377197,0.999727725982666,1.6689300537109375e-06
37,12,0.8571783304214478,0.9900000095367432,94.09540557861328,94.2096176147461,93.27657318115234,2.111084222793579,91.16548156738281,0.9983206391334534,0.9999986886978149,5.960464477539063e-08
37,13,0.791797399520874,0.9900000095367432,94.2096176147461,93.91728210449219,93.30783081054688,1.33323335647583,91.97459411621094,0.7201637029647827,0.999993622303009,0.0
37,14,0.575689435005188,0.9900000095367432,93.91728210449219,93.78816986083984,93.42597961425781,0.575689435005188,92.85028839111328,-0.9226254820823669,0.9999046921730042,0.0
38,0,-0.04758477583527565,0.9900000095367432,54.94549560546875,56.476898193359375,54.01358413696289,-0.4129103422164917,54.42649841308594,0.9999998807907104,0.9992127418518066,1.4901161193847656e-07
38,1,-0.03949416056275368,0.9900000095367432,56.476898193359375,57.05964660644531,54.50883483886719,-0.3884375989437103,54.897281646728516,1.0,0.9998377561569214,2.7120113372802734e-06
38,2,-0.02907133474946022,0.9900000095367432,57.05964660644531,57.49931716918945,54.99614715576172,-0.3710190951824188,55.3671760559082,1.0,0.9987218379974365,0.0
38,3,-0.029436711221933365,0.9900000095367432,57.49931716918945,58.367855072021484,55.48006820678711,-0.3635808229446411,55.843658447265625,1.0,0.9998815059661865,6.854534149169922e-07
38,4,-0.03286624327301979,0.9900000095367432,58.367855072021484,58.9782600402832,55.949283599853516,-0.3552834987640381,56.304569244384766,0.9999997615814209,0.9998686909675598,5.960464477539063e-08
38,5,-0.04305935278534889,0.9900000095367432,58.9782600402832,59.813716888427734,56.41969680786133,-0.34281474351882935,56.762516021728516,0.9999873638153076,0.999982476234436,0.0
38,6,-0.051478032022714615,0.9900000095367432,59.813716888427734,60.3933219909668,56.886741638183594,-0.31871917843818665,57.20546340942383,0.9991068243980408,0.999981164932251,0.0
38,7,-0.05925631895661354,0.9900000095367432,60.3933219909668,60.863502502441406,57.36178207397461,-0.2841479480266571,57.64592742919922,0.966805100440979,0.999998927116394,5.960464477539063e-08
38,8,-0.07012104988098145,0.9900000095367432,60.863502502441406,60.919734954833984,57.85039520263672,-0.23911923170089722,58.08951187133789,0.6673958897590637,0.9999094009399414,0.0
38,9,-0.06184685602784157,0.9900000095367432,60.919734954833984,61.52960968017578,58.37851333618164,-0.17968972027301788,58.558197021484375,0.6273820996284485,0.9999994039535522,0.0
38,10,-0.04725385084748268,0.9900000095367432,61.52960968017578,61.81801223754883,58.89914321899414,-0.12529809772968292,59.02443313598633,0.5511164665222168,0.9999680519104004,0.0
38,11,-0.03961813822388649,0.9900000095367432,61.81801223754883,61.721256256103516,59.42201232910156,-0.0829816535115242,59.50498962402344,0.29308080673217773,0.9999996423721313,0.0
38,12,-0.026639465242624283,0.9900000095367432,61.721256256103516,62.01541519165039,59.974937438964844,-0.04610687494277954,60.02103805541992,0.35173505544662476,0.999997615814209,0.0
38,13,-0.019130710512399673,0.9900000095367432,62.01541519165039,61.680755615234375,60.53356170654297,-0.020698998123407364,60.554256439208984,0.2587062418460846,1.0,0.0
38,14,-0.0016675032675266266,0.9900000095367432,61.680755615234375,61.75638198852539,61.13715362548828,-0.0016675032675266266,61.13882064819336,0.37215182185173035,0.9999987483024597,0.0
39,0,-0.09151828289031982,0.9900000095367432,60.540618896484375,62.229557037353516,61.445068359375,-0.9124585390090942,62.357513427734375,0.9993025660514832,0.9942296147346497,0.0004941225051879883
39,1,-0.09495735168457031,0.9900000095367432,62.229557037353516,62.77437973022461,62.15441131591797,-0.8728764057159424,63.02727127075195,0.9999990463256836,0.9929609298706055,1.3262033462524414e-05
39,2,-0.09601843357086182,0.9900000095367432,62.77437973022461,63.30076217651367,62.883609771728516,-0.8271334767341614,63.71072769165039,0.9999943375587463,0.9955147504806519,1.189112663269043e-05
39,3,-0.097420334815979,0.9900000095367432,63.30076217651367,64.39136505126953,63.63236618041992,-0.7773684859275818,64.40972137451172,0.9999186396598816,0.9979064464569092,6.67572021484375e-06
39,4,-0.09864306449890137,0.9900000095367432,64.39136505126953,65.22571563720703,64.3725814819336,-0.7229645848274231,65.09553527832031,0.9984841346740723,0.9999949932098389,1.1920928955078125e-07
39,5,-0.10109305381774902,0.9900000095367432,65.22571563720703,66.09681701660156,65.11701202392578,-0.6638187766075134,65.78082275390625,0.9136627316474915,0.9999784231185913,1.1920928955078125e-07
39,6,-0.11140763759613037,0.9900000095367432,66.09681701660156,66.13472747802734,65.86529541015625,-0.5983260869979858,66.46361541748047,-0.38870400190353394,0.9999222159385681,0.0
39,7,-0.1095055341720581,0.9900000095367432,66.13472747802734,67.2774887084961,66.66988372802734,-0.5177229642868042,67.18760681152344,-0.7062176465988159,0.9999602437019348,8.940696716308594e-08
39,8,-0.10247278213500977,0.9900000095367432,67.2774887084961,68.3367691040039,67.46321105957031,-0.43404296040534973,67.89726257324219,-0.7918515801429749,0.9999936819076538,2.9802322387695312e-08
39,9,-0.08631646633148193,0.9900000095367432,68.3367691040039,69.03722381591797,68.24349975585938,-0.35254669189453125,68.59605407714844,-0.5814738273620605,0.9999975562095642,0.0
39,10,-0.0443575419485569,0.9900000095367432,69.03722381591797,70.52721405029297,69.01911926269531,-0.2830730676651001,69.30219268798828,0.8235688805580139,0.9999346733093262,2.9802322387695312e-08
39,11,-0.053412798792123795,0.9900000095367432,70.52721405029297,71.29972076416016,69.72076416015625,-0.25381767749786377,69.9745864868164,0.9993029236793518,0.9977028369903564,2.086162567138672e-07
39,12,-0.06266665458679199,0.9900000095367432,71.29972076416016,72.0860595703125,70.4357681274414,-0.21308332681655884,70.64884948730469,0.9954429864883423,0.9999426603317261,8.225440979003906e-06
39,13,-0.07420110702514648,0.9900000095367432,72.0860595703125,72.66127014160156,71.16446685791016,-0.15993265807628632,71.32439422607422,0.7478529810905457,0.9999934434890747,0.0
39,14,-0.0911552906036377,0.9900000095367432,72.66127014160156,72.73979949951172,71.92124938964844,-0.0911552906036377,72.01240539550781,-0.25899839401245117,0.9998064041137695,0.0
40,0,-0.11376690864562988,0.9900000095367432,44.02239990234375,43.2574462890625,39.885162353515625,-1.0986754894256592,40.983821868896484,-1.0,0.9944360256195068,2.244114875793457e-05
40,1,-0.11278688907623291,0.9900000095367432,43.2574462890625,42.832542419433594,40.252723693847656,-1.0472180843353271,41.299922943115234,-1.0,0.9999474287033081,1.5974044799804688e-05
40,2,-0.11153304576873779,0.9900000095367432,42.832542419433594,42.29814910888672,40.664852142333984,-0.993547260761261,41.65838623046875,-1.0,0.9996565580368042,3.5881996154785156e-05
40,3,-0.11024165153503418,0.9900000095367432,42.29814910888672,41.876708984375,41.129852294921875,-0.9378141760826111,42.06765365600586,-1.0,0.9998984336853027,9.149312973022461e-06
40,4,-0.10914003849029541,0.9900000095367432,41.876708984375,41.58424758911133,41.645076751708984,-0.8799282908439636,42.52499771118164,-1.0,0.9996902942657471,3.248453140258789e-05
40,5,-0.10840880870819092,0.9900000095367432,41.58424758911133,41.52425765991211,42.20711898803711,-0.8195515871047974,43.02666473388672,-1.0,0.9999804496765137,7.581710815429688e-05
40,6,-0.10795998573303223,0.9900000095367432,41.52425765991211,41.680049896240234,42.807098388671875,-0.7561326622962952,43.56322479248047,-1.0,0.996516227722168,3.129243850708008e-06
40,7,-0.1076897382736206,0.9900000095367432,41.680049896240234,42.055416107177734,43.43635940551758,-0.6891788244247437,44.12553024291992,-1.0,0.9994490146636963,7.12275505065918e-06
40,8,-0.10741543769836426,0.9900000095367432,42.055416107177734,42.60917282104492,44.085384368896484,-0.6182765364646912,44.70365524291992,-1.0,0.9999325275421143,2.6673078536987305e-05
40,9,-0.1070413589477539,0.9900000095367432,42.60917282104492,43.32685470581055,44.74603271484375,-0.5431803464889526,45.28921127319336,-1.0,0.9998451471328735,4.649162292480469e-06
40,10,-0.10648000240325928,0.9900000095367432,43.32685470581055,44.17938995361328,45.41030502319336,-0.46373096108436584,45.8740348815918,-1.0,0.9989091753959656,6.860494613647461e-05
40,11,-0.10568857192993164,0.9900000095367432,44.17938995361328,45.15251541137695,46.07114028930664,-0.37985214591026306,46.450992584228516,-1.0,0.9997826218605042,2.5004148483276367e-05
40,12,-0.10461485385894775,0.9900000095367432,45.15251541137695,46.222286224365234,46.72172164916992,-0.2915083169937134,47.01322937011719,-1.0,0.9998289346694946,8.165836334228516e-06
40,13,-0.10322630405426025,0.9900000095367432,46.222286224365234,47.36866760253906,47.356014251708984,-0.1987171322107315,47.55472946166992,-1.0,0.9962175488471985,4.3839216232299805e-05
40,14,-0.101531982421875,0.9900000095367432,47.36866760253906,48.55571365356445,47.96862030029297,-0.101531982421875,48.070152282714844,-1.0,0.9998304843902588,0.0025002360343933105
41,0,-0.09459590911865234,0.9900000095367432,29.915584564208984,31.207494735717773,29.002498626708984,-1.097310185432434,30.099802017211914,1.0,0.9964971542358398,1.4185905456542969e-05
41,1,-0.0999758243560791,0.9900000095367432,31.207494735717773,28.745285034179688,29.29539680480957,-1.066150188446045,30.361543655395508,1.0,0.9991688132286072,6.377696990966797e-06
41,2,-0.10312795639038086,0.9900000095367432,28.745285034179688,28.261375427246094,29.742137908935547,-1.0272986888885498,30.769433975219727,1.0,0.9966256618499756,1.1056661605834961e-05
41,3,-0.10708951950073242,0.9900000095367432,28.261375427246094,29.241283416748047,30.24596405029297,-0.9826377034187317,31.22859764099121,1.0,0.9997940063476562,1.4901161193847656e-07
41,4,-0.1104133129119873,0.9900000095367432,29.241283416748047,30.553390502929688,30.73430061340332,-0.9309390187263489,31.665233612060547,1.0,0.9999345541000366,0.0
41,5,-0.11285591125488281,0.9900000095367432,30.553390502929688,32.170166015625,31.188005447387695,-0.8724356293678284,32.0604362487793,0.9999963641166687,0.999995231628418,0.0
41,6,-0.11410021781921387,0.9900000095367432,32.170166015625,33.61571502685547,31.58791732788086,-0.8076339364051819,32.395545959472656,0.995845377445221,1.0,0.0
41,7,-0.11606764793395996,0.9900000095367432,33.61571502685547,33.39668655395508,31.938371658325195,-0.7374095916748047,32.675777435302734,0.11405309289693832,0.9999982118606567,0.0
41,8,-0.115913987159729,0.9900000095367432,33.39668655395508,33.30143356323242,32.324615478515625,-0.6606506705284119,32.98526382446289,-0.4460488557815552,0.9999993443489075,0.0
41,9,-0.11479246616363525,0.9900000095367432,33.30143356323242,33.61793518066406,32.74014663696289,-0.5791990756988525,33.31934356689453,-0.3707226812839508,0.9999955892562866,0.0
41,10,-0.1125108003616333,0.9900000095367432,33.61793518066406,33.77017593383789,33.16411590576172,-0.49378690123558044,33.657901763916016,0.012484653852880001,0.9999885559082031,0.0
41,11,-0.11106669902801514,0.9900000095367432,33.77017593383789,33.75700759887695,33.604469299316406,-0.4053972363471985,34.009864807128906,0.23982171714305878,0.9999994039535522,0.0
41,12,-0.11073243618011475,0.9900000095367432,33.75700759887695,34.341617584228516,34.071834564208984,-0.31295111775398254,34.38478469848633,0.3321343660354614,1.0,0.0
41,13,-0.11127948760986328,0.9900000095367432,34.341617584228516,34.83633804321289,34.53765106201172,-0.21501187980175018,34.75265884399414,0.08389284461736679,0.9999975562095642,0.0
41,14,-0.11029493808746338,0.9900000095367432,34.83633804321289,35.47249221801758,35.00747299194336,-0.11029493808746338,35.117767333984375,-0.026620542630553246,0.9999948740005493,0.0
42,0,0.03797125443816185,0.9900000095367432,44.918212890625,47.348934173583984,60.124446868896484,3.001255750656128,57.12319564819336,0.9008276462554932,0.9999991655349731,0.0
42,1,0.02334737405180931,0.9900000095367432,47.348934173583984,47.92291259765625,61.395751953125,3.15075421333313,58.244998931884766,0.9822518229484558,0.9999996423721313,0.0
42,2,0.021220441907644272,0.9900000095367432,47.92291259765625,49.739845275878906,62.732826232910156,3.3252599239349365,59.40756607055664,0.945530891418457,0.9999983310699463,0.0
42,3,0.04161786660552025,0.9900000095367432,49.739845275878906,51.57607650756836,64.06111907958984,3.5130670070648193,60.54805374145508,0.9046210646629333,1.0,0.0
42,4,0.0802457332611084,0.9900000095367432,51.57607650756836,53.82863235473633,65.35511779785156,3.691067695617676,61.66404724121094,0.8752593994140625,0.9999991655349731,0.0
42,5,0.14614343643188477,0.9900000095367432,53.82863235473633,56.0817756652832,66.57135009765625,3.8392577171325684,62.732086181640625,0.8608254194259644,0.9999996423721313,0.0
42,6,0.24178838729858398,0.9900000095367432,56.0817756652832,58.466766357421875,67.67587280273438,3.9267563819885254,63.749107360839844,0.8798077702522278,0.9999987483024597,0.0
42,7,0.36129915714263916,0.9900000095367432,58.466766357421875,60.714054107666016,68.623046875,3.9180946350097656,64.70494842529297,0.9010702967643738,1.0,0.0
42,8,0.47536396980285645,0.9900000095367432,60.714054107666016,62.85799026489258,69.38479614257812,3.781813383102417,65.60298156738281,0.9314389228820801,0.9999991655349731,0.0
42,9,0.5738153457641602,0.9900000095367432,62.85799026489258,64.7783432006836,69.96061706542969,3.515629291534424,66.44499206542969,0.9682169556617737,0.9999998807907104,0.0
42,10,0.6452932357788086,0.9900000095367432,64.7783432006836,66.45842742919922,70.36711883544922,3.1279256343841553,67.23919677734375,0.9835420250892639,0.9999997019767761,0.0
42,11,0.6940762996673584,0.9900000095367432,66.45842742919922,67.90296936035156,70.6349105834961,2.6396942138671875,67.99522399902344,0.9947582483291626,0.9999999403953552,0.0
42,12,0.7230328321456909,0.9900000095367432,67.90296936035156,69.10367584228516,70.791748046875,2.0687060356140137,68.7230453491211,0.9981545805931091,0.9999998807907104,0.0
42,13,0.736626386642456,0.9900000095367432,69.10367584228516,70.07939910888672,70.8645248413086,1.4308061599731445,69.4337158203125,0.999534010887146,0.9999998807907104,0.0
42,14,0.7380964756011963,0.9900000095367432,70.07939910888672,70.84647369384766,70.8760986328125,0.7380964756011963,70.13800048828125,0.9998959898948669,1.0,0.0
43,0,-0.11678683757781982,0.9900000095367432,52.72675323486328,51.59920120239258,52.56412887573242,-0.9443621635437012,53.508487701416016,-1.0,1.0,0.0
43,1,-0.11552560329437256,0.9900000095367432,51.59920120239258,53.249629974365234,53.29798889160156,-0.8799312114715576,54.177913665771484,-1.0,0.9999999403953552,0.0
43,2,-0.11488115787506104,0.9900000095367432,53.249629974365234,53.65592956542969,53.99006652832031,-0.8127651214599609,54.802825927734375,-1.0,0.9999997615814209,0.0
43,3,-0.11408782005310059,0.9900000095367432,53.65592956542969,54.30009078979492,54.703857421875,-0.7420350313186646,55.445884704589844,-1.0,1.0,0.0
43,4,-0.11294198036193848,0.9900000095367432,54.30009078979492,55.17542266845703,55.42805862426758,-0.6676738262176514,56.095726013183594,-1.0,0.9999997615814209,0.0
43,5,-0.10974371433258057,0.9900000095367432,55.17542266845703,56.081878662109375,56.15079116821289,-0.5898265838623047,56.7406120300293,-1.0,0.9999998211860657,0.0
43,6,-0.10075891017913818,0.9900000095367432,56.081878662109375,56.75004959106445,56.86813735961914,-0.5104548931121826,57.37858581542969,-0.9999992251396179,1.0,5.960464477539063e-08
43,7,-0.08631014823913574,0.9900000095367432,56.75004959106445,57.02708053588867,57.586143493652344,-0.43561506271362305,58.02175521850586,-0.999789834022522,0.9999964237213135,0.0
43,8,-0.07050693035125732,0.9900000095367432,57.02708053588867,57.0681266784668,58.31963348388672,-0.37140342593193054,58.69103240966797,-0.8602845072746277,0.9997572898864746,5.900859832763672e-06
43,9,-0.01649952307343483,0.9900000095367432,57.0681266784668,60.496360778808594,59.080562591552734,-0.3199324905872345,59.400489807128906,0.9769736528396606,0.999924898147583,3.2782554626464844e-07
43,10,-0.03780413046479225,0.9900000095367432,60.496360778808594,60.98799133300781,59.651771545410156,-0.322629451751709,59.97439956665039,0.9999897480010986,0.9999834299087524,0.0
43,11,-0.05658316984772682,0.9900000095367432,60.98799133300781,62.508811950683594,60.25589370727539,-0.3028445839881897,60.558738708496094,0.9999183416366577,0.9999969005584717,0.0
43,12,-0.0742577314376831,0.9900000095367432,62.508811950683594,63.65097427368164,60.838157653808594,-0.26184093952178955,61.10000228881836,0.9921170473098755,0.9999996423721313,0.0
43,13,-0.10054361820220947,0.9900000095367432,63.65097427368164,62.92606735229492,61.41593933105469,-0.1994505226612091,61.615394592285156,0.05695008486509323,0.9999996423721313,0.0
43,14,-0.10516417026519775,0.9900000095367432,62.92606735229492,62.82984161376953,62.096378326416016,-0.10516417026519775,62.201541900634766,-0.8194064497947693,0.9999945163726807,0.0
44,0,-0.11052000522613525,0.9900000095367432,47.55533981323242,46.073524475097656,38.11994171142578,-1.0234003067016602,39.14334487915039,1.0,0.9994461536407471,1.1920928955078125e-07
44,1,-0.10946846008300781,0.9900000095367432,46.073524475097656,42.9875373840332,38.224159240722656,-0.9706330299377441,39.194793701171875,1.0,0.9997748136520386,2.9802322387695312e-08
44,2,-0.10888922214508057,0.9900000095367432,42.9875373840332,41.049007415771484,38.496273040771484,-0.9156454801559448,39.411922454833984,1.0,0.9997348785400391,1.1920928955078125e-07
44,3,-0.10809004306793213,0.9900000095367432,41.049007415771484,39.558074951171875,38.88701248168945,-0.8577950596809387,39.744808197021484,1.0,0.9999959468841553,0.0
44,4,-0.10725343227386475,0.9900000095367432,39.558074951171875,38.5926399230957,39.38009262084961,-0.797134518623352,40.17722702026367,0.9999999403953552,0.999415397644043,0.0
44,5,-0.10608875751495361,0.9900000095367432,38.5926399230957,37.996280670166016,39.95429229736328,-0.7335258722305298,40.68781661987305,0.9999993443489075,0.9999982714653015,0.0
44,6,-0.10462319850921631,0.9900000095367432,37.996280670166016,37.797481536865234,40.594966888427734,-0.6671314835548401,41.2620964050293,0.999998152256012,0.9999650716781616,0.0
44,7,-0.1026540994644165,0.9900000095367432,37.797481536865234,37.93629455566406,41.28507614135742,-0.5980949401855469,41.88317108154297,0.9999960064888,0.9999977350234985,2.9802322387695312e-08
44,8,-0.10013628005981445,0.9900000095367432,37.93629455566406,38.426883697509766,42.00944137573242,-0.5267845392227173,42.53622817993164,0.9999932646751404,0.9999785423278809,0.0
44,9,-0.09693098068237305,0.9900000095367432,38.426883697509766,39.244136810302734,42.75114059448242,-0.45363977551460266,43.20478057861328,0.9999902844429016,0.9999899864196777,0.0
44,10,-0.09329259395599365,0.9900000095367432,39.244136810302734,40.37796401977539,43.49333953857422,-0.37927570939064026,43.872615814208984,0.9999902248382568,0.999999463558197,0.0
44,11,-0.08940684795379639,0.9900000095367432,40.37796401977539,41.780517578125,44.21895217895508,-0.30407559871673584,44.52302551269531,0.9999880194664001,0.999961793422699,0.0
44,12,-0.0852130651473999,0.9900000095367432,41.780517578125,43.379276275634766,44.912513732910156,-0.22824962437152863,45.14076232910156,0.9999841451644897,0.999999463558197,0.0
44,13,-0.08070039749145508,0.9900000095367432,43.379276275634766,45.05717849731445,45.56135177612305,-0.15208566188812256,45.713436126708984,0.9999769330024719,0.9999964237213135,0.0
44,14,-0.07590138912200928,0.9900000095367432,45.05717849731445,46.70104217529297,46.15813064575195,-0.07590138912200928,46.234031677246094,0.9999546408653259,0.9999947547912598,0.0
45,0,-0.1119534969329834,0.9900000095367432,46.4784049987793,47.830684661865234,43.740386962890625,-1.0873427391052246,44.82773208618164,1.0,0.9822514057159424,0.00029546022415161133
45,1,-0.11275911331176758,0.9900000095367432,47.830684661865234,47.143917083740234,44.109222412109375,-1.0370965003967285,45.14632034301758,1.0,0.999517560005188,9.5367431640625e-07
45,2,-0.11303126811981201,0.9900000095367432,47.143917083740234,47.39839553833008,44.53839111328125,-0.9828148484230042,45.521209716796875,1.0,0.9998165965080261,5.960464477539063e-08
45,3,-0.11334633827209473,0.9900000095367432,47.39839553833008,47.973445892333984,44.981605529785156,-0.9248097538948059,45.90642166137695,0.9999999403953552,0.9999805688858032,4.172325134277344e-07
45,4,-0.11370396614074707,0.9900000095367432,47.973445892333984,48.6250114440918,45.42293167114258,-0.8628000020980835,46.28573226928711,0.9999988675117493,0.9998741149902344,0.0
45,5,-0.1138465404510498,0.9900000095367432,48.6250114440918,49.43113327026367,45.8582649230957,-0.796487033367157,46.65475082397461,0.999955415725708,0.999979555606842,0.0
45,6,-0.1131446361541748,0.9900000095367432,49.43113327026367,50.22499465942383,46.27885818481445,-0.7258272171020508,47.00468826293945,0.9975506663322449,0.9999961256980896,0.0
45,7,-0.11170589923858643,0.9900000095367432,50.22499465942383,50.94084930419922,46.683536529541016,-0.6514434218406677,47.334983825683594,0.9601064324378967,0.9999737739562988,0.0
45,8,-0.10994493961334229,0.9900000095367432,50.94084930419922,51.46964645385742,47.074607849121094,-0.5738836526870728,47.648494720458984,0.8082876205444336,0.9999990463256836,0.0
45,9,-0.10541033744812012,0.9900000095367432,51.46964645385742,52.00920486450195,47.460716247558594,-0.4932894706726074,47.954010009765625,0.8023175001144409,0.9999915361404419,0.0
45,10,-0.09884953498840332,0.9900000095367432,52.00920486450195,52.053401947021484,47.838035583496094,-0.412418007850647,48.250457763671875,0.7168377637863159,0.999997079372406,0.0
45,11,-0.0924522876739502,0.9900000095367432,52.053401947021484,51.76393127441406,48.229923248291016,-0.33340615034103394,48.563331604003906,0.5733612775802612,0.9999966621398926,0.0
45,12,-0.08851766586303711,0.9900000095367432,51.76393127441406,51.32723617553711,48.6550407409668,-0.25619763135910034,48.91123962402344,0.46863192319869995,0.9999970197677612,0.0
45,13,-0.08974480628967285,0.9900000095367432,51.32723617553711,50.64121627807617,49.12584686279297,-0.17828813195228577,49.30413818359375,0.2059457153081894,0.9999995231628418,0.0
45,14,-0.09414494037628174,0.9900000095367432,50.64121627807617,50.26060104370117,49.663848876953125,-0.09414494037628174,49.75799560546875,0.01564287766814232,1.0,0.0
46,0,-0.11698806285858154,0.9900000095367432,19.93964385986328,21.65477752685547,26.29474449157715,-1.180374264717102,27.475120544433594,1.0,0.9996293783187866,8.940696716308594e-08
46,1,-0.11730289459228516,0.9900000095367432,21.65477752685547,20.853843688964844,26.94292449951172,-1.1306604146957397,28.07358741760254,1.0,0.9948246479034424,0.0
46,2,-0.11747109889984131,0.9900000095367432,20.853843688964844,20.9855899810791,27.674598693847656,-1.0774667263031006,28.7520694732666,1.0,0.9999341368675232,0.0
46,3,-0.11750030517578125,0.9900000095367432,20.9855899810791,21.79511260986328,28.44580841064453,-1.0207290649414062,29.466541290283203,1.0,0.9998124241828918,2.9802322387695312e-08
46,4,-0.11745643615722656,0.9900000095367432,21.79511260986328,23.0460147857666,29.223234176635742,-0.9603708386421204,30.18360710144043,1.0,0.9996113181114197,0.0
46,5,-0.11736583709716797,0.9900000095367432,23.0460147857666,24.472251892089844,29.983959197998047,-0.8962407112121582,30.88020133972168,1.0,0.9999926090240479,0.0
46,6,-0.11725151538848877,0.9900000095367432,24.472251892089844,25.89344024658203,30.717649459838867,-0.8281497955322266,31.545799255371094,1.0,0.9999640583992004,0.0
46,7,-0.11710917949676514,0.9900000095367432,25.89344024658203,27.206323623657227,31.422834396362305,-0.7558727264404297,32.178707122802734,1.0,0.9998806715011597,0.0
46,8,-0.11692333221435547,0.9900000095367432,27.206323623657227,28.41697120666504,32.1033821105957,-0.6791744232177734,32.78255844116211,1.0,0.9999300241470337,0.0
46,9,-0.11667025089263916,0.9900000095367432,28.41697120666504,29.595449447631836,32.7630729675293,-0.5978214740753174,33.36088943481445,1.0,0.9997459650039673,0.0
46,10,-0.11632800102233887,0.9900000095367432,29.595449447631836,30.81209945678711,33.402198791503906,-0.511590838432312,33.913787841796875,1.0,0.9999643564224243,0.0
46,11,-0.11588001251220703,0.9900000095367432,30.81209945678711,32.09674835205078,34.01736068725586,-0.42026883363723755,34.43762969970703,0.9999999403953552,0.9999480247497559,0.0
46,12,-0.11530876159667969,0.9900000095367432,32.09674835205078,33.4362678527832,34.60334777832031,-0.32364577054977417,34.92699432373047,0.9999995827674866,0.999820351600647,0.0
46,13,-0.11458992958068848,0.9900000095367432,33.4362678527832,34.79640579223633,35.15530014038086,-0.22151729464530945,35.3768196105957,0.9999977946281433,0.9999662637710571,0.0
46,14,-0.11369204521179199,0.9900000095367432,34.79640579223633,36.14497375488281,35.66982650756836,-0.11369204521179199,35.78351974487305,0.99998939037323,0.9999974966049194,0.0
47,0,-0.1149214506149292,0.9900000095367432,40.8984375,40.56458282470703,37.352237701416016,-1.1887201070785522,38.54096221923828,0.9999990463256836,0.9985215067863464,5.21242618560791e-05
47,1,-0.11605179309844971,0.9900000095367432,40.56458282470703,40.5142707824707,37.702510833740234,-1.1417317390441895,38.84424591064453,0.9999999403953552,0.9995977878570557,3.0100345611572266e-06
47,2,-0.11684858798980713,0.9900000095367432,40.5142707824707,40.638919830322266,38.07878875732422,-1.0905687808990479,39.16936492919922,0.9999963045120239,0.9990039467811584,4.470348358154297e-07
47,3,-0.11765754222869873,0.9900000095367432,40.638919830322266,40.937198638916016,38.473167419433594,-1.035321831703186,39.50849533081055,0.9998733401298523,0.9994406700134277,8.940696716308594e-08
47,4,-0.1182023286819458,0.9900000095367432,40.937198638916016,41.098758697509766,38.87765121459961,-0.9757196307182312,39.85337829589844,0.9944108724594116,0.9997829794883728,0.0
47,5,-0.11864972114562988,0.9900000095367432,41.098758697509766,41.36825942993164,39.299800872802734,-0.9117674827575684,40.21157455444336,0.786984384059906,0.9999746084213257,1.6689300537109375e-06
47,6,-0.11923277378082275,0.9900000095367432,41.36825942993164,41.9768180847168,39.73495101928711,-0.8432937264442444,40.578250885009766,0.07373036444187164,0.9997560977935791,0.0
47,7,-0.11810839176177979,0.9900000095367432,41.9768180847168,41.8101692199707,40.166221618652344,-0.7698680758476257,40.93609619140625,0.8730605244636536,0.9998186230659485,0.0
47,8,-0.11844301223754883,0.9900000095367432,41.8101692199707,42.23233413696289,40.63235092163086,-0.6929928064346313,41.32535171508789,0.6078265309333801,0.9999896287918091,2.9802322387695312e-08
47,9,-0.11827480792999268,0.9900000095367432,42.23233413696289,42.77439880371094,41.10610580444336,-0.6108982563018799,41.717010498046875,0.5783737301826477,0.9999788403511047,0.0
47,10,-0.11795830726623535,0.9900000095367432,42.77439880371094,43.28070068359375,41.58112335205078,-0.5237888693809509,42.10491943359375,0.6806403994560242,0.9999985694885254,0.0
47,11,-0.1181190013885498,0.9900000095367432,43.28070068359375,43.437294006347656,42.05921173095703,-0.43150511384010315,42.49072265625,0.39217454195022583,0.9999995231628418,0.0
47,12,-0.11782538890838623,0.9900000095367432,43.437294006347656,43.87055206298828,42.55947494506836,-0.3332122564315796,42.89269256591797,0.5866050124168396,0.9999913573265076,0.0
47,13,-0.11810755729675293,0.9900000095367432,43.87055206298828,43.743690490722656,43.06827163696289,-0.22901314496994019,43.29728698730469,0.30693018436431885,0.9999999403953552,0.0
47,14,-0.11792194843292236,0.9900000095367432,43.743690490722656,44.1759147644043,43.616233825683594,-0.11792194843292236,43.73415756225586,0.5045954585075378,0.9999985694885254,0.0
48,0,0.9662378430366516,0.9900000095367432,74.63179016113281,74.32611846923828,68.10765075683594,7.645979881286621,60.461666107177734,0.9997413754463196,0.9997623562812805,1.0639429092407227e-05
48,1,0.9037493467330933,0.9900000095367432,74.32611846923828,72.81499481201172,67.4771499633789,7.102330684661865,60.37482452392578,0.999991774559021,0.9976117610931396,2.9802322387695312e-08
48,2,0.901063084602356,0.9900000095367432,72.81499481201172,71.43276977539062,66.95274353027344,6.590729713439941,60.362022399902344,0.9999850392341614,0.9998976588249207,0.0
48,3,0.8866496086120605,0.9900000095367432,71.43276977539062,70.74657440185547,66.47077178955078,6.049619197845459,60.42115783691406,0.9998699426651001,0.9997754096984863,0.0
48,4,0.884570837020874,0.9900000095367432,70.74657440185547,69.64972686767578,66.00975036621094,5.489601135253906,60.5201530456543,0.9985702037811279,0.9999834895133972,0.0
48,5,0.8638570308685303,0.9900000095367432,69.64972686767578,68.94954681396484,65.57950592041016,4.896364212036133,60.683135986328125,0.9899575710296631,0.9997773170471191,0.0
48,6,0.8152742385864258,0.9900000095367432,68.94954681396484,68.48457336425781,65.18091583251953,4.287621021270752,60.89328384399414,0.9577171206474304,0.9999628067016602,0.0
48,7,0.7650923728942871,0.9900000095367432,68.48457336425781,68.08909606933594,64.83322143554688,3.6920220851898193,61.141197204589844,0.9290995597839355,0.9999990463256836,0.0
48,8,0.7167869806289673,0.9900000095367432,68.08909606933594,67.77701568603516,64.5377197265625,3.1120996475219727,61.42561340332031,0.9208616018295288,0.999998927116394,0.0
48,9,0.6757035255432129,0.9900000095367432,67.77701568603516,67.45540618896484,64.29129791259766,2.5468499660491943,61.74444580078125,0.8604694604873657,0.9999995231628418,0.0
48,10,0.6556994915008545,0.9900000095367432,67.45540618896484,66.41497802734375,64.08990478515625,1.9895230531692505,62.10037612915039,0.34713584184646606,0.9999985098838806,0.0
48,11,0.5563188791275024,0.9900000095367432,66.41497802734375,65.99784088134766,63.95178985595703,1.418206810951233,62.53358459472656,-0.21256698668003082,0.9999999403953552,0.0
48,12,0.423173189163208,0.9900000095367432,65.99784088134766,65.86499786376953,63.93256378173828,0.9164145588874817,63.01615524291992,-0.29452916979789734,0.9999968409538269,0.0
48,13,0.30915379524230957,0.9900000095367432,65.86499786376953,65.4326400756836,64.0606918334961,0.5244458913803101,63.5362434387207,-0.14654521644115448,0.9999889135360718,0.0
48,14,0.228912353515625,0.9900000095367432,65.4326400756836,64.75959014892578,64.34090423583984,0.228912353515625,64.11199188232422,-0.1024985983967781,0.9999996423721313,0.0
49,0,-0.11083400249481201,0.9900000095367432,40.776145935058594,42.8127555847168,42.39664077758789,-1.0888242721557617,43.48545455932617,-0.8175222277641296,0.9969783425331116,7.152557373046875e-07
49,1,-0.112160325050354,0.9900000095367432,42.8127555847168,41.23612976074219,42.9433708190918,-1.039862036705017,43.98322677612305,0.9777093529701233,0.9999451637268066,5.960464477539062e-07
49,2,-0.11349630355834961,0.9900000095367432,41.23612976074219,43.115970611572266,43.60908126831055,-0.986392080783844,44.5954704284668,0.9999966025352478,0.9991737604141235,2.682209014892578e-07
49,3,-0.11316049098968506,0.9900000095367432,43.115970611572266,45.00837707519531,44.21938705444336,-0.928118884563446,45.14750289916992,0.999999463558197,0.9996674656867981,5.662441253662109e-07
49,4,-0.11291909217834473,0.9900000095367432,45.00837707519531,46.64279556274414,44.768348693847656,-0.86651611328125,45.63486099243164,0.9999988675117493,0.9995306134223938,1.7881393432617188e-07
49,5,-0.1120079755783081,0.9900000095367432,46.64279556274414,47.529457092285156,45.26576614379883,-0.8012727499008179,46.06703186035156,0.9999892115592957,0.9999979734420776,0.0
49,6,-0.11091923713684082,0.9900000095367432,47.529457092285156,48.15742874145508,45.747013092041016,-0.7328705787658691,46.47987747192383,0.9996621608734131,0.9999256134033203,0.0
49,7,-0.10926425457000732,0.9900000095367432,48.15742874145508,48.46584701538086,46.2244987487793,-0.6612986326217651,46.88579177856445,0.9873191118240356,0.9999811053276062,2.9802322387695312e-08
49,8,-0.10828471183776855,0.9900000095367432,48.46584701538086,49.04801559448242,46.714195251464844,-0.5869583487510681,47.301151275634766,0.5847967267036438,0.9999998807907104,0.0
49,9,-0.10630404949188232,0.9900000095367432,49.04801559448242,49.89244842529297,47.20319366455078,-0.5089565515518188,47.71215057373047,0.10333141684532166,0.9999995827674866,0.0
49,10,-0.10116720199584961,0.9900000095367432,49.89244842529297,49.76483917236328,47.67658233642578,-0.42812594771385193,48.104705810546875,0.6174644231796265,0.9999997019767761,0.0
49,11,-0.1000514030456543,0.9900000095367432,49.76483917236328,49.84600067138672,48.1811637878418,-0.34764352440834045,48.52880859375,0.3264428675174713,0.9999998211860657,0.0
49,12,-0.09549069404602051,0.9900000095367432,49.84600067138672,50.009586334228516,48.71221923828125,-0.2632558345794678,48.97547149658203,0.5195791721343994,0.9999856948852539,0.0
49,13,-0.09437382221221924,0.9900000095367432,50.009586334228516,50.39703369140625,49.263404846191406,-0.17837867140769958,49.4417839050293,0.16875070333480835,0.9999995827674866,0.0
49,14,-0.08931934833526611,0.9900000095367432,50.39703369140625,50.42142105102539,49.827884674072266,-0.08931934833526611,49.917205810546875,0.6088295578956604,0.9999997615814209,0.0
50,0,-0.11348593235015869,0.9900000095367432,32.58382034301758,34.83148193359375,33.642696380615234,-1.1627901792526245,34.80549240112305,0.9990845918655396,0.9998576045036316,0.0
50,1,-0.11493468284606934,0.9900000095367432,34.83148193359375,34.78264236450195,34.058509826660156,-1.115687608718872,35.174198150634766,0.9999476671218872,0.999968409538269,1.1920928955078125e-07
50,2,-0.11571788787841797,0.9900000095367432,34.78264236450195,35.16904830932617,34.50473403930664,-1.0640647411346436,35.56880187988281,0.9993842244148254,0.9999973773956299,2.9802322387695312e-08
50,3,-0.11604118347167969,0.9900000095367432,35.16904830932617,35.61139678955078,34.959686279296875,-1.0083433389663696,35.9680290222168,0.9814053773880005,0.9999529123306274,2.9802322387695312e-08
50,4,-0.11695563793182373,0.9900000095367432,35.61139678955078,35.636474609375,35.42047882080078,-0.9487529397010803,36.369232177734375,0.39051753282546997,0.9999740719795227,0.0
50,5,-0.11795127391815186,0.9900000095367432,35.636474609375,36.6948356628418,35.91007995605469,-0.8844203352928162,36.79450225830078,-0.8548535108566284,0.9999980926513672,0.0
50,6,-0.11677253246307373,0.9900000095367432,36.6948356628418,37.94239807128906,36.376007080078125,-0.8149591088294983,37.19097137451172,-0.9800088405609131,0.9999127388000488,2.086162567138672e-07
50,7,-0.11632740497589111,0.9900000095367432,37.94239807128906,38.98281478881836,36.80449676513672,-0.7423567771911621,37.54685974121094,-0.9798339009284973,0.9992153644561768,2.682209014892578e-07
50,8,-0.11601269245147705,0.9900000095367432,38.98281478881836,39.51238250732422,37.204864501953125,-0.6656346321105957,37.87050247192383,-0.9153092503547668,0.999725341796875,6.556510925292969e-07
50,9,-0.11548376083374023,0.9900000095367432,39.51238250732422,39.8218994140625,37.60235595703125,-0.5843933820724487,38.18674850463867,-0.50584876537323,0.9997427463531494,2.086162567138672e-07
50,10,-0.11212372779846191,0.9900000095367432,39.8218994140625,40.53627014160156,38.00813674926758,-0.498574823141098,38.506710052490234,0.8595449328422546,0.9986236095428467,8.940696716308594e-08
50,11,-0.11214125156402588,0.9900000095367432,40.53627014160156,40.69485855102539,38.39842224121094,-0.4108996093273163,38.809322357177734,0.9950229525566101,0.9989585280418396,1.4901161193847656e-07
50,12,-0.1119070053100586,0.9900000095367432,40.69485855102539,40.473445892333984,38.80506896972656,-0.31765908002853394,39.12273025512695,0.9909058213233948,0.9998170137405396,2.384185791015625e-07
50,13,-0.11219370365142822,0.9900000095367432,40.473445892333984,40.53181076049805,39.24884796142578,-0.21876880526542664,39.46761703491211,0.933042585849762,0.9999738335609436,4.76837158203125e-07
50,14,-0.11331748962402344,0.9900000095367432,40.53181076049805,40.233585357666016,39.717933654785156,-0.11331748962402344,39.83124923706055,0.5636656880378723,0.9999992847442627,0.0
51,0,-0.11792516708374023,0.9900000095367432,59.96637725830078,58.23308181762695,52.919639587402344,-0.9566442966461182,53.876285552978516,-0.9999998211860657,0.9999977350234985,0.0
51,1,-0.11750912666320801,0.9900000095367432,58.23308181762695,60.39751052856445,53.32804489135742,-0.8917800188064575,54.219825744628906,-0.9999998211860657,0.9999997615814209,0.0
51,2,-0.11722898483276367,0.9900000095367432,60.39751052856445,60.0584602355957,53.647926330566406,-0.8232545256614685,54.471187591552734,-0.9999988079071045,0.9999996423721313,0.0
51,3,-0.11718475818634033,0.9900000095367432,60.0584602355957,60.788272857666016,54.00559616088867,-0.7506917119026184,54.75629425048828,-0.9999966025352478,0.9999998211860657,0.0
51,4,-0.11603128910064697,0.9900000095367432,60.788272857666016,60.85249710083008,54.347434997558594,-0.6735852360725403,55.021026611328125,-0.9999855160713196,0.9999977350234985,0.0
51,5,-0.11073744297027588,0.9900000095367432,60.85249710083008,60.84440231323242,54.706295013427734,-0.5928272008895874,55.29912567138672,-0.9998908042907715,0.9999991655349731,0.0
51,6,-0.10141193866729736,0.9900000095367432,60.84440231323242,60.91739273071289,55.08264923095703,-0.5125887393951416,55.59524154663086,-0.9994601011276245,0.9999969005584717,0.0
51,7,-0.09105134010314941,0.9900000095367432,60.91739273071289,61.74288558959961,55.46906280517578,-0.43718963861465454,55.90625762939453,-0.9760738611221313,0.999916672706604,2.9802322387695312e-08
51,8,-0.056193236261606216,0.9900000095367432,61.74288558959961,61.452877044677734,55.825462341308594,-0.3680364787578583,56.19350051879883,0.3035011887550354,0.9999643564224243,8.106231689453125e-06
51,9,-0.035876039415597916,0.9900000095367432,61.452877044677734,60.82759475708008,56.1826057434082,-0.3315717577934265,56.51417922973633,0.9996613264083862,0.9998838305473328,2.980232238769531e-07
51,10,-0.043499235063791275,0.9900000095367432,60.82759475708008,60.03133010864258,56.57365036010742,-0.31440266966819763,56.88805389404297,0.999947190284729,0.9992700815200806,5.960464477539063e-08
51,11,-0.05925321951508522,0.9900000095367432,60.03133010864258,59.61429214477539,57.03944396972656,-0.2880419194698334,57.32748794555664,0.9994229078292847,0.9999649524688721,0.0
51,12,-0.07480144500732422,0.9900000095367432,59.61429214477539,59.3167724609375,57.57341003417969,-0.24326282739639282,57.816673278808594,0.9872640371322632,0.9999959468841553,0.0
51,13,-0.0905919075012207,0.9900000095367432,59.3167724609375,58.971858978271484,58.17334747314453,-0.17911896109580994,58.35246658325195,0.7196257710456848,0.9999924898147583,5.960464477539063e-08
51,14,-0.09412765502929688,0.9900000095367432,58.971858978271484,59.53566360473633,58.8461799621582,-0.09412765502929688,58.9403076171875,0.6285398006439209,0.9999895691871643,0.0
52,0,-0.052265409380197525,0.9900000095367432,27.596099853515625,29.046329498291016,30.26933479309082,-0.8386992812156677,31.10803985595703,-0.9999980330467224,0.9996507167816162,2.9802322387695312e-08
52,1,-0.061610106378793716,0.9900000095367432,29.046329498291016,30.92009735107422,30.711118698120117,-0.8361870050430298,31.547311782836914,-0.9999996423721313,0.9990102052688599,5.364418029785156e-07
52,2,-0.06981956958770752,0.9900000095367432,30.92009735107422,33.39566421508789,31.092166900634766,-0.8235799074172974,31.915752410888672,-0.9999999403953552,0.9998929500579834,5.424022674560547e-06
52,3,-0.07732880115509033,0.9900000095367432,33.39566421508789,35.376956939697266,31.375761032104492,-0.8014463782310486,32.17721176147461,-0.9999999403953552,0.9998874664306641,2.9802322387695312e-08
52,4,-0.08344650268554688,0.9900000095367432,35.376956939697266,36.66770553588867,31.58099937438965,-0.7699283361434937,32.35093688964844,-0.9999999403953552,0.9942183494567871,2.086162567138672e-07
52,5,-0.08779752254486084,0.9900000095367432,36.66770553588867,36.83517074584961,31.73779296875,-0.7299115657806396,32.467716217041016,-0.9999999403953552,0.9995649456977844,6.973743438720703e-06
52,6,-0.09305274486541748,0.9900000095367432,36.83517074584961,36.14656448364258,31.900318145751953,-0.682736873626709,32.58306884765625,-0.9999997615814209,0.9999597668647766,5.960464477539063e-08
52,7,-0.09741830825805664,0.9900000095367432,36.14656448364258,35.177188873291016,32.11495590209961,-0.6269900798797607,32.74195861816406,-0.9999954104423523,0.9999924302101135,7.969141006469727e-05
52,8,-0.10032713413238525,0.9900000095367432,35.177188873291016,34.421146392822266,32.39883804321289,-0.5630747079849243,32.96192169189453,-0.9999695420265198,0.9997883439064026,1.5735626220703125e-05
52,9,-0.10153758525848389,0.9900000095367432,34.421146392822266,34.05658721923828,32.743560791015625,-0.49202293157577515,33.235591888427734,-0.9994276762008667,0.9999669790267944,4.351139068603516e-06
52,10,-0.10110056400299072,0.9900000095367432,34.05658721923828,34.0821647644043,33.13056564331055,-0.41518908739089966,33.54576110839844,-0.9974834322929382,0.9999746680259705,7.450580596923828e-06
52,11,-0.09895050525665283,0.9900000095367432,34.0821647644043,34.33681869506836,33.540245056152344,-0.33395910263061523,33.87420654296875,-0.9873459935188293,0.9997574687004089,7.897615432739258e-06
52,12,-0.09505748748779297,0.9900000095367432,34.33681869506836,34.613765716552734,33.96015167236328,-0.2498762458562851,34.21002960205078,-0.9226287603378296,0.9998888373374939,5.364418029785156e-07
52,13,-0.08969879150390625,0.9900000095367432,34.613765716552734,34.68509292602539,34.38790512084961,-0.1646132469177246,34.552520751953125,-0.6796183586120605,0.9997237920761108,4.082918167114258e-06
52,14,-0.07965385913848877,0.9900000095367432,34.68509292602539,35.265586853027344,34.833274841308594,-0.07965385913848877,34.91292953491211,0.7175373435020447,0.999958336353302,2.682209014892578e-07
53,0,0.809745192527771,0.9900000095367432,90.75332641601562,94.82164001464844,104.41460418701172,11.737550735473633,92.67707061767578,-1.0,0.9999731779098511,7.361173629760742e-06
53,1,0.9552600979804993,0.9900000095367432,94.82164001464844,95.50456237792969,105.16873168945312,11.619145393371582,93.54960632324219,-1.0,0.9994725584983826,9.5367431640625e-07
53,2,1.0175573825836182,0.9900000095367432,95.50456237792969,97.57776641845703,105.77989196777344,11.338526725769043,94.44139099121094,-1.0,0.9999940395355225,8.13603401184082e-06
53,3,1.0693564414978027,0.9900000095367432,97.57776641845703,98.344970703125,106.2543716430664,10.973917007446289,95.28047180175781,-1.0,0.9999993443489075,1.7285346984863281e-06
53,4,1.104525089263916,0.9900000095367432,98.344970703125,99.40139770507812,106.66341400146484,10.531166076660156,96.13226318359375,-1.0,0.999976396560669,1.1920928955078125e-07
53,5,1.1465537548065186,0.9900000095367432,99.40139770507812,100.20174407958984,107.00534057617188,10.023009300231934,96.98234558105469,-1.0,0.9999911189079285,1.0758638381958008e-05
53,6,1.1845345497131348,0.9900000095367432,100.20174407958984,101.19542694091797,107.28208923339844,9.438016891479492,97.84408569335938,-1.0,0.9999959468841553,4.172325134277344e-07
53,7,1.2273449897766113,0.9900000095367432,101.19542694091797,102.04967498779297,107.4836654663086,8.77563190460205,98.70803833007812,-1.0,0.9997550249099731,6.794929504394531e-06
53,8,1.2677383422851562,0.9900000095367432,102.04967498779297,102.9567642211914,107.60750579833984,8.025823593139648,99.5816879272461,-1.0,0.9964147210121155,8.970499038696289e-06
53,9,1.308748722076416,0.9900000095367432,102.9567642211914,103.72907257080078,107.64849090576172,7.185629844665527,100.46287536621094,-1.0,0.9998858571052551,3.3676624298095703e-06
53,10,1.34633207321167,0.9900000095367432,103.72907257080078,104.4623031616211,107.60781860351562,6.2486772537231445,101.35916137695312,-1.0,0.9999602437019348,1.6093254089355469e-06
53,11,1.3825690746307373,0.9900000095367432,104.4623031616211,105.06230926513672,107.48603057861328,5.212488174438477,102.27355194091797,-1.0,0.9999501705169678,3.2186508178710938e-06
53,12,1.415041208267212,0.9900000095367432,105.06230926513672,105.58195495605469,107.28643035888672,4.072216033935547,103.21421813964844,-1.0,0.999953031539917,5.960464477539062e-07
53,13,1.4442272186279297,0.9900000095367432,105.58195495605469,105.97461700439453,107.01231384277344,2.8252792358398438,104.1870346069336,-1.0,0.9993263483047485,2.5033950805664062e-06
53,14,1.4684233665466309,0.9900000095367432,105.97461700439453,106.26336669921875,106.66915893554688,1.4684233665466309,105.20073699951172,-0.9999999403953552,0.9999099969863892,6.4373016357421875e-06
54,0,-0.11244344711303711,0.9900000095367432,29.926475524902344,31.04779815673828,33.39942169189453,-1.1130998134613037,34.51252365112305,1.0,0.9994051456451416,0.0
54,1,-0.11172735691070557,0.9900000095367432,31.04779815673828,31.284645080566406,33.99787139892578,-1.0639621019363403,35.06183624267578,1.0,0.9998347759246826,0.0
54,2,-0.1114121675491333,0.9900000095367432,31.284645080566406,31.599903106689453,34.62095642089844,-1.012477159500122,35.63343811035156,1.0,0.9999430179595947,0.0
54,3,-0.11121642589569092,0.9900000095367432,31.599903106689453,32.17702102661133,35.26653289794922,-0.9580700993537903,36.224605560302734,1.0,0.9999943971633911,0.0
54,4,-0.11084091663360596,0.9900000095367432,32.17702102661133,32.6739501953125,35.922367095947266,-0.9004291892051697,36.82279968261719,0.9999999403953552,0.9999861717224121,0.0
54,5,-0.1103661060333252,0.9900000095367432,32.6739501953125,33.96894454956055,36.5931396484375,-0.839540958404541,37.43268585205078,0.9999992847442627,0.9999997615814209,0.0
54,6,-0.10811448097229004,0.9900000095367432,33.96894454956055,35.884891510009766,37.23768615722656,-0.7753055691719055,38.012996673583984,0.9999935030937195,0.9999978542327881,0.0
54,7,-0.10463595390319824,0.9900000095367432,35.884891510009766,37.715675354003906,37.81978225708008,-0.7094004154205322,38.52918243408203,0.9999009370803833,0.9999740123748779,0.0
54,8,-0.10315120220184326,0.9900000095367432,37.715675354003906,39.10098648071289,38.33864212036133,-0.6430243849754333,38.981666564941406,0.9982273578643799,0.9999998807907104,0.0
54,9,-0.10431015491485596,0.9900000095367432,39.10098648071289,40.121307373046875,38.81583786010742,-0.5740278959274292,39.38986587524414,0.9695549607276917,0.999999463558197,0.0
54,10,-0.10735881328582764,0.9900000095367432,40.121307373046875,40.54688262939453,39.270751953125,-0.49943408370018005,39.77018737792969,0.7778503894805908,0.9999992847442627,0.0
54,11,-0.11135315895080566,0.9900000095367432,40.54688262939453,40.45466995239258,39.73529052734375,-0.4168795943260193,40.15217208862305,0.2969951331615448,0.999997615814209,0.0
54,12,-0.11370182037353516,0.9900000095367432,40.45466995239258,41.41437530517578,40.23832321166992,-0.32485532760620117,40.56317901611328,0.1695343255996704,0.9999995827674866,0.0
54,13,-0.1152033805847168,0.9900000095367432,41.41437530517578,41.70954132080078,40.725162506103516,-0.224511981010437,40.949676513671875,-0.019296932965517044,0.9999934434890747,0.0
54,14,-0.11622393131256104,0.9900000095367432,41.70954132080078,41.76271057128906,41.22886276245117,-0.11622393131256104,41.34508514404297,-0.47219452261924744,0.9999973773956299,0.0
55,0,0.3690950870513916,0.9900000095367432,81.72806549072266,83.32009887695312,94.88451385498047,9.354931831359863,85.52958679199219,-0.9999999403953552,0.9999998807907104,0.0
55,1,0.543768048286438,0.9900000095367432,83.32009887695312,87.51988983154297,96.10958862304688,9.554319381713867,86.55528259277344,-0.9999999403953552,1.0,0.0
55,2,0.6596169471740723,0.9900000095367432,87.51988983154297,88.99079132080078,97.00540924072266,9.580596923828125,87.4248275756836,-0.9999998211860657,0.9999998807907104,0.0
55,3,0.762001633644104,0.9900000095367432,88.99079132080078,90.85224151611328,97.75730895996094,9.485359191894531,88.27196502685547,-0.9999995827674866,0.9999997615814209,0.0
55,4,0.8652814626693726,0.9900000095367432,90.85224151611328,92.32373809814453,98.34994506835938,9.275233268737793,89.07472229003906,-0.9999989867210388,0.9999995231628418,0.0
55,5,0.9549799561500549,0.9900000095367432,92.32373809814453,94.73455810546875,98.79281616210938,8.942000389099121,89.85081481933594,-0.9999953508377075,0.9999970197677612,2.9802322387695312e-08
55,6,1.0805459022521973,0.9900000095367432,94.73455810546875,96.99443054199219,99.04144287109375,8.492313385009766,90.54913330078125,-0.9999790787696838,0.9999979734420776,0.0
55,7,1.1507937908172607,0.9900000095367432,96.99443054199219,98.4727783203125,99.0533447265625,7.880667686462402,91.17267608642578,-0.9993838667869568,0.999998152256012,0.0
55,8,1.1975147724151611,0.9900000095367432,98.4727783203125,98.981689453125,98.91350555419922,7.155633926391602,91.75787353515625,-0.8634135127067566,0.9999890327453613,2.086162567138672e-07
55,9,1.2533650398254395,0.9900000095367432,98.981689453125,99.20365142822266,98.6883544921875,6.335054874420166,92.35330963134766,0.9045748114585876,0.9998311996459961,0.0
55,10,1.1946501731872559,0.9900000095367432,99.20365142822266,99.08876037597656,98.37789916992188,5.403178691864014,92.97472381591797,0.9999961853027344,0.9999743700027466,0.0
55,11,1.2109434604644775,0.9900000095367432,99.08876037597656,98.55809783935547,98.11627960205078,4.474778175354004,93.6415023803711,0.9999951720237732,0.9999454617500305,0.0
55,12,1.2128825187683105,0.9900000095367432,98.55809783935547,98.38778686523438,97.84871673583984,3.4703190326690674,94.37838745117188,0.9998812079429626,0.999997079372406,0.0
55,13,1.2376999855041504,0.9900000095367432,98.38778686523438,97.69062042236328,97.57112121582031,2.4002513885498047,95.17086029052734,0.9941260814666748,0.9999929666519165,2.9802322387695312e-08
55,14,1.2360992431640625,0.9900000095367432,97.69062042236328,97.0203628540039,97.28626251220703,1.2360992431640625,96.05016326904297,0.5842618942260742,0.9999508857727051,0.0
56,0,-0.08056449890136719,0.9900000095367432,62.63325881958008,59.42082595825195,56.68122863769531,-0.0875207781791687,56.76875305175781,-0.9999998211860657,0.9999999403953552,0.0
56,1,-0.07525181770324707,0.9900000095367432,59.42082595825195,60.652061462402344,57.22536849975586,-0.007396362721920013,57.23277282714844,-0.9999985098838806,0.9999999403953552,0.0
56,2,-0.07430672645568848,0.9900000095367432,60.652061462402344,60.805362701416016,57.73348617553711,0.07214827835559845,57.661346435546875,-0.9999319911003113,0.9999998807907104,0.0
56,3,-0.07492327690124512,0.9900000095367432,60.805362701416016,61.54125213623047,58.26467514038086,0.15572036802768707,58.10896301269531,-0.9992997646331787,0.999988317489624,0.0
56,4,-0.07277548313140869,0.9900000095367432,61.54125213623047,62.326717376708984,58.79139709472656,0.2452351450920105,58.546173095703125,-0.996391236782074,0.9999984502792358,0.0
56,5,-0.047411445528268814,0.9900000095367432,62.326717376708984,62.78720474243164,59.30781555175781,0.33812931180000305,58.969696044921875,-0.9679309129714966,0.9999998807907104,0.0
56,6,0.07012438774108887,0.9900000095367432,62.78720474243164,63.356842041015625,59.80570602416992,0.4099316895008087,59.395782470703125,-0.43623238801956177,0.9999815225601196,0.0
56,7,0.23394441604614258,0.9900000095367432,63.356842041015625,63.94882583618164,60.18013381958008,0.3613049387931824,59.81884002685547,0.9227526187896729,0.9999724626541138,0.0
56,8,0.12293422222137451,0.9900000095367432,63.94882583618164,63.8098258972168,60.3729133605957,0.1354178786277771,60.23750305175781,0.9736330509185791,0.9999931454658508,1.4901161193847656e-07
56,9,0.0005483590066432953,0.9900000095367432,63.8098258972168,63.17372512817383,60.70323944091797,0.01327342726290226,60.689971923828125,0.25559213757514954,0.9999936819076538,0.0
56,10,-0.05336499586701393,0.9900000095367432,63.17372512817383,63.3814811706543,61.21806716918945,0.013530109077692032,61.20454025268555,-0.642115592956543,0.9999715089797974,0.0
56,11,0.005378600209951401,0.9900000095367432,63.3814811706543,64.04553985595703,61.81185531616211,0.07112717628479004,61.74073028564453,-0.17010259628295898,0.9999996423721313,0.0
56,12,0.08436393737792969,0.9900000095367432,64.04553985595703,64.18467712402344,62.345794677734375,0.06990811228752136,62.2758903503418,0.787884533405304,0.9999991655349731,5.960464477539063e-08
56,13,0.021019574254751205,0.9900000095367432,64.18467712402344,63.96427536010742,62.82221603393555,-0.015370365232229233,62.83758544921875,0.6840404272079468,0.9999980926513672,0.0
56,14,-0.03869212046265602,0.9900000095367432,63.96427536010742,64.08728790283203,63.40772247314453,-0.03869212046265602,63.446414947509766,-0.7177830338478088,0.999998152256012,0.0
57,0,-0.09755611419677734,0.9900000095367432,32.29884338378906,34.1424560546875,29.35458755493164,-1.0910916328430176,30.445674896240234,0.999992847442627,0.9987566471099854,3.1888484954833984e-06
57,1,-0.10072457790374756,0.9900000095367432,34.1424560546875,34.419639587402344,29.5184383392334,-1.0563907623291016,30.574825286865234,0.999994158744812,0.9996745586395264,0.0
57,2,-0.10315215587615967,0.9900000095367432,34.419639587402344,35.75132369995117,29.68143653869629,-1.0161256790161133,30.69755744934082,0.9999068379402161,0.9989690780639648,0.0
57,3,-0.10483443737030029,0.9900000095367432,35.75132369995117,36.375545501708984,29.7872371673584,-0.9707320928573608,30.757966995239258,0.9995487332344055,0.9999558925628662,1.4901161193847656e-07
57,4,-0.10720491409301758,0.9900000095367432,36.375545501708984,36.853633880615234,29.86866569519043,-0.9206780195236206,30.789342880249023,0.9977834820747375,0.9996907711029053,4.76837158203125e-07
57,5,-0.10914862155914307,0.9900000095367432,36.853633880615234,37.04719924926758,29.93260383605957,-0.864936888217926,30.79754066467285,0.9878232479095459,0.9998514652252197,0.0
57,6,-0.11071658134460449,0.9900000095367432,37.04719924926758,37.04448318481445,29.992467880249023,-0.8036026358604431,30.796072006225586,0.9360654354095459,0.9999988079071045,3.5762786865234375e-07
57,7,-0.1119532585144043,0.9900000095367432,37.04448318481445,36.73920822143555,30.05792808532715,-0.7367209196090698,30.794652938842773,0.7213808298110962,0.9999922513961792,0.0
57,8,-0.1128157377243042,0.9900000095367432,36.73920822143555,36.27943801879883,30.144914627075195,-0.664293110370636,30.8092098236084,0.439407080411911,0.9999966621398926,0.0
57,9,-0.11292576789855957,0.9900000095367432,36.27943801879883,35.68672180175781,30.26251792907715,-0.5863661766052246,30.84888458251953,0.5418803095817566,0.9999933838844299,0.0
57,10,-0.11329078674316406,0.9900000095367432,35.68672180175781,35.09451675415039,30.418874740600586,-0.503392219543457,30.92226791381836,0.3604917824268341,0.9999970197677612,0.0
57,11,-0.11336815357208252,0.9900000095367432,35.09451675415039,34.406944274902344,30.61667823791504,-0.4147808849811554,31.03145980834961,0.29121989011764526,0.9999992847442627,0.0
57,12,-0.11340713500976562,0.9900000095367432,34.406944274902344,33.6547737121582,30.86326789855957,-0.32048138976097107,31.183748245239258,0.28695592284202576,0.9999749660491943,0.0
57,13,-0.1134566068649292,0.9900000095367432,33.6547737121582,32.81877517700195,31.165084838867188,-0.2201746553182602,31.3852596282959,0.21684354543685913,0.9999991059303284,0.0
57,14,-0.11346948146820068,0.9900000095367432,32.81877517700195,31.963151931762695,31.53005027770996,-0.11346948146820068,31.64352035522461,0.18561501801013947,0.9999932050704956,0.0
58,0,-0.11673951148986816,0.9900000095367432,36.68509292602539,35.63657760620117,29.57976722717285,-1.193974256515503,30.773740768432617,0.6451722383499146,0.999989926815033,0.0
58,1,-0.11771488189697266,0.9900000095367432,35.63657760620117,35.638572692871094,29.699623107910156,-1.1453852653503418,30.845008850097656,0.2076527327299118,0.9999980926513672,0.0
58,2,-0.11769974231719971,0.9900000095367432,35.638572692871094,35.89975357055664,29.82799530029297,-1.0926851034164429,30.920679092407227,0.3965224027633667,0.9999996423721313,0.0
58,3,-0.1181635856628418,0.9900000095367432,35.89975357055664,35.54035568237305,29.950725555419922,-1.0366671085357666,30.98739242553711,0.19826596975326538,0.9998792409896851,0.0
58,4,-0.11840605735778809,0.9900000095367432,35.54035568237305,35.41320037841797,30.100629806518555,-0.9766119718551636,31.077239990234375,0.14631327986717224,0.9999152421951294,0.0
58,5,-0.11866652965545654,0.9900000095367432,35.41320037841797,35.19601821899414,30.2669677734375,-0.9124996066093445,31.17946434020996,0.08653105050325394,0.9999935626983643,0.0
58,6,-0.11880362033843994,0.9900000095367432,35.19601821899414,34.85226058959961,30.455535888671875,-0.8440542817115784,31.29958724975586,0.08627299964427948,0.9999841451644897,0.0
58,7,-0.11891019344329834,0.9900000095367432,34.85226058959961,34.49443435668945,30.674272537231445,-0.7711331248283386,31.445402145385742,0.09822654724121094,0.9999998807907104,0.0
58,8,-0.11891937255859375,0.9900000095367432,34.49443435668945,34.06367874145508,30.925792694091797,-0.6934853196144104,31.619274139404297,0.14897099137306213,0.9999966621398926,0.0
58,9,-0.11888229846954346,0.9900000095367432,34.06367874145508,33.66976547241211,31.215906143188477,-0.6109154224395752,31.82681655883789,0.20603495836257935,0.999998152256012,0.0
58,10,-0.11848723888397217,0.9900000095367432,33.66976547241211,33.52907180786133,31.545066833496094,-0.5231612324714661,32.06822204589844,0.49208730459213257,0.9999736547470093,0.0
58,11,-0.11822700500488281,0.9900000095367432,33.52907180786133,33.206634521484375,31.902036666870117,-0.4302753508090973,32.332305908203125,0.54830402135849,0.9999710321426392,0.0
58,12,-0.117706298828125,0.9900000095367432,33.206634521484375,33.409000396728516,32.298282623291016,-0.33178985118865967,32.63006591796875,0.7191224098205566,0.9999146461486816,0.0
58,13,-0.11757588386535645,0.9900000095367432,33.409000396728516,33.19818115234375,32.70839309692383,-0.22762736678123474,32.93601608276367,0.6327438354492188,1.0,0.0
58,14,-0.11701381206512451,0.9900000095367432,33.19818115234375,33.60850143432617,33.15540313720703,-0.11701381206512451,33.27241516113281,0.7833513021469116,0.9999998211860657,0.0
59,0,0.9393819570541382,0.9900000095367432,105.40105438232422,105.48686218261719,100.91797637939453,10.038251876831055,90.87973022460938,0.9901219606399536,0.9999990463256836,0.0
59,1,0.9145269393920898,0.9900000095367432,105.48686218261719,104.52861785888672,100.75171661376953,9.674503326416016,91.07722473144531,0.6189275979995728,0.9999994039535522,0.0
59,2,0.8893784284591675,0.9900000095367432,104.52861785888672,102.65604400634766,100.65180206298828,9.314169883728027,91.33763885498047,-0.6969383955001831,0.999991238117218,0.0
59,3,0.9051529169082642,0.9900000095367432,102.65604400634766,103.69869232177734,100.67086029052734,8.957779884338379,91.71308898925781,-0.17429649829864502,0.9999977350234985,0.0
59,4,0.9866591095924377,0.9900000095367432,103.69869232177734,103.94274139404297,100.6194839477539,8.5620698928833,92.05741882324219,0.6657576560974121,0.9999918341636658,0.0
59,5,0.9654608368873596,0.9900000095367432,103.94274139404297,103.66243743896484,100.4653549194336,8.054662704467773,92.41069030761719,0.6152887940406799,0.9999973177909851,0.0
59,6,0.9684181809425354,0.9900000095367432,103.66243743896484,101.38362884521484,100.33876037597656,7.537694454193115,92.80106353759766,0.03259226679801941,0.9999946355819702,0.0
59,7,0.9810164570808411,0.9900000095367432,101.38362884521484,101.4320297241211,100.3209457397461,6.98487663269043,93.33606719970703,-0.3257785141468048,0.9999974370002747,0.0
59,8,1.0301401615142822,0.9900000095367432,101.4320297241211,101.54310607910156,100.28606414794922,6.383689880371094,93.90237426757812,0.033985961228609085,0.9999922513961792,0.0
59,9,1.0319061279296875,0.9900000095367432,101.54310607910156,101.57596588134766,100.1908950805664,5.692237377166748,94.49866485595703,-0.10451158136129379,0.999997615814209,0.0
59,10,1.08333420753479,0.9900000095367432,101.57596588134766,100.76123809814453,100.08609771728516,4.955163478851318,95.13094329833984,-0.06405078619718552,0.9999690055847168,0.0
59,11,1.0818202495574951,0.9900000095367432,100.76123809814453,100.95137786865234,99.96287536621094,4.116777420043945,95.84609985351562,-0.2817549407482147,0.9999977946281433,0.0
59,12,1.1134324073791504,0.9900000095367432,100.95137786865234,100.58464050292969,99.82345581054688,3.226961612701416,96.59649658203125,-0.2920483648777008,0.9999842047691345,0.0
59,13,1.1458854675292969,0.9900000095367432,100.58464050292969,100.51628112792969,99.66090393066406,2.2472400665283203,97.41366577148438,-0.15378376841545105,0.999999463558197,0.0
59,14,1.1710309982299805,0.9900000095367432,100.51628112792969,99.2789306640625,99.45716094970703,1.1710309982299805,98.2861328125,0.029621675610542297,0.9999988079071045,0.0
60,0,-0.11949563026428223,0.9900000095367432,29.378164291381836,33.342166900634766,34.274662017822266,-1.1796555519104004,35.45431137084961,-1.0,0.9845342040061951,5.510449409484863e-05
60,1,-0.11879253387451172,0.9900000095367432,33.342166900634766,33.594566345214844,34.81522750854492,-1.127230167388916,35.94245147705078,-0.9999265670776367,0.9999903440475464,0.00037741661071777344
60,2,-0.11829757690429688,0.9900000095367432,33.594566345214844,34.23404312133789,35.37595748901367,-1.0722355842590332,36.44818878173828,-0.9345578551292419,0.9936915040016174,1.1920928955078125e-05
60,3,-0.11667287349700928,0.9900000095367432,34.23404312133789,33.38875198364258,35.93798065185547,-1.0142881870269775,36.952266693115234,0.9775532484054565,0.9981478452682495,1.7940998077392578e-05
60,4,-0.11668598651885986,0.9900000095367432,33.38875198364258,35.34347915649414,36.57832336425781,-0.9544023275375366,37.53272247314453,1.0,0.9965879321098328,2.86102294921875e-06
60,5,-0.11582565307617188,0.9900000095367432,35.34347915649414,37.43768310546875,37.156307220458984,-0.8907138109207153,38.047019958496094,1.0,0.9987143874168396,4.023313522338867e-06
60,6,-0.11548292636871338,0.9900000095367432,37.43768310546875,39.642845153808594,37.659725189208984,-0.8239108920097351,38.4836311340332,1.0,0.9996563196182251,3.4570693969726562e-06
60,7,-0.11525237560272217,0.9900000095367432,39.642845153808594,40.98662567138672,38.07855987548828,-0.7532461285591125,38.8317985534668,1.0,0.9998960494995117,8.940696716308594e-08
60,8,-0.11540341377258301,0.9900000095367432,40.98662567138672,41.98735046386719,38.45292282104492,-0.6783559322357178,39.13126754760742,1.0,0.9999334812164307,2.9802322387695312e-08
60,9,-0.11564791202545166,0.9900000095367432,41.98735046386719,42.385257720947266,38.798458099365234,-0.5985673069953918,39.39701461791992,0.9999999403953552,0.9999927282333374,2.9802322387695312e-08
60,10,-0.11589217185974121,0.9900000095367432,42.385257720947266,42.50432205200195,39.145172119140625,-0.5134708881378174,39.658634185791016,0.9999951720237732,0.9999932050704956,2.9802322387695312e-08
60,11,-0.11577391624450684,0.9900000095367432,42.50432205200195,42.37852096557617,39.5078125,-0.4227311909198761,39.930538177490234,0.9996526837348938,0.9999338984489441,0.0
60,12,-0.115470290184021,0.9900000095367432,42.37852096557617,42.214107513427734,39.8998908996582,-0.32637667655944824,40.22626495361328,0.9891093373298645,0.9999993443489075,0.0
60,13,-0.11538088321685791,0.9900000095367432,42.214107513427734,41.883426666259766,40.325103759765625,-0.2242492139339447,40.549354553222656,0.8297643065452576,0.9999868869781494,0.0
60,14,-0.11575579643249512,0.9900000095367432,41.883426666259766,41.32352066040039,40.79452896118164,-0.11575579643249512,40.91028594970703,0.4116602838039398,0.9999999403953552,0.0
61,0,-0.11721646785736084,0.9900000095367432,45.2722053527832,43.55537796020508,40.297752380371094,-1.1733906269073486,41.47114181518555,-0.6339654922485352,0.9999999403953552,0.0
61,1,-0.11729204654693604,0.9900000095367432,43.55537796020508,45.28838348388672,40.67940139770508,-1.1229921579360962,41.802391052246094,-0.36362019181251526,0.9999885559082031,0.0
61,2,-0.11742544174194336,0.9900000095367432,45.28838348388672,45.0660285949707,40.99406433105469,-1.0693248510360718,42.063385009765625,-0.03237944096326828,0.9999996423721313,0.0
61,3,-0.11743080615997314,0.9900000095367432,45.0660285949707,44.423885345458984,41.34048080444336,-1.0121206045150757,42.352596282958984,-0.027815507724881172,0.9999974966049194,0.0
61,4,-0.11703360080718994,0.9900000095367432,44.423885345458984,44.44340515136719,41.74261474609375,-0.9512916207313538,42.69390106201172,0.09312310069799423,0.9999945163726807,0.0
61,5,-0.11615622043609619,0.9900000095367432,44.44340515136719,44.525245666503906,42.168739318847656,-0.8870366811752319,43.05577087402344,0.3185834288597107,0.9999892711639404,0.0
61,6,-0.11616230010986328,0.9900000095367432,44.525245666503906,44.44573974609375,42.61658477783203,-0.8196496367454529,43.43622589111328,0.1496690809726715,0.9999992847442627,0.0
61,7,-0.11564719676971436,0.9900000095367432,44.44573974609375,44.922237396240234,43.096954345703125,-0.7479929327964783,43.844940185546875,0.19918875396251678,0.9999997615814209,0.0
61,8,-0.11491680145263672,0.9900000095367432,44.922237396240234,45.257877349853516,43.58208084106445,-0.6723506450653076,44.25442886352539,0.33472198247909546,0.9999923706054688,0.0
61,9,-0.11482417583465576,0.9900000095367432,45.257877349853516,45.45137405395508,44.07946014404297,-0.592699408531189,44.672157287597656,0.2860976755619049,0.9999871253967285,0.0
61,10,-0.11507666110992432,0.9900000095367432,45.45137405395508,45.86136245727539,44.5980224609375,-0.5081076622009277,45.10612869262695,0.10358493775129318,1.0,0.0
61,11,-0.11393022537231445,0.9900000095367432,45.86136245727539,46.446685791015625,45.12808609008789,-0.41789576411247253,45.54597473144531,0.42103248834609985,0.9999987483024597,0.0
61,12,-0.11457109451293945,0.9900000095367432,46.446685791015625,46.5475959777832,45.65965270996094,-0.3231956958770752,45.98284149169922,0.22496458888053894,0.999992847442627,0.0
61,13,-0.11413276195526123,0.9900000095367432,46.5475959777832,47.03395462036133,46.220218658447266,-0.2218230813741684,46.44203567504883,0.343776673078537,0.9999999403953552,0.0
61,14,-0.11450326442718506,0.9900000095367432,47.03395462036133,47.37847137451172,46.790184020996094,-0.11450326442718506,46.904685974121094,0.22273387014865875,0.9999992847442627,0.0
62,0,0.5650453567504883,0.9900000095367432,72.36380767822266,72.95771026611328,74.8902359008789,6.309438705444336,68.58077239990234,0.9999914765357971,0.9999650716781616,0.0
62,1,0.5277367830276489,0.9900000095367432,72.95771026611328,72.02934265136719,75.18742370605469,6.107807636260986,69.07959747314453,0.9999708533287048,0.9999988079071045,0.0
62,2,0.5028908252716064,0.9900000095367432,72.02934265136719,72.15144348144531,75.5919418334961,5.9330902099609375,69.65884399414062,0.9998679161071777,0.9999982118606567,0.0
62,3,0.5028316974639893,0.9900000095367432,72.15144348144531,71.99723815917969,76.04205322265625,5.773736953735352,70.268310546875,0.999810516834259,0.9999814033508301,0.0
62,4,0.5150182247161865,0.9900000095367432,71.99723815917969,72.19165802001953,76.52882385253906,5.604364395141602,70.92445373535156,0.9998117089271545,0.9999814033508301,0.0
62,5,0.5461230278015137,0.9900000095367432,72.19165802001953,72.38111877441406,77.02320098876953,5.411319255828857,71.61187744140625,0.9998388290405273,0.9999992847442627,0.0
62,6,0.5835778713226318,0.9900000095367432,72.38111877441406,72.84894561767578,77.50580596923828,5.1729888916015625,72.33280944824219,0.9998928308486938,0.999995231628418,0.0
62,7,0.6287872791290283,0.9900000095367432,72.84894561767578,73.40130615234375,77.95449829101562,4.879756927490234,73.07473754882812,0.9999532699584961,0.9999960660934448,0.0
62,8,0.6747117042541504,0.9900000095367432,73.40130615234375,74.14823150634766,78.35443878173828,4.519904136657715,73.83452606201172,0.9999638795852661,0.9999995827674866,0.0
62,9,0.7208395004272461,0.9900000095367432,74.14823150634766,74.97589111328125,78.69153594970703,4.0884552001953125,74.60307312011719,0.9999739527702332,0.9999939203262329,0.0
62,10,0.7620289325714111,0.9900000095367432,74.97589111328125,75.90454864501953,78.95735168457031,3.580665111541748,75.37667846679688,0.9999756217002869,0.9999986886978149,0.0
62,11,0.7967082262039185,0.9900000095367432,75.90454864501953,76.84777069091797,79.14730834960938,2.996954917907715,76.15035247802734,0.9999736547470093,0.9999994039535522,0.0
62,12,0.8214234113693237,0.9900000095367432,76.84777069091797,77.77334594726562,79.26277160644531,2.3394436836242676,76.92332458496094,0.9999517202377319,0.9999971389770508,0.0
62,13,0.8331633806228638,0.9900000095367432,77.77334594726562,78.59906768798828,79.310546875,1.6140565872192383,77.69648742675781,0.999908983707428,0.9999961853027344,0.0
62,14,0.8302958011627197,0.9900000095367432,78.59906768798828,79.26778411865234,79.30540466308594,0.8302958011627197,78.47510528564453,0.9997673034667969,0.9999982118606567,0.0
63,0,0.08748602867126465,0.9900000095367432,70.2785873413086,66.29895782470703,69.51891326904297,0.8568968176841736,68.66200256347656,1.0,0.988386869430542,2.086162567138672e-07
63,1,0.12085700035095215,0.9900000095367432,66.29895782470703,66.96292877197266,70.33452606201172,0.8180869221687317,69.51643371582031,1.0,0.9922897815704346,2.86102294921875e-06
63,2,0.10160660743713379,0.9900000095367432,66.96292877197266,68.4345932006836,71.13131713867188,0.7413396239280701,70.38997650146484,1.0,0.9946920871734619,0.0
63,3,0.05867945775389671,0.9900000095367432,68.4345932006836,69.97510528564453,71.92152404785156,0.680205225944519,71.24131774902344,1.0,0.9988501071929932,0.0
63,4,0.030143853276968002,0.9900000095367432,69.97510528564453,70.89888763427734,72.72628784179688,0.6608461141586304,72.06544494628906,1.0,0.999954104423523,0.0
63,5,0.019367333501577377,0.9900000095367432,70.89888763427734,71.5943832397461,73.56369018554688,0.6706031560897827,72.8930892944336,0.9999986290931702,0.9999971389770508,0.0
63,6,0.023657795041799545,0.9900000095367432,71.5943832397461,72.243408203125,74.42892456054688,0.6924357414245605,73.73648834228516,0.9998922348022461,0.9997650384902954,0.0
63,7,0.036478038877248764,0.9900000095367432,72.243408203125,73.21393585205078,75.31017303466797,0.711087703704834,74.59909057617188,0.9990631937980652,0.9999995231628418,0.0
63,8,0.055655237287282944,0.9900000095367432,73.21393585205078,74.43737030029297,76.18245697021484,0.7172883152961731,75.46517944335938,0.9968977570533752,0.9999661445617676,0.0
63,9,0.07824361324310303,0.9900000095367432,74.43737030029297,75.82294464111328,77.025146484375,0.7034907937049866,76.32167053222656,0.9953287839889526,0.9999784231185913,0.0
63,10,0.10227763652801514,0.9900000095367432,75.82294464111328,77.19378662109375,77.82420349121094,0.6648029685020447,77.159423828125,0.9938970804214478,0.9999868869781494,0.0
63,11,0.1257861852645874,0.9900000095367432,77.19378662109375,78.46414184570312,78.57611846923828,0.5981130599975586,77.97802734375,0.9926063418388367,0.9999995231628418,0.0
63,12,0.15055418014526367,0.9900000095367432,78.46414184570312,79.56464385986328,79.28373718261719,0.5022082924842834,78.78155517578125,0.9913800954818726,0.9999974966049194,0.0
63,13,0.17782163619995117,0.9900000095367432,79.56464385986328,80.48009490966797,79.95187377929688,0.37390121817588806,79.57798767089844,0.9935715198516846,0.9999997615814209,0.0
63,14,0.20848441123962402,0.9900000095367432,80.48009490966797,81.18851470947266,80.58511352539062,0.20848441123962402,80.37663269042969,0.9909093976020813,0.9999984502792358,0.0
64,0,-0.10644280910491943,0.9900000095367432,48.36330795288086,45.94021224975586,42.36444091796875,-1.128283977508545,43.492733001708984,-0.9999702572822571,0.9999990463256836,0.0
64,1,-0.10852909088134766,0.9900000095367432,45.94021224975586,47.71712875366211,42.73986053466797,-1.0864871740341187,43.826358795166016,-0.999797523021698,0.999998927116394,0.0
64,2,-0.11080062389373779,0.9900000095367432,47.71712875366211,47.544315338134766,43.0477294921875,-1.039827823638916,44.08757400512695,-0.9989017844200134,0.9999260902404785,0.0
64,3,-0.1131058931350708,0.9900000095367432,47.544315338134766,47.774452209472656,43.38658905029297,-0.9878013730049133,44.37440490722656,-0.997732937335968,0.9999992847442627,0.0
64,4,-0.11506462097167969,0.9900000095367432,47.774452209472656,47.92953872680664,43.73722839355469,-0.9300324320793152,44.667274475097656,-0.9965879321098328,0.9999401569366455,0.0
64,5,-0.11613869667053223,0.9900000095367432,47.92953872680664,47.9920539855957,44.103965759277344,-0.8665261268615723,44.97050857543945,-0.9947940111160278,0.9999661445617676,5.960464477539063e-08
64,6,-0.11448872089385986,0.9900000095367432,47.9920539855957,47.2578125,44.49176025390625,-0.7978601455688477,45.289634704589844,-0.9888446927070618,0.9999731779098511,1.519918441772461e-06
64,7,-0.11225450038909912,0.9900000095367432,47.2578125,46.97720718383789,44.940975189208984,-0.7266044020652771,45.6675910949707,-0.939284086227417,0.9999986886978149,2.9802322387695312e-08
64,8,-0.10979223251342773,0.9900000095367432,46.97720718383789,47.32003402709961,45.430999755859375,-0.6532163023948669,46.084228515625,-0.3435709476470947,0.9999197721481323,1.677870750427246e-05
64,9,-0.10314750671386719,0.9900000095367432,47.32003402709961,48.33824920654297,45.931365966796875,-0.577803373336792,46.50918197631836,0.9361821413040161,0.9992401599884033,7.152557373046875e-06
64,10,-0.10848641395568848,0.9900000095367432,48.33824920654297,48.662471771240234,46.40273666381836,-0.5046846270561218,46.90742874145508,0.9913957715034485,0.9999672174453735,4.470348358154297e-07
64,11,-0.11184895038604736,0.9900000095367432,48.662471771240234,48.57715606689453,46.89253616333008,-0.4212633967399597,47.31380844116211,0.9634682536125183,0.999977707862854,0.0
64,12,-0.1142890453338623,0.9900000095367432,48.57715606689453,48.61397171020508,47.42139434814453,-0.32898932695388794,47.75038528442383,0.7589039206504822,0.9985417127609253,3.2782554626464844e-07
64,13,-0.11736035346984863,0.9900000095367432,48.61397171020508,48.821048736572266,47.9843635559082,-0.2282831072807312,48.212646484375,-0.1662284880876541,0.9999806880950928,2.384185791015625e-07
64,14,-0.11794018745422363,0.9900000095367432,48.821048736572266,49.18510437011719,48.575313568115234,-0.11794018745422363,48.69325256347656,-0.7791062593460083,0.9999747276306152,0.0
65,0,-0.11574554443359375,0.9900000095367432,49.89118576049805,50.70022964477539,45.29829788208008,-1.0959930419921875,46.394290924072266,-0.9352825880050659,0.9999472498893738,1.3113021850585938e-06
65,1,-0.11502790451049805,0.9900000095367432,50.70022964477539,50.75969696044922,45.61869430541992,-1.042262077331543,46.66095733642578,-0.7994602918624878,0.9822245240211487,3.3974647521972656e-06
65,2,-0.11409711837768555,0.9900000095367432,50.75969696044922,50.616844177246094,45.955467224121094,-0.9858948588371277,46.94136428833008,-0.4256097078323364,0.9957517385482788,8.732080459594727e-06
65,3,-0.11162471771240234,0.9900000095367432,50.616844177246094,49.66025924682617,46.32007598876953,-0.9269513487815857,47.24702835083008,0.4206891357898712,0.9987306594848633,1.7881393432617188e-07
65,4,-0.10995030403137207,0.9900000095367432,49.66025924682617,49.101009368896484,46.75546646118164,-0.8669076561927795,47.62237548828125,0.9357758164405823,0.998984694480896,3.844499588012695e-06
65,5,-0.1100313663482666,0.9900000095367432,49.101009368896484,48.78591537475586,47.24605941772461,-0.8048456907272339,48.0509033203125,0.8684678673744202,0.9987567663192749,5.692243576049805e-06
65,6,-0.11324691772460938,0.9900000095367432,48.78591537475586,49.82746505737305,47.78435516357422,-0.7387712001800537,48.52312469482422,-0.08223813027143478,0.9999728202819824,5.364418029785156e-07
65,7,-0.11388254165649414,0.9900000095367432,49.82746505737305,51.703975677490234,48.3053092956543,-0.6650975942611694,48.970401763916016,-0.9155183434486389,0.999370813369751,2.384185791015625e-07
65,8,-0.11062252521514893,0.9900000095367432,51.703975677490234,53.08757781982422,48.76113510131836,-0.5860872864723206,49.34721755981445,-0.9806709885597229,0.9995666742324829,2.384185791015625e-07
65,9,-0.10760354995727539,0.9900000095367432,53.08757781982422,53.329322814941406,49.16950607299805,-0.5055446624755859,49.675048828125,-0.9396896362304688,0.999541163444519,4.76837158203125e-07
65,10,-0.10401368141174316,0.9900000095367432,53.329322814941406,52.89658737182617,49.58778381347656,-0.4231165945529938,50.010894775390625,-0.38724347949028015,0.9963558912277222,8.13603401184082e-06
65,11,-0.0947188138961792,0.9900000095367432,52.89658737182617,51.84312438964844,50.051483154296875,-0.3392907381057739,50.39076614379883,0.9505907893180847,0.9979488253593445,6.130337715148926e-05
65,12,-0.09357237815856934,0.9900000095367432,51.84312438964844,51.90260314941406,50.5900764465332,-0.26004457473754883,50.85011672973633,0.9987881183624268,0.9979404211044312,4.947185516357422e-06
65,13,-0.09089052677154541,0.9900000095367432,51.90260314941406,52.02946472167969,51.158390045166016,-0.17700394988059998,51.335391998291016,0.9917574524879456,0.9998454451560974,1.4901161193847656e-07
65,14,-0.09156131744384766,0.9900000095367432,52.02946472167969,52.36837387084961,51.75313186645508,-0.09156131744384766,51.84469223022461,0.7444038391113281,0.9997463226318359,2.682209014892578e-07
66,0,0.8349490165710449,0.9900000095367432,91.62728881835938,94.93894958496094,104.05977630615234,12.93526840209961,91.12451171875,-1.0,0.9999086856842041,5.066394805908203e-07
66,1,0.9998705983161926,0.9900000095367432,94.93894958496094,95.38021087646484,104.75847625732422,12.865838050842285,91.89264678955078,-1.0,0.9999962449073792,2.682209014892578e-07
66,2,1.0808162689208984,0.9900000095367432,95.38021087646484,96.73741149902344,105.30280303955078,12.616658210754395,92.68614959716797,-1.0,0.9999665021896362,6.556510925292969e-07
66,3,1.1779453754425049,0.9900000095367432,96.73741149902344,97.36630249023438,105.72406768798828,12.265647888183594,93.45842742919922,-1.0,0.9999539852142334,1.4901161193847656e-07
66,4,1.2516217231750488,0.9900000095367432,97.36630249023438,98.56056213378906,106.03560638427734,11.78915786743164,94.2464599609375,-1.0,0.9999982714653015,5.066394805908203e-07
66,5,1.3285574913024902,0.9900000095367432,98.56056213378906,99.40074157714844,106.22566986083984,11.204185485839844,95.02149200439453,-1.0,0.9999468326568604,1.4901161193847656e-06
66,6,1.3847482204437256,0.9900000095367432,99.40074157714844,100.45301055908203,106.30171966552734,10.500401496887207,95.80133056640625,-1.0,0.999992847442627,1.3113021850585938e-06
66,7,1.4362964630126953,0.9900000095367432,100.45301055908203,101.21802520751953,106.26746368408203,9.692347526550293,96.57512664794922,-1.0,0.9999915957450867,2.086162567138672e-07
66,8,1.4713084697723389,0.9900000095367432,101.21802520751953,101.99919128417969,106.13597106933594,8.778363227844238,97.35761260986328,-1.0,0.9999819397926331,8.940696716308594e-08
66,9,1.498924732208252,0.9900000095367432,101.99919128417969,102.55717468261719,105.91781616210938,7.76932954788208,98.14848327636719,-1.0,0.999790370464325,5.960464477539063e-08
66,10,1.5128209590911865,0.9900000095367432,102.55717468261719,103.05594635009766,105.62712097167969,6.667097091674805,98.96002197265625,-0.9999999403953552,0.9999933242797852,3.1888484954833984e-06
66,11,1.5180292129516602,0.9900000095367432,103.05594635009766,103.3782958984375,105.27702331542969,5.4803571701049805,99.79666137695312,-0.9999995827674866,0.9999853372573853,2.9802322387695312e-08
66,12,1.5110960006713867,0.9900000095367432,103.3782958984375,103.6045150756836,104.88227081298828,4.213001251220703,100.66925811767578,-0.9999904632568359,0.9999936819076538,3.8743019104003906e-07
66,13,1.4944422245025635,0.9900000095367432,103.6045150756836,103.66768646240234,104.45800018310547,2.8728389739990234,101.58515167236328,-0.9997387528419495,0.9999728202819824,2.0802021026611328e-05
66,14,1.465599775314331,0.9900000095367432,103.66768646240234,103.5915756225586,104.0212631225586,1.465599775314331,102.5556640625,-0.9924179315567017,0.9999979734420776,8.344650268554688e-07
67,0,-0.11858665943145752,0.9900000095367432,45.01174545288086,44.814273834228516,46.254703521728516,-1.1166508197784424,47.371360778808594,-0.9999997019767761,0.9999997615814209,0.0
67,1,-0.11873161792755127,0.9900000095367432,44.814273834228516,46.13003158569336,46.94841384887695,-1.0612059831619263,48.00962448120117,-0.9999996423721313,0.9999954700469971,0.0
67,2,-0.118874192237854,0.9900000095367432,46.13003158569336,46.43240737915039,47.61691665649414,-1.0020992755889893,48.619014739990234,-0.9999987483024597,0.9999997615814209,0.0
67,3,-0.11898255348205566,0.9900000095367432,46.43240737915039,46.99956130981445,48.311946868896484,-0.9391015768051147,49.25104904174805,-0.9999974370002747,0.9999995231628418,0.0
67,4,-0.11898255348205566,0.9900000095367432,46.99956130981445,47.7148551940918,49.02121353149414,-0.8720032572746277,49.893218994140625,-0.9999914765357971,0.9999988079071045,0.0
67,5,-0.11874246597290039,0.9900000095367432,47.7148551940918,48.60031509399414,49.73770523071289,-0.8006599545478821,50.538368225097656,-0.9999749064445496,0.9999996423721313,0.0
67,6,-0.11713457107543945,0.9900000095367432,48.60031509399414,48.81574249267578,50.452667236328125,-0.7250584363937378,51.17772674560547,-0.9999206066131592,0.9999998807907104,5.066394805908203e-07
67,7,-0.11451613903045654,0.9900000095367432,48.81574249267578,49.460872650146484,51.19981002807617,-0.6463837027549744,51.846195220947266,-0.9997442960739136,0.9984235763549805,8.940696716308594e-08
67,8,-0.11234438419342041,0.9900000095367432,49.460872650146484,50.669193267822266,51.957481384277344,-0.5655157566070557,52.52299880981445,-0.9956837892532349,0.9998998045921326,2.086162567138672e-07
67,9,-0.10886204242706299,0.9900000095367432,50.669193267822266,51.69221115112305,52.69718551635742,-0.4818408787250519,53.17902755737305,-0.6591451168060303,0.9993435144424438,7.748603820800781e-07
67,10,-0.08520805835723877,0.9900000095367432,51.69221115112305,53.70659255981445,53.42613983154297,-0.39657506346702576,53.822715759277344,0.9456179141998291,0.9971559047698975,1.0967254638671875e-05
67,11,-0.08466386795043945,0.9900000095367432,53.70659255981445,54.7946662902832,54.07004165649414,-0.33106541633605957,54.40110397338867,0.999779224395752,0.9999688863754272,1.0520219802856445e-05
67,12,-0.08748912811279297,0.9900000095367432,54.7946662902832,55.49615478515625,54.69682693481445,-0.261989951133728,54.95881652832031,0.9995185732841492,0.999603271484375,3.2782554626464844e-07
67,13,-0.0928049087524414,0.9900000095367432,55.49615478515625,56.2679557800293,55.32935333251953,-0.18554046750068665,55.514892578125,0.9966495037078857,0.999815821647644,0.0
67,14,-0.09860241413116455,0.9900000095367432,56.2679557800293,56.6318473815918,55.96692657470703,-0.09860241413116455,56.065528869628906,0.9746643900871277,0.9999750852584839,8.940696716308594e-08
68,0,-0.10431230068206787,0.9900000095367432,46.839473724365234,46.164546966552734,41.06231689453125,-1.117072582244873,42.179386138916016,-0.9999995827674866,0.9999990463256836,0.0
68,1,-0.10878825187683105,0.9900000095367432,46.164546966552734,46.662479400634766,41.34129333496094,-1.0768318176269531,42.41811752319336,-0.9999999403953552,0.999997079372406,0.0
68,2,-0.11321115493774414,0.9900000095367432,46.662479400634766,46.25529861450195,41.6164665222168,-1.0292861461639404,42.645751953125,-1.0,0.9999999403953552,0.0
68,3,-0.11495447158813477,0.9900000095367432,46.25529861450195,45.91744613647461,41.93518829345703,-0.9740298390388489,42.90921401977539,-1.0,0.9999999403953552,0.0
68,4,-0.11579811573028564,0.9900000095367432,45.91744613647461,46.123722076416016,42.293704986572266,-0.9134241342544556,43.20712661743164,-1.0,0.999998927116394,0.0
68,5,-0.11562633514404297,0.9900000095367432,46.123722076416016,46.331180572509766,42.66494369506836,-0.8480871915817261,43.51302719116211,-1.0,0.9999998807907104,0.0
68,6,-0.11427175998687744,0.9900000095367432,46.331180572509766,46.61134338378906,43.04856491088867,-0.7787994742393494,43.827362060546875,-0.9999997019767761,0.9999933838844299,0.0
68,7,-0.11223018169403076,0.9900000095367432,46.61134338378906,46.604793548583984,43.44027328491211,-0.7065685391426086,44.1468391418457,-0.9999873042106628,0.9999995827674866,0.0
68,8,-0.11044800281524658,0.9900000095367432,46.604793548583984,46.361637115478516,43.85493469238281,-0.6319387555122375,44.48686981201172,-0.9990835785865784,0.9998853802680969,0.0
68,9,-0.10863280296325684,0.9900000095367432,46.361637115478516,46.0467414855957,44.306732177734375,-0.5544824600219727,44.86121368408203,-0.9339885115623474,0.9999995231628418,0.0
68,10,-0.10047328472137451,0.9900000095367432,46.0467414855957,48.99241638183594,44.801753997802734,-0.4740559756755829,45.27581024169922,0.42259669303894043,0.999982476234436,2.9802322387695312e-08
68,11,-0.09986293315887451,0.9900000095367432,48.99241638183594,50.252933502197266,45.16438293457031,-0.39721712470054626,45.56160354614258,0.9994866847991943,0.9999754428863525,0.0
68,12,-0.10597503185272217,0.9900000095367432,50.252933502197266,50.912296295166016,45.48295974731445,-0.31616607308387756,45.799129486083984,0.9972953796386719,0.9999982118606567,0.0
68,13,-0.11314833164215088,0.9900000095367432,50.912296295166016,49.35700607299805,45.79349136352539,-0.22348862886428833,46.0169792175293,0.40994730591773987,0.9999997615814209,0.0
68,14,-0.11732089519500732,0.9900000095367432,49.35700607299805,46.79845428466797,46.21315002441406,-0.11732089519500732,46.33047103881836,-0.9843518733978271,0.9999993443489075,0.0
69,0,1.0211846828460693,0.9900000095367432,99.1727294921875,101.93912506103516,99.68409729003906,11.381725311279297,88.3023681640625,-0.9999035000801086,0.9999039769172668,5.960464477539062e-07
69,1,1.0866553783416748,0.9900000095367432,101.93912506103516,101.9980697631836,99.5395278930664,11.0159912109375,88.5235366821289,-0.9999862313270569,0.9999940991401672,6.854534149169922e-07
69,2,1.1183030605316162,0.9900000095367432,101.9980697631836,102.54102325439453,99.31309509277344,10.557507514953613,88.75558471679688,-0.9999310970306396,0.9999812841415405,5.960464477539063e-08
69,3,1.1460704803466797,0.9900000095367432,102.54102325439453,102.79338836669922,99.01011657714844,10.036368370056152,88.97373962402344,-0.9996630549430847,0.9999997019767761,4.0531158447265625e-06
69,4,1.1641745567321777,0.9900000095367432,102.79338836669922,103.15692138671875,98.64515686035156,9.452735900878906,89.19242095947266,-0.9982917308807373,0.9999579191207886,9.715557098388672e-06
69,5,1.1806972026824951,0.9900000095367432,103.15692138671875,103.33231353759766,98.2187271118164,8.812932014465332,89.40579986572266,-0.9954659342765808,0.9999743700027466,2.2679567337036133e-05
69,6,1.1889262199401855,0.9900000095367432,103.33231353759766,103.4638900756836,97.73851776123047,8.115081787109375,89.62344360351562,-0.9870598316192627,0.9999785423278809,5.960464477539063e-08
69,7,1.1920115947723389,0.9900000095367432,103.4638900756836,103.39031219482422,97.2122573852539,7.3643341064453125,89.84793853759766,-0.9718222618103027,0.999954342842102,8.940696716308594e-08
69,8,1.183720588684082,0.9900000095367432,103.39031219482422,103.1452865600586,96.6532974243164,6.562809467315674,90.09049987792969,-0.8859754800796509,0.9999603629112244,1.043081283569336e-06
69,9,1.1563026905059814,0.9900000095367432,103.1452865600586,102.55384826660156,96.0806884765625,5.719392776489258,90.3613052368164,-0.48556920886039734,0.999152660369873,2.115964889526367e-06
69,10,1.0882744789123535,0.9900000095367432,102.55384826660156,101.40408325195312,95.53213500976562,4.851770401000977,90.68037414550781,0.9415425658226013,0.9990066289901733,1.817941665649414e-06
69,11,1.065993070602417,0.9900000095367432,101.40408325195312,99.79126739501953,95.08172607421875,4.001590728759766,91.08013916015625,0.9999819993972778,0.9999163150787354,5.960464477539063e-08
69,12,1.0958740711212158,0.9900000095367432,99.79126739501953,98.0472640991211,94.71139526367188,3.1213154792785645,91.59008026123047,0.999977171421051,0.9999734163284302,9.834766387939453e-07
69,13,1.1104438304901123,0.9900000095367432,98.0472640991211,96.1730728149414,94.37764739990234,2.1535792350769043,92.22406768798828,0.9996210336685181,0.9998631477355957,2.682209014892578e-07
69,14,1.109128475189209,0.9900000095367432,96.1730728149414,93.93617248535156,94.10594177246094,1.109128475189209,92.99681091308594,0.9585277438163757,0.9999616146087646,0.0
70,0,-0.11905121803283691,0.9900000095367432,26.12078285217285,31.24831771850586,32.77379608154297,-1.1598206758499146,33.93361282348633,0.9999998807907104,0.9968063831329346,3.221631050109863e-05
70,1,-0.11870503425598145,0.9900000095367432,31.24831771850586,35.81731033325195,33.32914352416992,-1.1066129207611084,34.43574523925781,1.0,0.9763344526290894,4.351139068603516e-06
70,2,-0.11800920963287354,0.9900000095367432,35.81731033325195,38.39474868774414,33.67877960205078,-1.0504071712493896,34.72917175292969,1.0,0.9999663829803467,1.4901161193847656e-07
70,3,-0.1171489953994751,0.9900000095367432,38.39474868774414,39.664852142333984,33.91413497924805,-0.9913853406906128,34.90550994873047,1.0,0.9999139308929443,0.0
70,4,-0.11606287956237793,0.9900000095367432,39.664852142333984,39.925838470458984,34.096622467041016,-0.92954421043396,35.02615737915039,1.0,0.9996985197067261,2.9802322387695312e-08
70,5,-0.11521577835083008,0.9900000095367432,39.925838470458984,39.7935905456543,34.275760650634766,-0.8649455904960632,35.14069747924805,1.0,0.9997876882553101,0.0
70,6,-0.1146245002746582,0.9900000095367432,39.7935905456543,39.475833892822266,34.4722900390625,-0.7971608638763428,35.269447326660156,1.0,0.9996317028999329,5.960464477539063e-08
70,7,-0.11403489112854004,0.9900000095367432,39.475833892822266,39.17918395996094,34.697349548339844,-0.7257164716720581,35.423065185546875,0.9999998211860657,0.9999047517776489,0.0
70,8,-0.11334598064422607,0.9900000095367432,39.17918395996094,38.9051399230957,34.95164108276367,-0.6503791809082031,35.60201644897461,0.9999962449073792,0.9999538660049438,0.0
70,9,-0.11259257793426514,0.9900000095367432,38.9051399230957,38.66416549682617,35.23571014404297,-0.5710081458091736,35.80671310424805,0.9999497532844543,0.999998927116394,0.0
70,10,-0.1117485761642456,0.9900000095367432,38.66416549682617,38.408355712890625,35.549625396728516,-0.4874168634414673,36.03704071044922,0.9997081160545349,0.9999983310699463,0.0
70,11,-0.1108170747756958,0.9900000095367432,38.408355712890625,38.1384162902832,35.89596939086914,-0.3994346261024475,36.29540252685547,0.9989458918571472,0.9999994039535522,0.0
70,12,-0.10976898670196533,0.9900000095367432,38.1384162902832,37.88090515136719,36.277442932128906,-0.3068767189979553,36.58431625366211,0.997978150844574,0.9999964833259583,0.0
70,13,-0.10860943794250488,0.9900000095367432,37.88090515136719,37.69581985473633,36.69548416137695,-0.20957759022712708,36.905059814453125,0.9973845481872559,0.9999881982803345,0.0
70,14,-0.10735583305358887,0.9900000095367432,37.69581985473633,37.63216018676758,37.14848327636719,-0.10735583305358887,37.25584030151367,0.9972473382949829,0.9999991655349731,0.0
71,0,-0.1080770492553711,0.9900000095367432,63.77809524536133,63.04886245727539,65.13760375976562,-0.31786179542541504,65.45547485351562,-1.0,0.9999998807907104,0.0
71,1,-0.10425388813018799,0.9900000095367432,63.04886245727539,65.50640869140625,66.05503845214844,-0.2230566293001175,66.2780990600586,-1.0,0.9999999403953552,0.0
71,2,-0.10088527202606201,0.9900000095367432,65.50640869140625,66.38835144042969,66.89710235595703,-0.12631870806217194,67.02342224121094,-1.0,0.9999999403953552,0.0
71,3,-0.09582996368408203,0.9900000095367432,66.38835144042969,67.66857147216797,67.74243927001953,-0.027042463421821594,67.76947784423828,-1.0,0.9999999403953552,0.0
71,4,-0.08851885795593262,0.9900000095367432,67.66857147216797,69.13884735107422,68.5685043334961,0.07313929498195648,68.49535369873047,-1.0,0.9999998211860657,0.0
71,5,-0.07740902900695801,0.9900000095367432,69.13884735107422,70.8879165649414,69.3616714477539,0.17188534140586853,69.18977355957031,-1.0,0.9999979734420776,0.0
71,6,-0.054914359003305435,0.9900000095367432,70.8879165649414,72.40323638916016,70.10114288330078,0.2650657892227173,69.83606719970703,-1.0,0.9999986886978149,0.0
71,7,-0.017345312982797623,0.9900000095367432,72.40323638916016,73.71541595458984,70.78372955322266,0.34022343158721924,70.44349670410156,-1.0,0.9999996423721313,2.9802322387695312e-08
71,8,0.012048956006765366,0.9900000095367432,73.71541595458984,74.63442993164062,71.4004898071289,0.38019004464149475,71.02029418945312,-1.0,0.99991774559021,1.4901161193847656e-07
71,9,0.03025662526488304,0.9900000095367432,74.63442993164062,75.23152923583984,71.97664642333984,0.3914312422275543,71.58521270751953,-0.9999996423721313,0.9999914765357971,1.7881393432617188e-07
71,10,0.04482125863432884,0.9900000095367432,75.23152923583984,75.64534759521484,72.53846740722656,0.384024053812027,72.1544418334961,-0.9999865889549255,0.9999839067459106,1.341104507446289e-06
71,11,0.05917024239897728,0.9900000095367432,75.64534759521484,75.98344421386719,73.09857177734375,0.36066219210624695,72.73789978027344,-0.9993852972984314,0.9997779130935669,2.9802322387695312e-08
71,12,0.07549858093261719,0.9900000095367432,75.98344421386719,76.237548828125,73.66104888916016,0.3205656111240387,73.3404769897461,-0.982539713382721,0.9999695420265198,5.960464477539063e-08
71,13,0.09402632713317871,0.9900000095367432,76.237548828125,76.06412506103516,74.22837829589844,0.2605710029602051,73.96781158447266,-0.5710294246673584,0.9999816417694092,2.9802322387695312e-08
71,14,0.17708098888397217,0.9900000095367432,76.06412506103516,75.3979263305664,74.82102966308594,0.17708098888397217,74.64395141601562,0.9562503695487976,0.9998525381088257,2.9802322387695312e-08
72,0,0.19531798362731934,0.9900000095367432,54.45315170288086,59.49262237548828,60.48944091796875,0.024623289704322815,60.46480941772461,0.7833330035209656,0.9999336004257202,5.9604644775390625e-06
72,1,0.17660999298095703,0.9900000095367432,59.49262237548828,60.436256408691406,60.977394104003906,-0.18149355053901672,61.158878326416016,0.8251334428787231,0.9994755983352661,6.854534149169922e-07
72,2,-0.02301657572388649,0.9900000095367432,60.436256408691406,60.481876373291016,61.4664421081543,-0.380758672952652,61.84719467163086,-0.41659480333328247,0.9999465942382812,1.4901161193847656e-07
72,3,0.06625616550445557,0.9900000095367432,60.481876373291016,59.16904830932617,62.196285247802734,-0.38037440180778503,62.57665252685547,0.5308206677436829,0.999993085861206,2.9802322387695312e-08
72,4,-0.014980796724557877,0.9900000095367432,59.16904830932617,61.365318298339844,62.94647216796875,-0.47488629817962646,63.421356201171875,0.959494948387146,0.9997187852859497,2.9802322387695312e-08
72,5,-0.07662773132324219,0.9900000095367432,61.365318298339844,62.25419235229492,63.71490478515625,-0.48900106549263,64.20390319824219,-0.5674924254417419,0.9999990463256836,0.0
72,6,-0.022413138300180435,0.9900000095367432,62.25419235229492,61.296470642089844,64.55071258544922,-0.4384618103504181,64.98917388916016,0.8832226991653442,0.9999299049377441,2.086162567138672e-07
72,7,-0.08593034744262695,0.9900000095367432,61.296470642089844,64.39494323730469,65.43216705322266,-0.442369669675827,65.8745346069336,0.8401253819465637,0.9999879598617554,0.0
72,8,-0.08422863483428955,0.9900000095367432,64.39494323730469,65.26387023925781,66.27384185791016,-0.37898916006088257,66.65282440185547,-0.8087192177772522,0.9999992251396179,0.0
72,9,-0.06034422293305397,0.9900000095367432,65.26387023925781,65.92932891845703,67.12122344970703,-0.3134083151817322,67.43463134765625,0.747330904006958,0.9999911785125732,0.0
72,10,-0.08507227897644043,0.9900000095367432,65.92932891845703,66.53119659423828,67.96179962158203,-0.2690739929676056,68.23087310791016,0.8123758435249329,0.9999905824661255,0.0
72,11,-0.07831704616546631,0.9900000095367432,66.53119659423828,68.1741714477539,68.85016632080078,-0.19564244151115417,69.04580688476562,-0.1382884979248047,0.9999985694885254,0.0
72,12,-0.056405071169137955,0.9900000095367432,68.1741714477539,69.75774383544922,69.7010726928711,-0.12474790215492249,69.8258285522461,0.6773743033409119,0.999976634979248,0.0
72,13,-0.0404895581305027,0.9900000095367432,69.75774383544922,70.35325622558594,70.49917602539062,-0.07266649603843689,70.57184600830078,0.7987180352210999,0.9999969005584717,0.0
72,14,-0.034212592989206314,0.9900000095367432,70.35325622558594,72.05426025390625,71.29950714111328,-0.034212592989206314,71.3337173461914,0.05191868543624878,0.9999999403953552,0.0
73,0,0.24383878707885742,0.9900000095367432,68.09379577636719,70.03880310058594,69.08202362060547,3.8705968856811523,65.21141815185547,0.5749976634979248,0.9999999403953552,0.0
73,1,0.17928099632263184,0.9900000095367432,70.03880310058594,67.14249420166016,69.5069351196289,3.8562021255493164,65.65071105957031,-0.6100568771362305,0.9999998807907104,0.0
73,2,0.18125581741333008,0.9900000095367432,67.14249420166016,69.79720306396484,70.17979431152344,3.909538745880127,66.2702407836914,0.07317850738763809,0.9999978542327881,0.0
73,3,0.29190969467163086,0.9900000095367432,69.79720306396484,70.20860290527344,70.75340270996094,3.9641499519348145,66.78923797607422,0.6729048490524292,0.9999995231628418,0.0
73,4,0.3446321487426758,0.9900000095367432,70.20860290527344,70.33676147460938,71.2239990234375,3.904561758041382,67.31941223144531,0.6429231762886047,0.9999998807907104,0.0
73,5,0.389947772026062,0.9900000095367432,70.33676147460938,70.6134033203125,71.66155242919922,3.7851457595825195,67.87638854980469,0.5486503839492798,0.999999463558197,0.0
73,6,0.41208529472351074,0.9900000095367432,70.6134033203125,71.08318328857422,72.06405639648438,3.609992265701294,68.45404815673828,0.47270724177360535,0.9999929666519165,0.0
73,7,0.44263386726379395,0.9900000095367432,71.08318328857422,71.66912078857422,72.4437484741211,3.4002201557159424,69.04351806640625,0.5125105977058411,0.9999996423721313,0.0
73,8,0.46355700492858887,0.9900000095367432,71.66912078857422,71.9535140991211,72.78414154052734,3.14469575881958,69.63944244384766,0.44099944829940796,0.9999986886978149,0.0
73,9,0.4873918294906616,0.9900000095367432,71.9535140991211,72.38207244873047,73.10885620117188,2.8507590293884277,70.25810241699219,0.4300159215927124,0.9999998807907104,0.0
73,10,0.5202815532684326,0.9900000095367432,72.38207244873047,72.9989013671875,73.4062271118164,2.5128839015960693,70.89334869384766,0.5123923420906067,0.9999994039535522,0.0
73,11,0.5444066524505615,0.9900000095367432,72.9989013671875,73.16999053955078,73.65496826171875,2.1186628341674805,71.53631591796875,0.42124706506729126,0.9999997615814209,0.0
73,12,0.570530891418457,0.9900000095367432,73.16999053955078,73.73931121826172,73.8847885131836,1.6738502979278564,72.21095275878906,0.4580136835575104,0.9999999403953552,0.0
73,13,0.5950101613998413,0.9900000095367432,73.73931121826172,74.04878234863281,74.0714111328125,1.1731200218200684,72.89830017089844,0.43850597739219666,0.9999954700469971,0.0
73,14,0.6146835088729858,0.9900000095367432,74.04878234863281,74.35640716552734,74.22753143310547,0.6146835088729858,73.61284637451172,0.3906482458114624,0.999998927116394,0.0
74,0,-0.08675181865692139,0.9900000095367432,29.414615631103516,32.39860916137695,32.96308898925781,-1.0827267169952393,34.045814514160156,1.0,0.9978742599487305,1.4901161193847656e-06
74,1,-0.09542465209960938,0.9900000095367432,32.39860916137695,34.959877014160156,33.43552017211914,-1.058984398841858,34.494503021240234,1.0,0.9998066425323486,1.0132789611816406e-06
74,2,-0.10080671310424805,0.9900000095367432,34.959877014160156,37.37723159790039,33.812259674072266,-1.024518609046936,34.8367805480957,0.9999996423721313,0.9992460012435913,1.1920928955078125e-07
74,3,-0.10583138465881348,0.9900000095367432,37.37723159790039,38.39814376831055,34.09132766723633,-0.9821497797966003,35.07347869873047,0.9999459981918335,0.9999978542327881,2.9802322387695312e-08
74,4,-0.10979235172271729,0.9900000095367432,38.39814376831055,38.87826156616211,34.33966064453125,-0.9317579865455627,35.27142333984375,0.9960989952087402,0.9999923706054688,0.0
74,5,-0.11232662200927734,0.9900000095367432,38.87826156616211,38.77194595336914,34.582645416259766,-0.8739666938781738,35.45661926269531,0.8354320526123047,0.9986356496810913,0.0
74,6,-0.11444675922393799,0.9900000095367432,38.77194595336914,38.49040222167969,34.84929275512695,-0.8098246455192566,35.659122467041016,-0.20990461111068726,0.9999085664749146,8.940696716308594e-08
74,7,-0.11373186111450195,0.9900000095367432,38.49040222167969,39.122013092041016,35.14988708496094,-0.7393704056739807,35.889259338378906,-0.5600243210792542,0.9999997019767761,0.0
74,8,-0.11232626438140869,0.9900000095367432,39.122013092041016,39.042720794677734,35.435489654541016,-0.6652190685272217,36.100711822509766,-0.365389883518219,0.9999995231628418,2.9802322387695312e-08
74,9,-0.11130404472351074,0.9900000095367432,39.042720794677734,37.91300582885742,35.741844177246094,-0.5878711342811584,36.329715728759766,0.6399583220481873,0.9999282360076904,2.9802322387695312e-08
74,10,-0.11311852931976318,0.9900000095367432,37.91300582885742,37.2529182434082,36.12594985961914,-0.5067167282104492,36.632667541503906,0.9752669334411621,0.9999991655349731,0.0
74,11,-0.11415612697601318,0.9900000095367432,37.2529182434082,37.66065979003906,36.57102584838867,-0.4184989333152771,36.989524841308594,0.9173668026924133,0.9996891021728516,0.0
74,12,-0.1148449182510376,0.9900000095367432,37.66065979003906,37.88824462890625,37.02389907836914,-0.3235968351364136,37.347496032714844,0.4646512269973755,0.9999915361404419,0.0
74,13,-0.11450612545013428,0.9900000095367432,37.88824462890625,38.301334381103516,37.494178771972656,-0.22195842862129211,37.71613693237305,0.5535060167312622,0.9999996423721313,0.0
74,14,-0.11425018310546875,0.9900000095367432,38.301334381103516,38.471073150634766,37.972110748291016,-0.11425018310546875,38.086360931396484,0.6227264404296875,0.9999862909317017,0.0
75,0,-0.1127997636795044,0.9900000095367432,53.2714958190918,51.81020736694336,49.4024543762207,-1.0607532262802124,50.46321487426758,-0.0008581017609685659,0.9999990463256836,0.0
75,1,-0.11430704593658447,0.9900000095367432,51.81020736694336,53.243141174316406,49.92094421386719,-1.007925033569336,50.92887496948242,0.6025140285491943,0.9999990463256836,0.0
75,2,-0.11413407325744629,0.9900000095367432,53.243141174316406,52.44183349609375,50.39842224121094,-0.9501519203186035,51.348575592041016,0.8682001233100891,0.9999982714653015,0.0
75,3,-0.11343467235565186,0.9900000095367432,52.44183349609375,52.36093521118164,50.948097229003906,-0.8889078497886658,51.837005615234375,0.7516776323318481,0.9999973773956299,0.0
75,4,-0.11214029788970947,0.9900000095367432,52.36093521118164,52.64345169067383,51.53606414794922,-0.8245328664779663,52.360595703125,0.42199134826660156,0.9999998211860657,0.0
75,5,-0.11082792282104492,0.9900000095367432,52.64345169067383,53.51008224487305,52.144981384277344,-0.7574615478515625,52.90243911743164,0.3184424638748169,0.9999998807907104,0.0
75,6,-0.10913872718811035,0.9900000095367432,53.51008224487305,54.07456588745117,52.74541473388672,-0.6875423789024353,53.432952880859375,0.2947039008140564,0.999998152256012,0.0
75,7,-0.10717403888702393,0.9900000095367432,54.07456588745117,54.601539611816406,53.352325439453125,-0.6149958968162537,53.96731948852539,0.18445700407028198,0.9999998807907104,0.0
75,8,-0.1049121618270874,0.9900000095367432,54.601539611816406,55.0535888671875,53.96780776977539,-0.5399488210678101,54.507755279541016,-0.027521254494786263,0.9999998807907104,0.0
75,9,-0.10276985168457031,0.9900000095367432,55.0535888671875,55.65596008300781,54.596031188964844,-0.46255889534950256,55.058589935302734,-0.15739184617996216,0.9999909400939941,0.0
75,10,-0.10024011135101318,0.9900000095367432,55.65596008300781,56.35047149658203,55.230018615722656,-0.38255080580711365,55.61256790161133,-0.019132163375616074,0.9999996423721313,0.0
75,11,-0.09512639045715332,0.9900000095367432,56.35047149658203,56.84086227416992,55.8648681640625,-0.3001708388328552,56.1650390625,0.19153067469596863,0.999996542930603,0.0
75,12,-0.08605086803436279,0.9900000095367432,56.84086227416992,57.374210357666016,56.50863265991211,-0.21801641583442688,56.72665023803711,0.39451727271080017,0.9999467730522156,0.0
75,13,-0.07577168941497803,0.9900000095367432,57.374210357666016,57.9853515625,57.15541076660156,-0.1403142511844635,57.29572296142578,0.46365684270858765,0.9999986886978149,0.0
75,14,-0.068625807762146,0.9900000095367432,57.9853515625,58.45315933227539,57.80000305175781,-0.068625807762146,57.868629455566406,0.25137829780578613,0.9999971389770508,0.0
76,0,-0.11687517166137695,0.9900000095367432,35.541229248046875,33.100128173828125,36.51078414916992,-1.0743029117584229,37.5850830078125,1.0,0.9997401833534241,1.2814998626708984e-06
76,1,-0.11721622943878174,0.9900000095367432,33.100128173828125,32.25156021118164,37.20276641845703,-1.0179985761642456,38.220760345458984,1.0,0.9998825192451477,2.9802322387695312e-08
76,2,-0.11711359024047852,0.9900000095367432,32.25156021118164,33.40877914428711,37.983551025390625,-0.9577696919441223,38.941314697265625,1.0,0.9989619255065918,0.0
76,3,-0.1167982816696167,0.9900000095367432,33.40877914428711,34.77321243286133,38.752716064453125,-0.8938395380973816,39.64654541015625,1.0,0.9999861717224121,0.0
76,4,-0.11595273017883301,0.9900000095367432,34.77321243286133,36.01420974731445,39.49839401245117,-0.8262001872062683,40.324588775634766,1.0,0.9999926686286926,0.0
76,5,-0.11435377597808838,0.9900000095367432,36.01420974731445,37.140445709228516,40.225032806396484,-0.7551807165145874,40.98020935058594,0.9999995827674866,0.9999977350234985,0.0
76,6,-0.11176812648773193,0.9900000095367432,37.140445709228516,38.34502029418945,40.93666458129883,-0.681368350982666,41.6180305480957,0.9999896883964539,0.9999958276748657,0.0
76,7,-0.10782396793365479,0.9900000095367432,38.34502029418945,39.692440032958984,41.62717056274414,-0.6056355237960815,42.23280334472656,0.9999236464500427,0.9999920725822449,0.0
76,8,-0.10220420360565186,0.9900000095367432,39.692440032958984,41.0092887878418,42.28624725341797,-0.5293052196502686,42.8155517578125,0.9993202090263367,0.9999996423721313,0.0
76,9,-0.09550583362579346,0.9900000095367432,41.0092887878418,42.20170593261719,42.911739349365234,-0.4541212022304535,43.36585998535156,0.995441734790802,0.9999986886978149,0.0
76,10,-0.08895206451416016,0.9900000095367432,42.20170593261719,43.25609588623047,43.50692367553711,-0.3813028931617737,43.88822555541992,0.9770187139511108,0.9999997615814209,0.0
76,11,-0.08427977561950684,0.9900000095367432,43.25609588623047,44.13444900512695,44.07729721069336,-0.31084614992141724,44.38814163208008,0.9029200673103333,1.0,0.0
76,12,-0.08286666870117188,0.9900000095367432,44.13444900512695,44.84408187866211,44.6325569152832,-0.240899920463562,44.87345504760742,0.7604689002037048,0.9999998807907104,0.0
76,13,-0.08555865287780762,0.9900000095367432,44.84408187866211,45.32065200805664,45.18409729003906,-0.16803109645843506,45.35212326049805,0.49048271775245667,0.9999998807907104,0.0
76,14,-0.08768999576568604,0.9900000095367432,45.32065200805664,46.29898452758789,45.74830627441406,-0.08768999576568604,45.835994720458984,0.4757085144519806,0.9999991655349731,0.0
77,0,0.9058883190155029,0.9900000095367432,92.91311645507812,92.60018157958984,96.56600952148438,10.323953628540039,86.2420654296875,-0.9925820231437683,0.999998927116394,0.0
77,1,0.9139664173126221,0.9900000095367432,92.60018157958984,94.04244232177734,96.83828735351562,10.013891220092773,86.82440948486328,-0.9599642157554626,0.9999992847442627,0.0
77,2,0.9679597020149231,0.9900000095367432,94.04244232177734,95.55855560302734,97.04329681396484,9.67562484741211,87.36768341064453,0.6731632351875305,0.9999887943267822,0.0
77,3,0.9988864064216614,0.9900000095367432,95.55855560302734,95.37547302246094,97.12406921386719,9.258549690246582,87.86553192138672,0.8762021064758301,0.9999969601631165,0.0
77,4,1.0404958724975586,0.9900000095367432,95.37547302246094,94.84489440917969,97.18670654296875,8.782205581665039,88.40451049804688,0.8532010316848755,0.9999990463256836,0.0
77,5,1.0626626014709473,0.9900000095367432,94.84489440917969,94.96862030029297,97.23699188232422,8.231483459472656,89.0055160522461,0.5763019919395447,0.9999986290931702,0.0
77,6,1.0733683109283447,0.9900000095367432,94.96862030029297,95.27828216552734,97.26038360595703,7.622350692749023,89.6380386352539,0.33743536472320557,0.9999997615814209,0.0
77,7,1.069046974182129,0.9900000095367432,95.27828216552734,95.86405181884766,97.25756072998047,6.963298797607422,90.29427337646484,0.5004961490631104,1.0,0.0
77,8,1.0858190059661865,0.9900000095367432,95.86405181884766,96.05496215820312,97.22833251953125,6.267147064208984,90.96118927001953,0.4488050043582916,0.9999997615814209,0.0
77,9,1.0989181995391846,0.9900000095367432,96.05496215820312,96.30110931396484,97.16937255859375,5.509120941162109,91.6602554321289,0.23126888275146484,0.9999993443489075,0.0
77,10,1.0848538875579834,0.9900000095367432,96.30110931396484,96.54891204833984,97.07979583740234,4.689211368560791,92.39058685302734,0.10764388740062714,0.9999998807907104,0.0
77,11,1.0596675872802734,0.9900000095367432,96.54891204833984,96.66818237304688,96.98646545410156,3.8323843479156494,93.15408325195312,0.05990641936659813,0.999972939491272,0.0
77,12,1.0425434112548828,0.9900000095367432,96.66818237304688,96.65351867675781,96.90773010253906,2.9481306076049805,93.95960235595703,0.1584094762802124,0.9999980926513672,0.0
77,13,1.048448085784912,0.9900000095367432,96.65351867675781,96.65941619873047,96.84300231933594,2.0261425971984863,94.81685638427734,-0.09664732217788696,0.9999982714653015,0.0
77,14,1.0395476818084717,0.9900000095367432,96.65941619873047,96.69498443603516,96.76758575439453,1.0395476818084717,95.72803497314453,-0.04331102967262268,0.9999996423721313,0.0
78,0,-0.11608433723449707,0.9900000095367432,36.092891693115234,37.74327850341797,33.771629333496094,-1.1828492879867554,34.954471588134766,0.9999995827674866,0.999870777130127,8.940696716308594e-08
78,1,-0.11658895015716553,0.9900000095367432,37.74327850341797,37.292579650878906,34.04510498046875,-1.1342530250549316,35.179351806640625,1.0,0.9992587566375732,6.258487701416016e-07
78,2,-0.11719942092895508,0.9900000095367432,37.292579650878906,37.71049880981445,34.360137939453125,-1.0820457935333252,35.44218063354492,0.9999997615814209,0.9805717468261719,1.7881393432617188e-07
78,3,-0.11754357814788818,0.9900000095367432,37.71049880981445,37.7822265625,34.67375564575195,-1.0258866548538208,35.69963836669922,0.9999872446060181,0.9999681711196899,2.9802322387695312e-08
78,4,-0.11784160137176514,0.9900000095367432,37.7822265625,38.29256820678711,35.00380325317383,-0.9658086895942688,35.96961212158203,0.9984228014945984,0.9999996423721313,0.0
78,5,-0.11828756332397461,0.9900000095367432,38.29256820678711,38.07871627807617,35.328189849853516,-0.9016130566596985,36.22980499267578,0.5733982920646667,1.0,0.0
78,6,-0.11923682689666748,0.9900000095367432,38.07871627807617,38.621639251708984,35.6848258972168,-0.8328819870948792,36.5177116394043,-0.8420689105987549,0.9999997615814209,2.9802322387695312e-08
78,7,-0.11863219738006592,0.9900000095367432,38.621639251708984,39.98609161376953,36.03645706176758,-0.7587933540344238,36.795257568359375,-0.8805401921272278,0.9999306201934814,0.0
78,8,-0.11701571941375732,0.9900000095367432,39.98609161376953,39.76962661743164,36.33788299560547,-0.6806604266166687,37.018550872802734,-0.39632031321525574,0.999996542930603,0.0
78,9,-0.11481714248657227,0.9900000095367432,39.76962661743164,39.11579895019531,36.66805648803711,-0.5993032455444336,37.267364501953125,0.27186495065689087,0.9999964237213135,1.341104507446289e-06
78,10,-0.1135019063949585,0.9900000095367432,39.11579895019531,39.08189392089844,37.051185607910156,-0.51513671875,37.56632614135742,0.7942864298820496,0.9998782873153687,2.086162567138672e-07
78,11,-0.11654841899871826,0.9900000095367432,39.08189392089844,38.71185302734375,37.45894241333008,-0.42704394459724426,37.885986328125,-0.03763572871685028,0.9999303817749023,2.9802322387695312e-08
78,12,-0.11745750904083252,0.9900000095367432,38.71185302734375,39.33051300048828,37.91520690917969,-0.33013877272605896,38.2453498840332,-0.5951260328292847,0.999994695186615,2.9802322387695312e-08
78,13,-0.11679840087890625,0.9900000095367432,39.33051300048828,39.44016647338867,38.368743896484375,-0.22613638639450073,38.59488296508789,-0.6351149678230286,0.999091386795044,5.960464477539063e-08
78,14,-0.11625516414642334,0.9900000095367432,39.44016647338867,39.354305267333984,38.844505310058594,-0.11625516414642334,38.96076202392578,-0.47101733088493347,0.9997559785842896,2.384185791015625e-07
79,0,-0.11717677116394043,0.9900000095367432,34.885860443115234,35.39031219482422,38.8306999206543,-1.1334048509597778,39.964115142822266,-0.7577894926071167,0.999983549118042,0.0
79,1,-0.11574578285217285,0.9900000095367432,35.39031219482422,37.12004470825195,39.54923629760742,-1.0805189609527588,40.62976837158203,0.5150889754295349,0.9999962449073792,8.940696716308594e-08
79,2,-0.11768567562103271,0.9900000095367432,37.12004470825195,35.67057418823242,40.220672607421875,-1.0258088111877441,41.246490478515625,-0.408767431974411,0.9999998807907104,0.0
79,3,-0.11796379089355469,0.9900000095367432,35.67057418823242,36.838680267333984,41.012939453125,-0.9655748605728149,41.978519439697266,-0.36318841576576233,0.9999929070472717,0.0
79,4,-0.11849796772003174,0.9900000095367432,36.838680267333984,37.84034729003906,41.79413604736328,-0.90123450756073,42.69538116455078,-0.5534629225730896,0.9999980926513672,0.0
79,5,-0.11856961250305176,0.9900000095367432,37.84034729003906,39.06438064575195,42.572608947753906,-0.8322557806968689,43.40487289428711,-0.7504968047142029,0.999991238117218,0.0
79,6,-0.11840450763702393,0.9900000095367432,39.06438064575195,41.44468307495117,43.33598327636719,-0.7588369846343994,44.094825744628906,-0.8369469046592712,0.9999986886978149,0.0
79,7,-0.11746490001678467,0.9900000095367432,41.44468307495117,44.03085708618164,44.02219772338867,-0.6809489130973816,44.703147888183594,-0.9030104875564575,0.9999306201934814,0.0
79,8,-0.11487841606140137,0.9900000095367432,44.03085708618164,46.3569221496582,44.61471176147461,-0.5991324186325073,45.213844299316406,-0.9562482833862305,0.9999989867210388,2.9802322387695312e-08
79,9,-0.11088895797729492,0.9900000095367432,46.3569221496582,47.718563079833984,45.119537353515625,-0.5148899555206299,45.63442611694336,-0.9327306151390076,0.9999189376831055,2.086162567138672e-07
79,10,-0.1027824878692627,0.9900000095367432,47.718563079833984,48.20750045776367,45.580387115478516,-0.4295597970485687,46.00994873046875,-0.0485370047390461,0.9999889731407166,0.0
79,11,-0.0917203426361084,0.9900000095367432,48.20750045776367,48.25835037231445,46.03604507446289,-0.3474506437778473,46.38349914550781,0.9968404769897461,0.9999932050704956,5.960464477539063e-08
79,12,-0.09413433074951172,0.9900000095367432,48.25835037231445,47.94169235229492,46.50608825683594,-0.2719089090824127,46.77800369262695,0.9998590350151062,0.9968074560165405,0.0
79,13,-0.09610068798065186,0.9900000095367432,47.94169235229492,47.93291091918945,47.025108337402344,-0.18902134895324707,47.21413040161133,0.9995413422584534,0.9999451041221619,0.0
79,14,-0.09879922866821289,0.9900000095367432,47.93291091918945,48.159908294677734,47.57950973510742,-0.09879922866821289,47.67831039428711,0.991212010383606,0.9999891519546509,2.086162567138672e-07
80,0,-0.10616719722747803,0.9900000095367432,38.1785888671875,42.66862106323242,40.82620620727539,-1.0429582595825195,41.869171142578125,0.9997643232345581,0.9999908208847046,0.0
80,1,-0.10836458206176758,0.9900000095367432,42.66862106323242,43.61171340942383,41.276214599609375,-0.9960564374923706,42.272274017333984,0.9998114705085754,0.9998239874839783,0.0
80,2,-0.11093926429748535,0.9900000095367432,43.61171340942383,44.248374938964844,41.70738983154297,-0.9438509941101074,42.651241302490234,0.9611150026321411,0.9999984502792358,0.0
80,3,-0.11654329299926758,0.9900000095367432,44.248374938964844,42.748050689697266,42.13507080078125,-0.8856052756309509,43.02067947387695,-0.3593404293060303,0.999972939491272,2.9802322387695312e-08
80,4,-0.11609971523284912,0.9900000095367432,42.748050689697266,43.00772476196289,42.67473220825195,-0.8177160620689392,43.49245071411133,-0.9908661246299744,0.999933123588562,2.9802322387695312e-08
80,5,-0.11321771144866943,0.9900000095367432,43.00772476196289,44.17335891723633,43.234397888183594,-0.7460035681724548,43.98040008544922,-0.9975405335426331,0.9999991655349731,0.0
80,6,-0.10925352573394775,0.9900000095367432,44.17335891723633,44.68241500854492,43.765052795410156,-0.6728185415267944,44.437870025634766,-0.9873621463775635,0.9999995231628418,0.0
80,7,-0.10539793968200684,0.9900000095367432,44.68241500854492,45.377708435058594,44.29827880859375,-0.599218487739563,44.89749526977539,-0.9251573085784912,0.9997795820236206,0.0
80,8,-0.10099637508392334,0.9900000095367432,45.377708435058594,46.01791000366211,44.82453536987305,-0.5250617265701294,45.3495979309082,-0.6649860739707947,0.9997855424880981,0.0
80,9,-0.08322513103485107,0.9900000095367432,46.01791000366211,47.709232330322266,45.34571838378906,-0.45089349150657654,45.796607971191406,0.5169366002082825,0.9998857975006104,2.9802322387695312e-06
80,10,-0.07619225978851318,0.9900000095367432,47.709232330322266,48.56205368041992,45.79195785522461,-0.39092862606048584,46.182884216308594,0.9939168095588684,0.9998881816864014,3.2782554626464844e-07
80,11,-0.08057200908660889,0.9900000095367432,48.56205368041992,48.504390716552734,46.21406173706055,-0.33464792370796204,46.5487060546875,0.9904950261116028,0.9997959733009338,5.960464477539063e-08
80,12,-0.08667922019958496,0.9900000095367432,48.504390716552734,48.37043380737305,46.670562744140625,-0.270149827003479,46.94070816040039,0.9188105463981628,0.9999395608901978,1.1920928955078125e-07
80,13,-0.09443008899688721,0.9900000095367432,48.37043380737305,48.071964263916016,47.16948699951172,-0.19507771730422974,47.36456298828125,0.533859133720398,0.9999788403511047,0.0
80,14,-0.10701501369476318,0.9900000095367432,48.071964263916016,48.314083099365234,47.72392654418945,-0.10701501369476318,47.83094024658203,-0.6016530394554138,0.9996923804283142,5.960464477539063e-08
81,0,-0.11189794540405273,0.9900000095367432,38.984195709228516,37.547950744628906,34.791526794433594,-1.0893961191177368,35.88092041015625,-0.9979587197303772,0.9987592697143555,1.7285346984863281e-06
81,1,-0.11047029495239258,0.9900000095367432,37.547950744628906,35.98674392700195,35.13534927368164,-1.0393388271331787,36.1746940612793,-0.9871642589569092,0.9998361468315125,2.980232238769531e-07
81,2,-0.10883092880249023,0.9900000095367432,35.98674392700195,34.67802047729492,35.581581115722656,-0.9876325726509094,36.56922149658203,-0.8013044595718384,0.9906679391860962,7.897615432739258e-06
81,3,-0.09412193298339844,0.9900000095367432,34.67802047729492,35.86418533325195,36.12317657470703,-0.934398353099823,37.05758285522461,0.8296117186546326,0.9995989203453064,4.172325134277344e-07
81,4,-0.09278571605682373,0.9900000095367432,35.86418533325195,36.19998550415039,36.6209716796875,-0.8934358358383179,37.51441192626953,0.9999862313270569,0.9985284805297852,9.834766387939453e-07
81,5,-0.09578895568847656,0.9900000095367432,36.19998550415039,36.9621696472168,37.13116455078125,-0.8513026833534241,37.98247146606445,0.9999973177909851,0.9997625350952148,7.748603820800781e-07
81,6,-0.09994316101074219,0.9900000095367432,36.9621696472168,37.904151916503906,37.63671112060547,-0.8033106923103333,38.44002151489258,0.9999939203262329,0.9999681711196899,8.046627044677734e-07
81,7,-0.10501635074615479,0.9900000095367432,37.904151916503906,39.24106979370117,38.129085540771484,-0.7478654980659485,38.87694549560547,0.9999356865882874,0.9999814629554749,0.0
81,8,-0.10998654365539551,0.9900000095367432,39.24106979370117,40.67909622192383,38.58763122558594,-0.6835185289382935,39.27114486694336,0.9948316812515259,0.9999872446060181,0.0
81,9,-0.11659717559814453,0.9900000095367432,40.67909622192383,40.055564880371094,39.00478744506836,-0.6098160743713379,39.614601135253906,0.3293132483959198,0.9999991059303284,0.0
81,10,-0.11884713172912598,0.9900000095367432,40.055564880371094,38.5518684387207,39.488182067871094,-0.5244219899177551,40.01259994506836,-0.8851245045661926,0.9999994039535522,0.0
81,11,-0.11924374103546143,0.9900000095367432,38.5518684387207,39.95216751098633,40.08369064331055,-0.4312332272529602,40.51491928100586,-0.9908082485198975,0.9999974966049194,0.0
81,12,-0.11916327476501465,0.9900000095367432,39.95216751098633,40.488990783691406,40.64359664916992,-0.3317272663116455,40.975318908691406,-0.9783816933631897,0.9999610781669617,0.0
81,13,-0.11831259727478027,0.9900000095367432,40.488990783691406,40.520450592041016,41.2105827331543,-0.22601166367530823,41.43659210205078,-0.8071030378341675,0.999998927116394,0.0
81,14,-0.11451256275177002,0.9900000095367432,40.520450592041016,42.348880767822266,41.81087875366211,-0.11451256275177002,41.925392150878906,0.6662235260009766,0.9996851682662964,0.0
82,0,0.09521615505218506,0.9900000095367432,79.99774932861328,80.79036712646484,72.60897064208984,1.8483312129974365,70.76062774658203,0.8249958157539368,0.9999982118606567,0.0
82,1,0.1221768856048584,0.9900000095367432,80.79036712646484,80.95804595947266,72.84915161132812,1.8640245199203491,70.98511505126953,-0.7980159521102905,0.9999421834945679,0.0
82,2,0.1557021141052246,0.9900000095367432,80.95804595947266,81.33654022216797,73.06703186035156,1.8520443439483643,71.21498107910156,-0.46720293164253235,0.999998927116394,0.0
82,3,0.14411556720733643,0.9900000095367432,81.33654022216797,80.41089630126953,73.2431411743164,1.8036600351333618,71.4394760131836,-0.5111266374588013,0.9999901056289673,0.0
82,4,0.12796449661254883,0.9900000095367432,80.41089630126953,79.92738342285156,73.49141693115234,1.7645343542099,71.72688293457031,-0.4443396329879761,0.9999985694885254,0.0
82,5,0.10590124130249023,0.9900000095367432,79.92738342285156,79.06956481933594,73.79802703857422,1.740106225013733,72.05792236328125,-0.19399814307689667,0.9999995827674866,0.0
82,6,0.11024940013885498,0.9900000095367432,79.06956481933594,78.30170440673828,74.19264221191406,1.7375917434692383,72.45506286621094,0.005139801185578108,0.9999805688858032,0.0
82,7,0.14718353748321533,0.9900000095367432,78.30170440673828,77.6684341430664,74.64801025390625,1.7302948236465454,72.91773223876953,0.11838425695896149,0.9999985694885254,0.0
82,8,0.1961451768875122,0.9900000095367432,77.6684341430664,77.5042495727539,75.12625122070312,1.6832655668258667,73.44300079345703,0.1931324005126953,0.9999889135360718,0.0
82,9,0.24689364433288574,0.9900000095367432,77.5042495727539,77.46295928955078,75.59132385253906,1.5812019109725952,74.01013946533203,0.26988139748573303,0.9998534917831421,0.0
82,10,0.2906605005264282,0.9900000095367432,77.46295928955078,77.60930633544922,76.03404235839844,1.418722152709961,74.6153335571289,0.23063267767429352,0.9999983310699463,0.0
82,11,0.31664788722991943,0.9900000095367432,77.60930633544922,77.72274780273438,76.45053100585938,1.199427604675293,75.2511215209961,0.07445672899484634,0.9999581575393677,0.0
82,12,0.3166825771331787,0.9900000095367432,77.72274780273438,77.8879165649414,76.85975646972656,0.9386281371116638,75.92115020751953,0.2643812894821167,0.9999648332595825,0.0
82,13,0.3436392545700073,0.9900000095367432,77.8879165649414,77.95565795898438,77.2861557006836,0.6612924337387085,76.6248779296875,0.0440695658326149,0.9999914169311523,0.0
82,14,0.3377492427825928,0.9900000095367432,77.95565795898438,78.15106964111328,77.70730590820312,0.3377492427825928,77.36956024169922,0.2286205291748047,0.9999998807907104,0.0
83,0,-0.07416534423828125,0.9900000095367432,69.77340698242188,67.81118774414062,68.91006469726562,1.3366785049438477,67.57337951660156,-0.9999997019767761,0.9999998807907104,0.0
83,1,-0.058448318392038345,0.9900000095367432,67.81118774414062,68.34938049316406,69.77945709228516,1.500099778175354,68.27935028076172,-1.0,0.9999997019767761,0.0
83,2,-0.04800260439515114,0.9900000095367432,68.34938049316406,68.84606170654297,70.6588134765625,1.6571484804153442,69.00165557861328,-1.0,1.0,0.0
83,3,-0.03248656168580055,0.9900000095367432,68.84606170654297,69.6569595336914,71.55654907226562,1.8130260705947876,69.7435073852539,-1.0,0.9999998807907104,0.0
83,4,-0.0007416047155857086,0.9900000095367432,69.6569595336914,70.8115005493164,72.451904296875,1.962267518043518,70.4896240234375,-0.9999998807907104,0.9999970197677612,0.0
83,5,0.10899472236633301,0.9900000095367432,70.8115005493164,71.85963439941406,73.30937957763672,2.0871973037719727,71.22217559814453,-0.9999970197677612,0.9999934434890747,0.0
83,6,0.27598726749420166,0.9900000095367432,71.85963439941406,72.9832992553711,74.04926300048828,2.1033520698547363,71.94590759277344,-0.9995000958442688,0.9999897480010986,2.9802322387695312e-08
83,7,0.36656367778778076,0.9900000095367432,72.9832992553711,73.69995880126953,74.5992660522461,1.9429717063903809,72.65628051757812,-0.8136170506477356,0.9999672770500183,1.4901161193847656e-07
83,8,0.46396470069885254,0.9900000095367432,73.69995880126953,74.4769515991211,75.05003356933594,1.676138162612915,73.3738784790039,0.9764336943626404,0.999474048614502,2.9802322387695312e-08
83,9,0.37877416610717773,0.9900000095367432,74.4769515991211,74.35929107666016,75.38485717773438,1.288860559463501,74.09598541259766,0.9999923706054688,0.9999477863311768,8.940696716308594e-08
83,10,0.3147512674331665,0.9900000095367432,74.35929107666016,75.2955551147461,75.83763885498047,0.9676622152328491,74.86996459960938,0.9999525547027588,0.9997520446777344,0.0
83,11,0.26000046730041504,0.9900000095367432,75.2955551147461,76.16439056396484,76.33786010742188,0.6942168474197388,75.64363098144531,0.997233510017395,0.9997353553771973,2.9802322387695312e-08
83,12,0.2001478672027588,0.9900000095367432,76.16439056396484,76.77152252197266,76.88220977783203,0.4616867005825043,76.42051696777344,0.7973731756210327,0.9999887943267822,0.0
83,13,0.1346982717514038,0.9900000095367432,76.77152252197266,77.40946960449219,77.49268341064453,0.2780848741531372,77.214599609375,-0.39977970719337463,0.9999997615814209,0.0
83,14,0.1524578332901001,0.9900000095367432,77.40946960449219,78.81346893310547,78.17779541015625,0.1524578332901001,78.02533721923828,-0.46044743061065674,0.9999556541442871,0.0
84,0,-0.053174976259469986,0.9900000095367432,76.53414154052734,78.4931869506836,78.22587585449219,4.702334403991699,73.52354431152344,-0.9999991059303284,0.9999802708625793,4.112720489501953e-06
84,1,0.19295930862426758,0.9900000095367432,78.4931869506836,78.03315734863281,79.10009002685547,5.056363105773926,74.04373168945312,-0.9029137492179871,0.9998902082443237,2.682209014892578e-07
84,2,0.42080962657928467,0.9900000095367432,78.03315734863281,77.06583404541016,79.79212188720703,5.171083450317383,74.62104797363281,0.999847412109375,0.997448205947876,0.000164031982421875
84,3,0.4558819532394409,0.9900000095367432,77.06583404541016,77.13806915283203,80.33657836914062,5.050796031951904,75.2857894897461,1.0,0.994505763053894,6.711483001708984e-05
84,4,0.5169955492019653,0.9900000095367432,77.13806915283203,77.6771011352539,80.87439727783203,4.885607719421387,75.98878479003906,1.0,0.9963090419769287,3.612041473388672e-05
84,5,0.5498892068862915,0.9900000095367432,77.6771011352539,78.85359191894531,81.35287475585938,4.644989490509033,76.7078857421875,1.0,0.9995865821838379,5.960464477539063e-08
84,6,0.5780043601989746,0.9900000095367432,78.85359191894531,79.8648910522461,81.76473999023438,4.35417366027832,77.41056060791016,1.0,0.9997416734695435,5.364418029785156e-07
84,7,0.5837670564651489,0.9900000095367432,79.8648910522461,80.83733367919922,82.11953735351562,4.015065670013428,78.10445404052734,1.0,0.9999774694442749,0.0
84,8,0.5769546031951904,0.9900000095367432,80.83733367919922,81.40879821777344,82.43946075439453,3.6483771800994873,78.79106903076172,0.9999939799308777,0.9999943375587463,5.960464477539063e-08
84,9,0.5595461130142212,0.9900000095367432,81.40879821777344,81.99246978759766,82.75679779052734,3.2657337188720703,79.49105072021484,0.9814412593841553,0.9999998807907104,0.0
84,10,0.5135270357131958,0.9900000095367432,81.99246978759766,83.37039947509766,83.08200073242188,2.877392292022705,80.20459747314453,-0.7634736895561218,0.9999995827674866,0.0
84,11,0.6771130561828613,0.9900000095367432,83.37039947509766,85.11264038085938,83.40419006347656,2.513413190841675,80.8907699584961,-0.3306979238986969,0.999998927116394,0.0
84,12,0.7874772548675537,0.9900000095367432,85.11264038085938,84.76358795166016,83.48112487792969,1.95247220993042,81.52864837646484,0.6813357472419739,0.9997034668922424,0.0
84,13,0.6641713380813599,0.9900000095367432,84.76358795166016,84.18488311767578,83.46395111083984,1.2386975288391113,82.22525787353516,0.24754264950752258,0.9999996423721313,0.0
84,14,0.6108731031417847,0.9900000095367432,84.18488311767578,83.83474731445312,83.60726165771484,0.6108731031417847,82.99639129638672,-0.8277387022972107,0.9999942779541016,0.0
85,0,-0.07210004329681396,0.9900000095367432,35.82082748413086,37.64936828613281,41.33768081665039,-1.0019173622131348,42.339599609375,-1.0,0.9999768733978271,1.6093254089355469e-06
85,1,-0.08618760108947754,0.9900000095367432,37.64936828613281,39.20476150512695,42.047996520996094,-0.9886415004730225,43.03663635253906,-1.0,0.9999017715454102,1.4901161193847656e-06
85,2,-0.09412431716918945,0.9900000095367432,39.20476150512695,38.77851486206055,42.73636245727539,-0.9595469236373901,43.69590377807617,-1.0,0.9999997615814209,3.993511199951172e-06
85,3,-0.10158932209014893,0.9900000095367432,38.77851486206055,39.664249420166016,43.499149322509766,-0.9201728701591492,44.419315338134766,-1.0,0.9995943903923035,3.337860107421875e-06
85,4,-0.10541701316833496,0.9900000095367432,39.664249420166016,41.296356201171875,44.271514892578125,-0.870370626449585,45.14188003540039,-1.0,0.9977529048919678,5.0067901611328125e-05
85,5,-0.10768187046051025,0.9900000095367432,41.296356201171875,44.04508972167969,45.01090621948242,-0.8133478164672852,45.82425308227539,-1.0,0.9999858140945435,6.386637687683105e-05
85,6,-0.10806083679199219,0.9900000095367432,44.04508972167969,46.736385345458984,45.654815673828125,-0.7503093481063843,46.40512466430664,-1.0,0.9999961853027344,1.195073127746582e-05
85,7,-0.10727167129516602,0.9900000095367432,46.736385345458984,48.84243392944336,46.19821548461914,-0.6828798651695251,46.881099700927734,-1.0,0.9982138872146606,2.980232238769531e-07
85,8,-0.10558700561523438,0.9900000095367432,48.84243392944336,49.91498947143555,46.66431427001953,-0.6120235919952393,47.27634048461914,-0.9999998211860657,0.9997247457504272,7.152557373046875e-07
85,9,-0.10377824306488037,0.9900000095367432,49.91498947143555,50.091915130615234,47.10165786743164,-0.5384758710861206,47.64013671875,-0.9999488592147827,0.9999936819076538,2.9206275939941406e-06
85,10,-0.1025916337966919,0.9900000095367432,50.091915130615234,49.598697662353516,47.55543518066406,-0.4621984362602234,48.017635345458984,-0.9828181266784668,0.9996907711029053,6.556510925292969e-07
85,11,-0.10483872890472412,0.9900000095367432,49.598697662353516,49.50831604003906,48.062618255615234,-0.38235706090927124,48.444976806640625,0.6064144968986511,0.9998437166213989,1.7881393432617188e-07
85,12,-0.10830533504486084,0.9900000095367432,49.50831604003906,49.74715042114258,48.609031677246094,-0.29507529735565186,48.904109954833984,0.9999998211860657,0.9987273216247559,1.1920928955078125e-07
85,13,-0.10553634166717529,0.9900000095367432,49.74715042114258,49.79109573364258,49.181129455566406,-0.19858583807945251,49.37971878051758,1.0,0.9994570016860962,2.086162567138672e-07
85,14,-0.09893620014190674,0.9900000095367432,49.79109573364258,50.38697052001953,49.78416442871094,-0.09893620014190674,49.88310241699219,1.0,0.9986034631729126,0.0
86,0,-0.0054779089987277985,0.9900000095367432,53.755741119384766,47.08015060424805,51.5138053894043,0.8828167915344238,50.630985260009766,-0.9999898076057434,0.9999825954437256,0.0
86,1,0.2093111276626587,0.9900000095367432,47.08015060424805,48.2700309753418,52.30070877075195,0.9444919228553772,51.3562126159668,-0.9999942779541016,0.9999971985816956,0.0
86,2,0.266390323638916,0.9900000095367432,48.2700309753418,48.76430130004883,52.84638977050781,0.7816914319992065,52.064697265625,-0.9998922348022461,0.9999998807907104,0.0
86,3,0.18635737895965576,0.9900000095367432,48.76430130004883,49.68429183959961,53.33988952636719,0.5479012131690979,52.791988372802734,-0.9939345121383667,0.9999986886978149,0.0
86,4,0.06661009788513184,0.9900000095367432,49.68429183959961,51.11826705932617,53.90128707885742,0.3844166100025177,53.51687240600586,-0.6980647444725037,0.9999858736991882,0.0
86,5,0.17074203491210938,0.9900000095367432,51.11826705932617,56.248897552490234,54.55005645751953,0.33791229128837585,54.21214294433594,0.9359244704246521,0.9999980926513672,0.0
86,6,0.13038790225982666,0.9900000095367432,56.248897552490234,56.27486038208008,54.85911178588867,0.17774614691734314,54.68136215209961,0.9987658858299255,0.9999992847442627,0.0
86,7,0.0807647705078125,0.9900000095367432,56.27486038208008,57.39640426635742,55.2292594909668,0.05035431683063507,55.17890167236328,0.9916818141937256,0.9999994039535522,0.0
86,8,0.045155640691518784,0.9900000095367432,57.39640426635742,57.697933197021484,55.61656188964844,-0.0323343463242054,55.648887634277344,0.8924290537834167,0.9999997615814209,0.0
86,9,-0.0015270747244358063,0.9900000095367432,57.697933197021484,57.50983810424805,56.05035400390625,-0.08239233493804932,56.13274002075195,0.5205525159835815,0.9999997019767761,0.0
86,10,-0.023635391145944595,0.9900000095367432,57.50983810424805,57.401100158691406,56.57112503051758,-0.08598114550113678,56.657100677490234,0.34442341327667236,0.9999984502792358,0.0
86,11,-0.01903427019715309,0.9900000095367432,57.401100158691406,58.15872573852539,57.15407180786133,-0.0662900060415268,57.22035598754883,0.5883936285972595,0.9999996423721313,0.0
86,12,-0.01485467329621315,0.9900000095367432,58.15872573852539,58.67477798461914,57.72913360595703,-0.05024532973766327,57.77937316894531,0.6779787540435791,0.9999978542327881,0.0
86,13,-0.01857936754822731,0.9900000095367432,58.67477798461914,59.04680633544922,58.30896759033203,-0.0376296192407608,58.346595764160156,0.6185214519500732,0.9999997615814209,0.0
86,14,-0.020255450159311295,0.9900000095367432,59.04680633544922,59.52537536621094,58.90986633300781,-0.020255450159311295,58.93012237548828,0.6287481784820557,0.9999990463256836,0.0
87,0,0.5198097229003906,0.9900000095367432,74.29362487792969,77.81478118896484,76.18670654296875,4.647147178649902,71.53956604003906,0.9570608139038086,0.9999998807907104,0.0
87,1,0.36156535148620605,0.9900000095367432,77.81478118896484,75.68330383300781,76.35838317871094,4.388450622558594,71.96994018554688,-0.9673808217048645,1.0,0.0
87,2,0.4248936176300049,0.9900000095367432,75.68330383300781,78.73770904541016,76.82137298583984,4.281642913818359,72.53973388671875,-0.9802666902542114,0.9999998807907104,0.0
87,3,0.39394688606262207,0.9900000095367432,78.73770904541016,79.47871398925781,77.08555603027344,4.100743293762207,72.98481750488281,-0.9770804643630981,1.0,0.0
87,4,0.37902772426605225,0.9900000095367432,79.47871398925781,79.95777130126953,77.3603515625,3.9413042068481445,73.41905212402344,-0.9403236508369446,0.9999986886978149,0.0
87,5,0.5031305551528931,0.9900000095367432,79.95777130126953,81.15851593017578,77.6431884765625,3.7876410484313965,73.85555267333984,0.09594094008207321,0.9999994039535522,0.0
87,6,0.6111241579055786,0.9900000095367432,81.15851593017578,81.3124008178711,77.74876403808594,3.492302417755127,74.2564697265625,0.9833468794822693,0.9999995827674866,0.0
87,7,0.6119720935821533,0.9900000095367432,81.3124008178711,80.64250183105469,77.73809814453125,3.0634536743164062,74.67464447021484,0.8492668867111206,0.999999463558197,0.0
87,8,0.447168231010437,0.9900000095367432,80.64250183105469,78.65937042236328,77.7611083984375,2.6065726280212402,75.15453338623047,-0.8337815999984741,0.9999938011169434,0.0
87,9,0.4476318359375,0.9900000095367432,78.65937042236328,80.43370819091797,78.06517791748047,2.296017646789551,75.76915740966797,-0.32451674342155457,0.9999998211860657,0.0
87,10,0.4790380001068115,0.9900000095367432,80.43370819091797,80.6862564086914,78.29460906982422,1.9653223752975464,76.32928466796875,0.3824724555015564,0.9999887943267822,0.0
87,11,0.4867699146270752,0.9900000095367432,80.6862564086914,79.93864440917969,78.49187469482422,1.580312967300415,76.91156005859375,0.4649796783924103,0.9999989867210388,0.0
87,12,0.4326026439666748,0.9900000095367432,79.93864440917969,79.17750549316406,78.73274230957031,1.1627252101898193,77.57001495361328,-0.16766902804374695,0.9999990463256836,0.0
87,13,0.4275658130645752,0.9900000095367432,79.17750549316406,79.46805572509766,79.08649444580078,0.7763131856918335,78.3101806640625,-0.1758766770362854,0.9999990463256836,0.0
87,14,0.3708106279373169,0.9900000095367432,79.46805572509766,79.88068389892578,79.45269012451172,0.3708106279373169,79.08187866210938,-0.3669525682926178,0.9999920129776001,0.0
88,0,0.08367013931274414,0.9900000095367432,71.06832122802734,76.35576629638672,75.2108154296875,3.194173574447632,72.01665496826172,1.0,0.9961774945259094,2.384185791015625e-07
88,1,0.29681873321533203,0.9900000095367432,76.35576629638672,77.1063461303711,75.86128234863281,3.3072872161865234,72.55400848388672,1.0,0.9997056722640991,0.0
88,2,0.3813737630844116,0.9900000095367432,77.1063461303711,78.12364959716797,76.28675842285156,3.200923442840576,73.08585357666016,1.0,0.999659538269043,0.0
88,3,0.42168867588043213,0.9900000095367432,78.12364959716797,78.63330841064453,76.59571838378906,2.9979262351989746,73.59780883789062,1.0,0.9999833106994629,0.0
88,4,0.4330625534057617,0.9900000095367432,78.63330841064453,79.20410919189453,76.85452270507812,2.7392215728759766,74.11531829833984,0.9999999403953552,0.9999955892562866,0.0
88,5,0.42293012142181396,0.9900000095367432,79.20410919189453,79.74390411376953,77.08757019042969,2.452056407928467,74.63553619384766,0.9999917149543762,0.9999997615814209,0.0
88,6,0.396697998046875,0.9900000095367432,79.74390411376953,80.28983306884766,77.3177261352539,2.1574974060058594,75.16024017333984,0.9997550845146179,0.9999995231628418,0.0
88,7,0.3630119562149048,0.9900000095367432,80.28983306884766,80.70355987548828,77.56159973144531,1.8721950054168701,75.68941497802734,0.9971520304679871,0.9999992847442627,0.0
88,8,0.32728004455566406,0.9900000095367432,80.70355987548828,80.9977798461914,77.8349380493164,1.6046602725982666,76.23029327392578,0.9855491518974304,0.9999997019767761,0.0
88,9,0.2957381010055542,0.9900000095367432,80.9977798461914,81.12085723876953,78.14807891845703,1.3581926822662354,76.78990173339844,0.9330008029937744,0.9999995231628418,0.0
88,10,0.27245640754699707,0.9900000095367432,81.12085723876953,81.19242095947266,78.50808715820312,1.1296699047088623,77.37843322753906,0.8879203200340271,0.9999991655349731,0.0
88,11,0.2571241855621338,0.9900000095367432,81.19242095947266,81.17931365966797,78.911865234375,0.9114444255828857,78.00043487548828,0.8461162447929382,0.9999995827674866,0.0
88,12,0.24846339225769043,0.9900000095367432,81.17931365966797,81.13160705566406,79.3581771850586,0.6957152485847473,78.66246795654297,0.8095210194587708,0.9999999403953552,0.0
88,13,0.24530768394470215,0.9900000095367432,81.13160705566406,81.07465362548828,79.84444427490234,0.4755468964576721,79.36890411376953,0.8250187039375305,0.9999991059303284,0.0
88,14,0.24480509757995605,0.9900000095367432,81.07465362548828,80.9323501586914,80.36782836914062,0.24480509757995605,80.1230239868164,0.8081812858581543,0.9999938011169434,0.0
89,0,0.6987534761428833,0.9900000095367432,75.0976791381836,77.33320617675781,83.59770202636719,6.899843215942383,76.69786834716797,0.9999983310699463,0.9999879598617554,0.0
89,1,0.6167299747467041,0.9900000095367432,77.33320617675781,79.3969955444336,84.07331848144531,6.59339714050293,77.47993469238281,0.9979901909828186,0.9999574422836304,0.0
89,2,0.6615349054336548,0.9900000095367432,79.3969955444336,79.7486801147461,84.5576171875,6.354776382446289,78.20285034179688,0.8924510478973389,0.9999995231628418,0.0
89,3,0.5834827423095703,0.9900000095367432,79.7486801147461,78.93182373046875,85.00640106201172,6.053420066833496,78.95298767089844,-0.05747385323047638,0.9999992847442627,0.0
89,4,0.5793943405151367,0.9900000095367432,78.93182373046875,80.77112579345703,85.60955810546875,5.815989017486572,79.79357147216797,0.2993820011615753,1.0,0.0
89,5,0.6252384185791016,0.9900000095367432,80.77112579345703,81.27308654785156,86.15841674804688,5.5678839683532715,80.59053039550781,0.6197531223297119,0.9999939799308777,0.0
89,6,0.6303834915161133,0.9900000095367432,81.27308654785156,81.34439086914062,86.66683959960938,5.255338191986084,81.4114990234375,0.31312447786331177,0.9999985694885254,0.0
89,7,0.6644446849822998,0.9900000095367432,81.34439086914062,82.46576690673828,87.19819641113281,4.917549133300781,82.28064727783203,0.4126984179019928,0.999969482421875,0.0
89,8,0.681333065032959,0.9900000095367432,82.46576690673828,83.10437774658203,87.66793823242188,4.522173881530762,83.14575958251953,0.31629714369773865,0.9999995827674866,0.0
89,9,0.7157964706420898,0.9900000095367432,83.10437774658203,84.16036987304688,88.11582946777344,4.083828926086426,84.03199768066406,0.3789406716823578,0.9999995231628418,0.0
89,10,0.7447113990783691,0.9900000095367432,84.16036987304688,85.04278564453125,88.49983978271484,3.581108570098877,84.9187240600586,0.3274358808994293,0.9999998807907104,0.0
89,11,0.7788045406341553,0.9900000095367432,85.04278564453125,86.13360595703125,88.8309555053711,3.0158398151397705,85.81510925292969,0.32422298192977905,0.9999996423721313,0.0
89,12,0.8079125881195068,0.9900000095367432,86.13360595703125,87.14746856689453,89.08935546875,2.3785595893859863,86.7107925415039,0.2507553994655609,0.9999959468841553,0.0
89,13,0.8454756736755371,0.9900000095367432,87.14746856689453,88.33570098876953,89.27978515625,1.6700128316879272,87.60977172851562,0.30371206998825073,0.9999998807907104,0.0
89,14,0.8767008781433105,0.9900000095367432,88.33570098876953,89.39705657958984,89.37979125976562,0.8767008781433105,88.50308990478516,0.2281348556280136,0.9999996423721313,0.0
90,0,0.8161299228668213,0.9900000095367432,84.62206268310547,82.13824462890625,85.1260757446289,10.620231628417969,74.50585174560547,-0.9999604821205139,0.9999986290931702,0.0
90,1,0.8629400730133057,0.9900000095367432,82.13824462890625,82.66726684570312,85.32068634033203,10.42435073852539,74.89634704589844,-0.9998919367790222,0.9999999403953552,0.0
90,2,0.8860621452331543,0.9900000095367432,82.66726684570312,82.12967681884766,85.44999694824219,10.166305541992188,75.28369903564453,-0.9737237691879272,1.0,0.0
90,3,0.9063677787780762,0.9900000095367432,82.12967681884766,82.76012420654297,85.59119415283203,9.867349624633789,75.72384643554688,-0.10094795376062393,0.9999964237213135,0.0
90,4,1.0897948741912842,0.9900000095367432,82.76012420654297,83.0824966430664,85.68655395507812,9.527892112731934,76.15865325927734,0.9316229224205017,0.999999463558197,0.0
90,5,1.0954258441925049,0.9900000095367432,83.0824966430664,85.00545501708984,85.5759506225586,8.97192668914795,76.60401153564453,0.8740537166595459,0.9999988675117493,0.0
90,6,1.1703436374664307,0.9900000095367432,85.00545501708984,83.8075942993164,85.35114288330078,8.374801635742188,76.97633361816406,0.5839752554893494,0.9999996423721313,0.0
90,7,1.1774592399597168,0.9900000095367432,83.8075942993164,84.15253448486328,85.09551239013672,7.660242557525635,77.43525695800781,0.6121492981910706,0.9999996423721313,0.0
90,8,1.2034902572631836,0.9900000095367432,84.15253448486328,83.92886352539062,84.79798126220703,6.892911434173584,77.90505981445312,0.36852705478668213,0.9999982118606567,0.0
90,9,1.1951408386230469,0.9900000095367432,83.92886352539062,84.30168914794922,84.46572875976562,6.049357891082764,78.4163589477539,0.3037705421447754,0.9999979734420776,0.0
90,10,1.1928682327270508,0.9900000095367432,84.30168914794922,84.2995376586914,84.1017074584961,5.161315441131592,78.94037628173828,0.334070086479187,0.9999988079071045,0.0
90,11,1.1957905292510986,0.9900000095367432,84.2995376586914,83.85861206054688,83.7171859741211,4.219508171081543,79.49766540527344,0.07068376243114471,0.9999999403953552,0.0
90,12,1.1589384078979492,0.9900000095367432,83.85861206054688,83.74408721923828,83.32843017578125,3.2150111198425293,80.11341094970703,0.11162976920604706,0.9999947547912598,0.0
90,13,1.1372005939483643,0.9900000095367432,83.74408721923828,83.0691909790039,82.9603042602539,2.1861486434936523,80.7741470336914,0.09116482734680176,0.9999971389770508,0.0
90,14,1.1153090000152588,0.9900000095367432,83.0691909790039,82.3355712890625,82.62751770019531,1.1153090000152588,81.51220703125,0.09989646822214127,0.9999992847442627,0.0
91,0,0.4776790142059326,0.9900000095367432,92.47332000732422,92.34706115722656,100.03890991210938,7.944726943969727,92.09417724609375,-1.0,0.9999980330467224,0.0
91,1,0.47454774379730225,0.9900000095367432,92.34706115722656,92.67449951171875,100.99952697753906,7.9394450187683105,93.06007385253906,-1.0,0.9999977946281433,0.0
91,2,0.44598889350891113,0.9900000095367432,92.67449951171875,94.61821746826172,102.00700378417969,7.93715763092041,94.06983947753906,-1.0,0.999983549118042,5.960464477539063e-08
91,3,0.5327877998352051,0.9900000095367432,94.61821746826172,97.54072570800781,103.00628662109375,7.965092182159424,95.04119110107422,-1.0,0.9999994039535522,1.0132789611816406e-06
91,4,0.6917370557785034,0.9900000095367432,97.54072570800781,100.44174194335938,103.82268524169922,7.902503490447998,95.92018127441406,-1.0,0.9999959468841553,0.0
91,5,0.8044451475143433,0.9900000095367432,100.44174194335938,102.22176361083984,104.3690414428711,7.66694974899292,96.70208740234375,-1.0,0.9999991059303284,2.9802322387695312e-08
91,6,0.8832952976226807,0.9900000095367432,102.22176361083984,103.22667694091797,104.73643493652344,7.296655654907227,97.43978118896484,-1.0,0.9999703168869019,1.2814998626708984e-06
91,7,0.9429943561553955,0.9900000095367432,103.22667694091797,103.99728393554688,104.99034881591797,6.819096565246582,98.17124938964844,-1.0,0.9999744892120361,5.960464477539063e-08
91,8,0.9920282959938049,0.9900000095367432,103.99728393554688,104.5760269165039,105.15628051757812,6.247849464416504,98.90843200683594,-0.9999995827674866,0.9999832510948181,7.450580596923828e-07
91,9,1.0310993194580078,0.9900000095367432,104.5760269165039,105.01363372802734,105.2501220703125,5.588326930999756,99.66180419921875,-0.9999971985816956,0.9999680519104004,3.2782554626464844e-07
91,10,1.0615200996398926,0.9900000095367432,105.01363372802734,105.30087280273438,105.28533172607422,4.845536708831787,100.4397964477539,-0.9999863505363464,0.9999657869338989,3.2782554626464844e-07
91,11,1.0835161209106445,0.9900000095367432,105.30087280273438,105.45427703857422,105.2752914428711,4.023409366607666,101.25189208984375,-0.9999238848686218,0.9999353885650635,4.76837158203125e-07
91,12,1.0985443592071533,0.9900000095367432,105.45427703857422,105.46379852294922,105.23316192626953,3.125883102416992,102.10728454589844,-0.9994586110115051,0.9999809265136719,1.1920928955078125e-07
91,13,1.1082539558410645,0.9900000095367432,105.46379852294922,105.33150482177734,105.17189025878906,2.155596971511841,103.01629638671875,-0.9974390864372253,0.999898374080658,2.9802322387695312e-08
91,14,1.1136023998260498,0.9900000095367432,105.33150482177734,105.0401840209961,105.10337829589844,1.1136023998260498,103.98977661132812,-0.9858741760253906,0.9994543790817261,3.8743019104003906e-07
92,0,-0.10921025276184082,0.9900000095367432,22.803030014038086,23.292654037475586,30.9366512298584,-1.0701477527618408,32.00679397583008,0.9999999403953552,0.9999327659606934,5.960464477539063e-08
92,1,-0.1064673662185669,0.9900000095367432,23.292654037475586,20.49923324584961,31.784025192260742,-1.0217304229736328,32.805747985839844,0.9998815059661865,0.9999638795852661,2.9802322387695312e-08
92,2,-0.10492360591888428,0.9900000095367432,20.49923324584961,20.281265258789062,32.8291130065918,-0.9731664657592773,33.802268981933594,0.7573056221008301,0.9999557733535767,0.0
92,3,-0.10475611686706543,0.9900000095367432,20.281265258789062,24.27252197265625,33.95014953613281,-0.9231715798377991,34.87331008911133,-0.8004832863807678,0.9999533891677856,0.0
92,4,-0.10367131233215332,0.9900000095367432,24.27252197265625,26.0074462890625,34.931861877441406,-0.8701918721199036,35.80204391479492,-0.6058753728866577,0.9999918937683105,5.960464477539063e-08
92,5,-0.10369348526000977,0.9900000095367432,26.0074462890625,29.009078979492188,35.883216857910156,-0.8150138854980469,36.698219299316406,-0.7817859649658203,0.9973844289779663,2.086162567138672e-07
92,6,-0.10252165794372559,0.9900000095367432,29.009078979492188,32.002262115478516,36.73680114746094,-0.7563215494155884,37.49311065673828,-0.9231536388397217,0.9997725486755371,0.0
92,7,-0.10147655010223389,0.9900000095367432,32.002262115478516,34.3625373840332,37.485599517822266,-0.6951619982719421,38.180755615234375,-0.8363170623779297,0.9326119422912598,4.172325134277344e-07
92,8,-0.10161352157592773,0.9900000095367432,34.3625373840332,35.15999221801758,38.15643310546875,-0.6312444806098938,38.78767395019531,-0.06873483955860138,0.9999732375144958,1.1920928955078125e-07
92,9,-0.10338211059570312,0.9900000095367432,35.15999221801758,36.12222671508789,38.827884674072266,-0.5631376504898071,39.391021728515625,0.9147412776947021,0.9999114274978638,2.4139881134033203e-06
92,10,-0.10633087158203125,0.9900000095367432,36.12222671508789,38.382568359375,39.4930534362793,-0.48884159326553345,39.981895446777344,0.9593566060066223,0.9999818205833435,2.384185791015625e-07
92,11,-0.10898780822753906,0.9900000095367432,38.382568359375,40.589080810546875,40.08447265625,-0.4067099690437317,40.49118423461914,0.8685218691825867,0.9999990463256836,3.2782554626464844e-07
92,12,-0.11129987239837646,0.9900000095367432,40.589080810546875,41.94780349731445,40.600006103515625,-0.3165573179721832,40.916561126708984,0.7243061661720276,0.9999887943267822,0.0
92,13,-0.11291027069091797,0.9900000095367432,41.94780349731445,42.248165130615234,41.079097747802734,-0.21824289858341217,41.297340393066406,0.4656890630722046,0.999957799911499,0.0
92,14,-0.11199641227722168,0.9900000095367432,42.248165130615234,42.10747146606445,41.57440185546875,-0.11199641227722168,41.686397552490234,0.8001983761787415,0.9999966621398926,0.0
93,0,-0.09009432792663574,0.9900000095367432,66.40271759033203,66.6299819946289,72.65980529785156,0.3725358545780182,72.28726959228516,-0.9999925494194031,0.9999996423721313,0.0
93,1,-0.09559190273284912,0.9900000095367432,66.6299819946289,68.89672088623047,73.84552764892578,0.4918981194496155,73.35362243652344,-0.9999825358390808,0.9999997615814209,0.0
93,2,-0.10133635997772217,0.9900000095367432,68.89672088623047,69.7340316772461,74.9927978515625,0.6246570944786072,74.36813354492188,-0.9998164176940918,0.9999984502792358,0.0
93,3,-0.10398721694946289,0.9900000095367432,69.7340316772461,71.26770782470703,76.17469024658203,0.7719228863716125,75.40276336669922,-0.9979416728019714,1.0,0.0
93,4,-0.0989832878112793,0.9900000095367432,71.26770782470703,72.59939575195312,77.35346221923828,0.9313238859176636,76.42212677001953,-0.9222232699394226,0.9999985694885254,0.0
93,5,-0.024544958025217056,0.9900000095367432,72.59939575195312,75.00374603271484,78.5313949584961,1.0954886674880981,77.43589782714844,0.21183207631111145,0.999937891960144,0.0
93,6,0.045852180570364,0.9900000095367432,75.00374603271484,76.43560791015625,79.5781478881836,1.1908916234970093,78.38725280761719,0.938193142414093,0.9999961853027344,0.0
93,7,-0.0277026928961277,0.9900000095367432,76.43560791015625,76.88414764404297,80.5409164428711,1.2174794673919678,79.32343292236328,0.1454058140516281,0.9999997615814209,0.0
93,8,0.025086279958486557,0.9900000095367432,76.88414764404297,77.83513641357422,81.61919403076172,1.3239575624465942,80.29523468017578,0.31808656454086304,0.9999780654907227,0.0
93,9,0.1878662109375,0.9900000095367432,77.83513641357422,79.7601547241211,82.65950775146484,1.3810434341430664,81.27847290039062,0.8097425103187561,0.99998539686203,0.0
93,10,0.1642395257949829,0.9900000095367432,79.7601547241211,81.22058868408203,83.49124145507812,1.268662691116333,82.22258758544922,0.33564138412475586,0.9999995827674866,0.0
93,11,0.1990976333618164,0.9900000095367432,81.22058868408203,82.88574981689453,84.3238525390625,1.1742936372756958,83.14956665039062,0.11039227247238159,0.999981164932251,0.0
93,12,0.27278029918670654,0.9900000095367432,82.88574981689453,84.3764877319336,85.08444213867188,1.036890983581543,84.04755401611328,0.387234628200531,0.9999921917915344,0.0
93,13,0.3894742727279663,0.9900000095367432,84.3764877319336,85.61386108398438,85.73633575439453,0.8124515414237976,84.92388153076172,0.6179817914962769,0.9999544620513916,0.0
93,14,0.4497365951538086,0.9900000095367432,85.61386108398438,86.6571044921875,86.24027252197266,0.4497365951538086,85.79053497314453,0.38554951548576355,0.9999992847442627,0.0
94,0,-0.08792269229888916,0.9900000095367432,59.56275939941406,61.48868179321289,61.945011138916016,-0.0021880120038986206,61.947208404541016,-0.9999967217445374,0.9991319179534912,2.86102294921875e-06
94,1,-0.05260789766907692,0.9900000095367432,61.48868179321289,60.997283935546875,62.721153259277344,0.09115861356258392,62.6300048828125,-0.9804034233093262,0.999964714050293,3.039836883544922e-06
94,2,-0.025231365114450455,0.9900000095367432,60.997283935546875,60.55464553833008,63.53470993041992,0.1528617888689041,63.381858825683594,0.9892255663871765,0.9996566772460938,1.341104507446289e-06
94,3,-0.0406341589987278,0.9900000095367432,60.55464553833008,61.141273498535156,64.3939208984375,0.18936006724834442,64.20457458496094,1.0,0.994605302810669,3.5762786865234375e-07
94,4,-0.028478745371103287,0.9900000095367432,61.141273498535156,62.19610595703125,65.29299926757812,0.2445446252822876,65.04846954345703,1.0,0.9992892742156982,4.172325134277344e-07
94,5,-0.017396453768014908,0.9900000095367432,62.19610595703125,63.42158126831055,66.18051147460938,0.2902959883213043,65.89022827148438,1.0,0.9992557168006897,1.4901161193847656e-07
94,6,-0.004833582788705826,0.9900000095367432,63.42158126831055,64.6053695678711,67.04788208007812,0.3271583616733551,66.72074127197266,1.0,0.9998102188110352,8.940696716308594e-08
94,7,0.0032747946679592133,0.9900000095367432,64.6053695678711,66.1630859375,67.89447021484375,0.3529951572418213,67.54148864746094,1.0,0.9998491406440735,2.9802322387695312e-08
94,8,0.012113329023122787,0.9900000095367432,66.1630859375,67.7231674194336,68.70401763916016,0.37184515595436096,68.33218383789062,0.9999997615814209,0.9997093081474304,0.0
94,9,0.0264432393014431,0.9900000095367432,67.7231674194336,69.21663665771484,69.47325897216797,0.38248997926712036,69.09078216552734,0.9997730851173401,0.9999992847442627,0.0
94,10,0.046540018171072006,0.9900000095367432,69.21663665771484,70.5353775024414,70.19733428955078,0.3785717487335205,69.81877136230469,0.9489360451698303,0.9999986290931702,0.0
94,11,0.023315902799367905,0.9900000095367432,70.5353775024414,70.70581817626953,70.8764419555664,0.3530374765396118,70.52340698242188,-0.2862759828567505,0.9999998807907104,0.0
94,12,0.13845491409301758,0.9900000095367432,70.70581817626953,72.6596908569336,71.6142349243164,0.35058116912841797,71.26365661621094,0.6716572642326355,0.9999997615814209,0.0
94,13,0.1073000431060791,0.9900000095367432,72.6596908569336,72.80101776123047,72.1734390258789,0.2255462408065796,71.9478988647461,0.37898650765419006,0.9999993443489075,0.0
94,14,0.12572693824768066,0.9900000095367432,72.80101776123047,73.40201568603516,72.79371643066406,0.12572693824768066,72.6679916381836,0.23561443388462067,0.9999771118164062,0.0
95,0,0.5261259078979492,0.9900000095367432,95.06359100341797,95.50924682617188,99.4100341796875,7.969420909881592,91.44062042236328,-1.0,0.9999994039535522,0.0
95,1,0.5797755718231201,0.9900000095367432,95.50924682617188,98.93973541259766,100.11292266845703,7.914189338684082,92.19874572753906,-1.0,0.9999634623527527,2.9802322387695312e-08
95,2,0.6856635808944702,0.9900000095367432,98.93973541259766,101.11226654052734,100.62268829345703,7.798419952392578,92.82427215576172,-1.0,0.9999986290931702,0.0
95,3,0.7517480850219727,0.9900000095367432,101.11226654052734,101.9010009765625,100.9377670288086,7.562739372253418,93.37503051757812,-0.9999998807907104,0.9999949336051941,5.960464477539063e-08
95,4,0.801301121711731,0.9900000095367432,101.9010009765625,102.00447845458984,101.16100311279297,7.241883754730225,93.91912078857422,-0.9999655485153198,0.9999997615814209,2.9802322387695312e-08
95,5,0.838140606880188,0.9900000095367432,102.00447845458984,102.01403045654297,101.34021759033203,6.84804105758667,94.49217987060547,-0.9956064224243164,0.9999680519104004,2.9802322387695312e-08
95,6,0.8715310096740723,0.9900000095367432,102.01403045654297,102.01544952392578,101.49110412597656,6.390112400054932,95.10099792480469,-0.7164071202278137,0.9999884366989136,0.0
95,7,0.9348844289779663,0.9900000095367432,102.01544952392578,103.03218078613281,101.615966796875,5.867710113525391,95.74826049804688,0.9420536160469055,0.9999911785125732,2.9802322387695312e-08
95,8,0.9140931367874146,0.9900000095367432,103.03218078613281,102.8133773803711,101.62784576416016,5.24489688873291,96.38294982910156,0.9999980926513672,0.999639630317688,2.9802322387695312e-08
95,9,0.9178121089935303,0.9900000095367432,102.8133773803711,102.7585678100586,101.67410278320312,4.604788780212402,97.0693130493164,0.9999982714653015,0.9999656677246094,0.0
95,10,0.9174566268920898,0.9900000095367432,102.7585678100586,102.94437408447266,101.72221374511719,3.9202301502227783,97.8019790649414,0.999979555606842,0.9996637105941772,0.0
95,11,0.92133629322052,0.9900000095367432,102.94437408447266,102.99051666259766,101.76396942138672,3.192741870880127,98.57122802734375,0.9992254376411438,0.9999939799308777,0.0
95,12,0.9232653379440308,0.9900000095367432,102.99051666259766,102.7127685546875,101.80180358886719,2.4151041507720947,99.38670349121094,0.8867159485816956,0.9999996423721313,5.960464477539063e-08
95,13,0.8089256286621094,0.9900000095367432,102.7127685546875,101.12153625488281,101.8546142578125,1.5862188339233398,100.26839447021484,-0.792387843132019,0.9999812841415405,0.0
95,14,0.8264681100845337,0.9900000095367432,101.12153625488281,102.31273651123047,102.11608123779297,0.8264681100845337,101.28961181640625,-0.5946123003959656,0.9999878406524658,0.0
96,0,-0.11597335338592529,0.9900000095367432,55.77507400512695,56.62017822265625,56.9581413269043,-0.7551101446151733,57.71324920654297,-0.9998360872268677,0.9992445707321167,3.9249658584594727e-05
96,1,-0.11438333988189697,0.9900000095367432,56.62017822265625,57.50886154174805,57.70485305786133,-0.679571270942688,58.38442611694336,-0.998705267906189,0.9932831525802612,0.00013366341590881348
96,2,-0.11231803894042969,0.9900000095367432,57.50886154174805,58.1342658996582,58.450347900390625,-0.6009441614151001,59.05128860473633,-0.99489825963974,0.999751091003418,4.264712333679199e-05
96,3,-0.10921370983123779,0.9900000095367432,58.1342658996582,58.510013580322266,59.20789337158203,-0.5195386409759521,59.7274284362793,-0.978467583656311,0.9993966817855835,2.6792287826538086e-05
96,4,-0.10520243644714355,0.9900000095367432,58.510013580322266,58.92679977416992,59.99028778076172,-0.4362838566303253,60.42656326293945,-0.9510837197303772,0.9991765022277832,1.8596649169921875e-05
96,5,-0.09926402568817139,0.9900000095367432,58.92679977416992,59.137115478515625,60.79597473144531,-0.3520270586013794,61.14799118041992,-0.752855122089386,0.9997108578681946,7.3909759521484375e-06
96,6,-0.08739018440246582,0.9900000095367432,59.137115478515625,59.05192565917969,61.635250091552734,-0.26875388622283936,61.90399169921875,0.0773920863866806,0.9396185874938965,5.695223808288574e-05
96,7,-0.0707857608795166,0.9900000095367432,59.05192565917969,59.74309158325195,62.51947784423828,-0.19283752143383026,62.71230697631836,0.9931046366691589,0.9900163412094116,1.6450881958007812e-05
96,8,-0.05503595247864723,0.9900000095367432,59.74309158325195,61.07509994506836,63.40561294555664,-0.12977327406406403,63.535377502441406,0.9996671676635742,0.9985173940658569,6.258487701416016e-06
96,9,-0.0350651778280735,0.9900000095367432,61.07509994506836,62.41946029663086,64.26095581054688,-0.07946551591157913,64.34041595458984,0.9992737174034119,0.9999719858169556,8.493661880493164e-06
96,10,-0.018674854189157486,0.9900000095367432,62.41946029663086,63.49317169189453,65.07842254638672,-0.04720929265022278,65.12562561035156,0.9958245158195496,0.9984466433525085,1.7881393432617188e-07
96,11,-0.011950496584177017,0.9900000095367432,63.49317169189453,64.2679672241211,65.87367248535156,-0.030339647084474564,65.90400695800781,0.9444725513458252,0.9999721050262451,1.1920928955078125e-07
96,12,-0.04192674532532692,0.9900000095367432,64.2679672241211,65.76738739013672,66.67129516601562,-0.019552525132894516,66.69084167480469,-0.07465886324644089,0.9999945163726807,5.960464477539063e-08
96,13,-0.0336918868124485,0.9900000095367432,65.76738739013672,67.71846771240234,67.47234344482422,0.02378970757126808,67.44854736328125,-0.7500411868095398,0.9999977350234985,0.0
96,14,0.061118122190237045,0.9900000095367432,67.71846771240234,68.83989715576172,68.21261596679688,0.061118122190237045,68.15149688720703,-0.7903904318809509,0.9999393820762634,8.940696716308594e-08
97,0,-0.11439549922943115,0.9900000095367432,44.7552604675293,43.24020004272461,46.66948699951172,-1.088193655014038,47.7576904296875,-0.9686668515205383,0.9999997019767761,0.0
97,1,-0.11619353294372559,0.9900000095367432,43.24020004272461,45.569583892822266,47.46782684326172,-1.0354046821594238,48.50324249267578,-0.9972414970397949,0.9999840259552002,0.0
97,2,-0.11736440658569336,0.9900000095367432,45.569583892822266,46.01350021362305,48.195987701416016,-0.9773643612861633,49.173362731933594,-0.9966809153556824,0.999988317489624,0.0
97,3,-0.11799466609954834,0.9900000095367432,46.01350021362305,47.26212692260742,48.948097229003906,-0.9144071340560913,49.86251449584961,-0.9958903193473816,0.9999969005584717,0.0
97,4,-0.11706376075744629,0.9900000095367432,47.26212692260742,47.77616500854492,49.682743072509766,-0.8467968702316284,50.52954864501953,-0.990940272808075,0.9999998807907104,0.0
97,5,-0.1142275333404541,0.9900000095367432,47.77616500854492,48.321964263916016,50.435821533203125,-0.7758991122245789,51.21172332763672,-0.9890275001525879,0.9999988079071045,2.9802322387695312e-08
97,6,-0.11155128479003906,0.9900000095367432,48.321964263916016,49.327964782714844,51.204795837402344,-0.7035316824913025,51.908329010009766,-0.9547021985054016,0.99998939037323,2.294778823852539e-06
97,7,-0.10204768180847168,0.9900000095367432,49.327964782714844,51.465816497802734,51.96662521362305,-0.6294316053390503,52.5960578918457,0.1082201600074768,0.9994539022445679,2.9802322387695312e-08
97,8,-0.08842277526855469,0.9900000095367432,51.465816497802734,53.67337417602539,52.654029846191406,-0.5607484579086304,53.214778900146484,0.9996225833892822,0.9954403638839722,2.9802322387695312e-08
97,9,-0.08730852603912354,0.9900000095367432,53.67337417602539,54.9893684387207,53.254249572753906,-0.5022070407867432,53.75645446777344,0.9999697804450989,0.999792218208313,8.940696716308594e-08
97,10,-0.08977091312408447,0.9900000095367432,54.9893684387207,55.737545013427734,53.821990966796875,-0.44114676117897034,54.26313781738281,0.9998469948768616,0.99997878074646,0.0
97,11,-0.09484708309173584,0.9900000095367432,55.737545013427734,56.1330451965332,54.388893127441406,-0.3736053705215454,54.76249694824219,0.995791494846344,0.9998400211334229,0.0
97,12,-0.10103297233581543,0.9900000095367432,56.1330451965332,55.966670989990234,54.97624206542969,-0.2963936924934387,55.27263641357422,0.8838270306587219,0.9999479651451111,0.0
97,13,-0.10769593715667725,0.9900000095367432,55.966670989990234,56.12888717651367,55.61608123779297,-0.2077200710773468,55.82380294799805,0.5029584169387817,0.9999953508377075,0.0
97,14,-0.10635209083557129,0.9900000095367432,56.12888717651367,56.971012115478516,56.294944763183594,-0.10635209083557129,56.40129852294922,0.6078328490257263,0.9999995231628418,2.682209014892578e-07
98,0,-0.07683706283569336,0.9900000095367432,29.678775787353516,33.97887420654297,31.650177001953125,-0.8275381326675415,32.477725982666016,1.0,0.9696667194366455,3.2782554626464844e-07
98,1,-0.08113503456115723,0.9900000095367432,33.97887420654297,36.98570251464844,31.945838928222656,-0.798193633556366,32.744041442871094,1.0,0.9981136322021484,2.0265579223632812e-06
98,2,-0.08150136470794678,0.9900000095367432,36.98570251464844,38.428077697753906,32.10652160644531,-0.7624228000640869,32.86894989013672,1.0,0.997901976108551,1.1920928955078125e-07
98,3,-0.08030462265014648,0.9900000095367432,38.428077697753906,38.73630142211914,32.20184326171875,-0.7239993810653687,32.925846099853516,1.0,0.9982433319091797,5.960464477539063e-08
98,4,-0.0796198844909668,0.9900000095367432,38.73630142211914,38.660919189453125,32.28569793701172,-0.6844176054000854,32.970123291015625,0.999998152256012,0.9998488426208496,2.9802322387695312e-08
98,5,-0.08041763305664062,0.9900000095367432,38.660919189453125,38.450260162353516,32.37810134887695,-0.6430597901344299,33.02116775512695,0.9958759546279907,0.9999920129776001,0.0
98,6,-0.08631765842437744,0.9900000095367432,38.450260162353516,37.3248176574707,32.48828125,-0.5982372760772705,33.08652877807617,-0.2899760901927948,0.9999891519546509,2.9802322387695312e-08
98,7,-0.08549237251281738,0.9900000095367432,37.3248176574707,36.360591888427734,32.67094421386719,-0.5443058013916016,33.21525573730469,-0.7770084738731384,0.9999967813491821,0.0
98,8,-0.0854482650756836,0.9900000095367432,36.360591888427734,35.97366714477539,32.9150276184082,-0.4878399074077606,33.40287780761719,-0.8060787320137024,0.9999924898147583,2.384185791015625e-07
98,9,-0.08229184150695801,0.9900000095367432,35.97366714477539,35.88032913208008,33.19487762451172,-0.4278486371040344,33.62273406982422,-0.8079553842544556,0.9999931454658508,5.960464477539063e-08
98,10,-0.07819008827209473,0.9900000095367432,35.88032913208008,35.6515998840332,33.49398422241211,-0.36741819977760315,33.86140823364258,-0.6430461406707764,0.999927282333374,0.0
98,11,-0.07771003246307373,0.9900000095367432,35.6515998840332,34.752193450927734,33.8196907043457,-0.3075259029865265,34.127220153808594,-0.13268738985061646,0.999714732170105,0.0
98,12,-0.08233273029327393,0.9900000095367432,34.752193450927734,34.15913391113281,34.212825775146484,-0.2443549931049347,34.45718765258789,0.14614900946617126,0.9999769926071167,6.556510925292969e-07
98,13,-0.0898137092590332,0.9900000095367432,34.15913391113281,34.873008728027344,34.66696548461914,-0.1722724735736847,34.8392448425293,-0.45306429266929626,0.9999610781669617,1.4901161193847656e-07
98,14,-0.08767545223236084,0.9900000095367432,34.873008728027344,35.56353759765625,35.12022018432617,-0.08767545223236084,35.2078971862793,-0.7719038724899292,0.9999561309814453,0.0
99,0,-0.11750900745391846,0.9900000095367432,22.373985290527344,24.177583694458008,19.982898712158203,-1.1764307022094727,21.15932846069336,1.0,0.9988056421279907,2.9802322387695312e-06
99,1,-0.11788368225097656,0.9900000095367432,24.177583694458008,25.037818908691406,20.09954071044922,-1.1259135007858276,21.225452423095703,1.0,0.9946514368057251,8.940696716308594e-08
99,2,-0.11777341365814209,0.9900000095367432,25.037818908691406,25.211013793945312,20.17868423461914,-1.0718021392822266,21.250484466552734,1.0,0.99881911277771,1.6987323760986328e-06
99,3,-0.11748945713043213,0.9900000095367432,25.211013793945312,25.115276336669922,20.25360107421875,-1.0143846273422241,21.26798439025879,1.0,0.99955153465271,0.0
99,4,-0.11712098121643066,0.9900000095367432,25.115276336669922,24.839048385620117,20.337993621826172,-0.9536365270614624,21.291629791259766,1.0,0.9993854761123657,2.086162567138672e-07
99,5,-0.11698532104492188,0.9900000095367432,24.839048385620117,24.81313133239746,20.44187355041504,-0.8894370794296265,21.331310272216797,1.0,0.9998892545700073,2.9802322387695312e-08
99,6,-0.11685681343078613,0.9900000095367432,24.81313133239746,24.87279510498047,20.553544998168945,-0.8213203549385071,21.37486457824707,1.0,0.9999540448188782,0.0
99,7,-0.11665225028991699,0.9900000095367432,24.87279510498047,24.902427673339844,20.66900634765625,-0.7490308880805969,21.41803550720215,1.0,0.9999105930328369,0.0
99,8,-0.11633074283599854,0.9900000095367432,24.902427673339844,24.742544174194336,20.78999137878418,-0.672385573387146,21.46237564086914,1.0,0.9998459219932556,0.0
99,9,-0.11590099334716797,0.9900000095367432,24.742544174194336,24.393203735351562,20.92670440673828,-0.5912332534790039,21.51793670654297,1.0,0.9999989867210388,0.0
99,10,-0.11532926559448242,0.9900000095367432,24.393203735351562,23.912994384765625,21.089996337890625,-0.5054037570953369,21.595399856567383,0.9999995231628418,0.9999997615814209,0.0
99,11,-0.11462199687957764,0.9900000095367432,23.912994384765625,23.42225456237793,21.288286209106445,-0.4147522747516632,21.70303726196289,0.9999942183494568,0.9999997615814209,0.0
99,12,-0.11380624771118164,0.9900000095367432,23.42225456237793,22.99545669555664,21.52419662475586,-0.31911778450012207,21.843313217163086,0.9999634027481079,0.9999994039535522,0.0
99,13,-0.1129293441772461,0.9900000095367432,22.99545669555664,22.667030334472656,21.796627044677734,-0.21830043196678162,22.01492691040039,0.9998462200164795,0.9999998211860657,0.0
99,14,-0.1120373010635376,0.9900000095367432,22.667030334472656,22.439071655273438,22.102643966674805,-0.1120373010635376,22.21468162536621,0.9995045065879822,0.9999732971191406,0.0
100,0,-0.11817002296447754,0.9900000095367432,37.499210357666016,40.494110107421875,40.32777786254883,-1.0357383489608765,41.3635139465332,-0.4287989139556885,0.9999976754188538,0.0
100,1,-0.11150848865509033,0.9900000095367432,40.494110107421875,44.40006637573242,40.87346267700195,-0.975617527961731,41.84907531738281,0.834967315196991,0.999947190284729,0.0
100,2,-0.10961079597473145,0.9900000095367432,44.40006637573242,47.09749221801758,41.241004943847656,-0.918776273727417,42.1597785949707,0.9829134345054626,0.9999961853027344,0.0
100,3,-0.11281931400299072,0.9900000095367432,47.09749221801758,45.61119842529297,41.487815856933594,-0.8603567481040955,42.34817123413086,0.28180578351020813,0.9999997615814209,0.0
100,4,-0.11603045463562012,0.9900000095367432,45.61119842529297,43.84696960449219,41.831878662109375,-0.7948298454284668,42.626705169677734,-0.787696897983551,0.9999860525131226,0.0
100,5,-0.1136559247970581,0.9900000095367432,43.84696960449219,44.28712844848633,42.29397964477539,-0.721743106842041,43.015716552734375,-0.9270116090774536,0.9999991655349731,0.0
100,6,-0.10690999031066895,0.9900000095367432,44.28712844848633,44.50246047973633,42.759620666503906,-0.6465573906898499,43.40617370605469,-0.8032835125923157,0.9999979734420776,0.0
100,7,-0.09198832511901855,0.9900000095367432,44.50246047973633,45.43794250488281,43.23621368408203,-0.5737877488136292,43.809993743896484,-0.11773442476987839,0.9999433755874634,0.0
100,8,-0.06359207630157471,0.9900000095367432,45.43794250488281,47.54274368286133,43.677852630615234,-0.5122801065444946,44.190128326416016,0.9320794343948364,0.9999973177909851,6.258487701416016e-07
100,9,-0.06949245929718018,0.9900000095367432,47.54274368286133,47.74028396606445,44.006465911865234,-0.47707390785217285,44.48353576660156,0.9805503487586975,0.9999983906745911,0.0
100,10,-0.0837627649307251,0.9900000095367432,47.74028396606445,47.346614837646484,44.351741790771484,-0.4333667755126953,44.78510665893555,0.7843050360679626,0.9999897480010986,0.0
100,11,-0.10509228706359863,0.9900000095367432,47.346614837646484,45.9644889831543,44.754756927490234,-0.37172141671180725,45.12647247314453,-0.06709112226963043,0.9999693632125854,2.9802322387695312e-08
100,12,-0.10304713249206543,0.9900000095367432,45.9644889831543,46.25647735595703,45.2786865234375,-0.2834971845149994,45.56217956542969,0.12799710035324097,0.9999986886978149,0.0
100,13,-0.09868395328521729,0.9900000095367432,46.25647735595703,46.786781311035156,45.81822204589844,-0.19186608493328094,46.01008605957031,0.4813455641269684,0.9999916553497314,0.0
100,14,-0.09907722473144531,0.9900000095367432,46.786781311035156,46.92769241333008,46.359336853027344,-0.09907722473144531,46.45841598510742,0.6090705394744873,0.9999585151672363,0.0
101,0,-0.1191331148147583,0.9900000095367432,31.775392532348633,33.687252044677734,31.96472930908203,-1.1817717552185059,33.14649963378906,-0.999658465385437,0.9999909400939941,6.67572021484375e-06
101,1,-0.1188967227935791,0.9900000095367432,33.687252044677734,35.4909782409668,32.340606689453125,-1.1298656463623047,33.47047424316406,-0.9462651014328003,0.9999902248382568,5.662441253662109e-07
101,2,-0.11643171310424805,0.9900000095367432,35.4909782409668,38.61758804321289,32.645084381103516,-1.0749270915985107,33.72001266479492,0.6071226000785828,0.9997497200965881,8.940696716308594e-08
101,3,-0.1157912015914917,0.9900000095367432,38.61758804321289,40.95878982543945,32.8016471862793,-1.0191339254379272,33.82078170776367,0.9995459318161011,0.9996764659881592,0.0
101,4,-0.11663627624511719,0.9900000095367432,40.95878982543945,42.69561004638672,32.844207763671875,-0.960491955280304,33.80470275878906,0.9986239075660706,0.9999645948410034,0.0
101,5,-0.11761212348937988,0.9900000095367432,42.69561004638672,43.340084075927734,32.7989501953125,-0.8972415328025818,33.69619369506836,0.9790334701538086,0.9973586797714233,8.940696716308594e-08
101,6,-0.11910784244537354,0.9900000095367432,43.340084075927734,41.8285026550293,32.71794128417969,-0.8289520740509033,33.54690170288086,0.34354859590530396,0.9999974370002747,0.0
101,7,-0.11982154846191406,0.9900000095367432,41.8285026550293,39.448490142822266,32.71295928955078,-0.754751980304718,33.467716217041016,-0.9498807191848755,0.9999990463256836,2.9802322387695312e-08
101,8,-0.11939895153045654,0.9900000095367432,39.448490142822266,39.20708465576172,32.83368682861328,-0.6750988364219666,33.5087890625,-0.9996678829193115,0.9999994039535522,2.9802322387695312e-08
101,9,-0.11858916282653809,0.9900000095367432,39.20708465576172,37.850948333740234,32.974308013916016,-0.5908558368682861,33.565162658691406,-0.9989750981330872,0.9999958872795105,0.0
101,10,-0.11752116680145264,0.9900000095367432,37.850948333740234,36.521846771240234,33.1943359375,-0.5021442174911499,33.69648361206055,-0.9888197183609009,0.9999699592590332,2.9802322387695312e-08
101,11,-0.11594104766845703,0.9900000095367432,36.521846771240234,35.05928039550781,33.497100830078125,-0.4089559018611908,33.906063079833984,-0.8502870202064514,0.9999534487724304,1.1920928955078125e-07
101,12,-0.11040616035461426,0.9900000095367432,35.05928039550781,35.90117645263672,33.89432144165039,-0.3115522265434265,34.205875396728516,0.6039063930511475,0.9999942779541016,1.4901161193847656e-07
101,13,-0.10914576053619385,0.9900000095367432,35.90117645263672,35.356468200683594,34.266475677490234,-0.21387138962745667,34.4803466796875,0.9998281598091125,0.9999881982803345,2.9802322387695312e-08
101,14,-0.11135101318359375,0.9900000095367432,35.356468200683594,35.15237808227539,34.68950271606445,-0.11135101318359375,34.80085372924805,0.9998764991760254,0.999993622303009,0.0
102,0,-0.09622025489807129,0.9900000095367432,51.60599136352539,52.0414924621582,50.72476577758789,-0.7683659791946411,51.493133544921875,-0.9998919367790222,0.9999999403953552,0.0
102,1,-0.09327566623687744,0.9900000095367432,52.0414924621582,52.78543472290039,51.297115325927734,-0.7146684527397156,52.011783599853516,-0.9966124296188354,0.999997615814209,0.0
102,2,-0.09226584434509277,0.9900000095367432,52.78543472290039,53.055171966552734,51.86338424682617,-0.6607046723365784,52.52408981323242,-0.9876875281333923,0.9999984502792358,0.0
102,3,-0.09387087821960449,0.9900000095367432,53.055171966552734,53.1747932434082,52.45020294189453,-0.604400634765625,53.05460739135742,-0.9684428572654724,0.999998152256012,0.0
102,4,-0.09713506698608398,0.9900000095367432,53.1747932434082,53.406673431396484,53.069557189941406,-0.5428280234336853,53.612388610839844,-0.9032604098320007,0.9999340176582336,2.9802322387695312e-08
102,5,-0.0915064811706543,0.9900000095367432,53.406673431396484,53.432918548583984,53.719364166259766,-0.47388938069343567,54.19325637817383,-0.6326348781585693,0.9999974966049194,8.940696716308594e-08
102,6,-0.02375638857483864,0.9900000095367432,53.432918548583984,54.75956344604492,54.402915954589844,-0.4065740406513214,54.80949020385742,0.6701813340187073,0.9999512434005737,1.3113021850585938e-06
102,7,-0.025953296571969986,0.9900000095367432,54.75956344604492,55.72154235839844,54.987850189208984,-0.40703633427619934,55.3948860168457,0.9862450957298279,0.9999315738677979,0.0
102,8,-0.04679620638489723,0.9900000095367432,55.72154235839844,56.40032196044922,55.561500549316406,-0.40519195795059204,55.96669006347656,0.9134077429771423,0.9998965263366699,0.0
102,9,-0.07200241088867188,0.9900000095367432,56.40032196044922,56.68269348144531,56.157875061035156,-0.3810693621635437,56.5389404296875,0.41658875346183777,0.9986520409584045,0.0
102,10,-0.07590210437774658,0.9900000095367432,56.68269348144531,57.28728485107422,56.80392074584961,-0.3286198377609253,57.13253402709961,0.3777270019054413,0.9999919533729553,0.0
102,11,-0.06800878047943115,0.9900000095367432,57.28728485107422,58.3538818359375,57.463157653808594,-0.26870572566986084,57.73185729980469,0.7595077753067017,0.9999889135360718,0.0
102,12,-0.07229757308959961,0.9900000095367432,58.3538818359375,58.96489334106445,58.09957504272461,-0.213393896818161,58.31296157836914,0.6388682126998901,0.9999944567680359,0.0
102,13,-0.07615470886230469,0.9900000095367432,58.96489334106445,59.544673919677734,58.74864959716797,-0.15002267062664032,58.8986701965332,0.5284162163734436,0.9999939799308777,0.0
102,14,-0.07854115962982178,0.9900000095367432,59.544673919677734,60.09183883666992,59.41238021850586,-0.07854115962982178,59.49092102050781,0.6210740208625793,0.9999998807907104,0.0
103,0,-0.07948362827301025,0.9900000095367432,42.1324348449707,38.734947204589844,27.326547622680664,-0.9727494120597839,28.299291610717773,1.0,0.9975095987319946,2.980232238769531e-07
103,1,-0.08533608913421631,0.9900000095367432,38.734947204589844,35.05480194091797,27.101171493530273,-0.9497775435447693,28.05094337463379,1.0,0.9805867671966553,2.980232238769531e-07
103,2,-0.09328007698059082,0.9900000095367432,35.05480194091797,33.49214172363281,27.061450958251953,-0.9191296696662903,27.980573654174805,1.0,0.998355507850647,2.086162567138672e-07
103,3,-0.0983731746673584,0.9900000095367432,33.49214172363281,32.2416877746582,27.10991096496582,-0.878096342086792,27.987998962402344,0.9999999403953552,0.9976083040237427,1.4901161193847656e-07
103,4,-0.10146510601043701,0.9900000095367432,32.2416877746582,31.418012619018555,27.232664108276367,-0.8290517330169678,28.061708450317383,0.9999998807907104,0.9994758367538452,2.9802322387695312e-08
103,5,-0.10312151908874512,0.9900000095367432,31.418012619018555,30.81938934326172,27.409822463989258,-0.7736168503761292,28.18343162536621,0.9999998211860657,0.999709963798523,5.960464477539063e-08
103,6,-0.10411906242370605,0.9900000095367432,30.81938934326172,30.39129638671875,27.631454467773438,-0.7129137516021729,28.344362258911133,0.9999998211860657,0.9998902678489685,5.960464477539063e-08
103,7,-0.10451686382293701,0.9900000095367432,30.39129638671875,30.03885269165039,27.89069938659668,-0.6473096013069153,28.53800392150879,0.9999997615814209,0.999987006187439,0.0
103,8,-0.10440826416015625,0.9900000095367432,30.03885269165039,29.771709442138672,28.185317993164062,-0.5771321058273315,28.762449264526367,0.9999997019767761,0.9999657869338989,8.940696716308594e-08
103,9,-0.10368943214416504,0.9900000095367432,29.771709442138672,29.591585159301758,28.512521743774414,-0.502630352973938,29.015151977539062,0.9999995231628418,0.9990957975387573,3.2782554626464844e-07
103,10,-0.1022406816482544,0.9900000095367432,29.591585159301758,29.535415649414062,28.869140625,-0.4241795837879181,29.293319702148438,0.9999991059303284,0.9999931454658508,2.9802322387695312e-08
103,11,-0.09978127479553223,0.9900000095367432,29.535415649414062,29.623828887939453,29.249740600585938,-0.34230610728263855,29.592044830322266,0.9999980330467224,0.9998596906661987,2.9802322387695312e-08
103,12,-0.09592199325561523,0.9900000095367432,29.623828887939453,29.877166748046875,29.647146224975586,-0.2578679919242859,29.905014038085938,0.9999962449073792,0.9999974370002747,2.9802322387695312e-08
103,13,-0.09120368957519531,0.9900000095367432,29.877166748046875,30.291805267333984,30.052257537841797,-0.17219138145446777,30.224449157714844,0.9999854564666748,0.9999549984931946,0.0
103,14,-0.08611130714416504,0.9900000095367432,30.291805267333984,30.85077667236328,30.456157684326172,-0.08611130714416504,30.542268753051758,0.9999532699584961,0.9999727010726929,0.0
104,0,-0.09954690933227539,0.9900000095367432,21.047916412353516,22.318458557128906,19.46348762512207,-1.005068063735962,20.468549728393555,0.9999999403953552,0.9998161196708679,0.0
104,1,-0.10011708736419678,0.9900000095367432,22.318458557128906,21.128276824951172,19.626018524169922,-0.9628081917762756,20.588821411132812,0.9999902248382568,0.9999911785125732,0.0
104,2,-0.10101377964019775,0.9900000095367432,21.128276824951172,20.72998809814453,19.862079620361328,-0.9172685742378235,20.779342651367188,0.9934104084968567,0.9999595880508423,0.0
104,3,-0.10144472122192383,0.9900000095367432,20.72998809814453,20.821735382080078,20.134990692138672,-0.8678945302963257,21.002880096435547,0.6844571232795715,0.9999996423721313,0.0
104,4,-0.10244178771972656,0.9900000095367432,20.821735382080078,21.66632080078125,20.42079734802246,-0.8149386644363403,21.23573112487793,0.1552942395210266,0.9999875426292419,0.0
104,5,-0.10151553153991699,0.9900000095367432,21.66632080078125,21.889007568359375,20.681293487548828,-0.7575724124908447,21.438859939575195,0.4359916150569916,0.9999969005584717,0.0
104,6,-0.10288417339324951,0.9900000095367432,21.889007568359375,22.436403274536133,20.9455623626709,-0.6975618004798889,21.64312171936035,-0.1271519660949707,0.9999932050704956,0.0
104,7,-0.10054707527160645,0.9900000095367432,22.436403274536133,22.47452735900879,21.199195861816406,-0.6322994232177734,21.831493377685547,0.3323875367641449,0.9999980926513672,0.0
104,8,-0.101540207862854,0.9900000095367432,22.47452735900879,22.713680267333984,21.464385986328125,-0.5653932094573975,22.02977752685547,-0.15960875153541565,0.999998927116394,0.0
104,9,-0.09809482097625732,0.9900000095367432,22.713680267333984,22.8079833984375,21.734821319580078,-0.4931982755661011,22.228017807006836,0.1895161122083664,0.9999097585678101,0.0
104,10,-0.09815359115600586,0.9900000095367432,22.8079833984375,22.927627563476562,22.013736724853516,-0.4200993776321411,22.433835983276367,-0.12444086372852325,0.9999995231628418,0.0
104,11,-0.0958700180053711,0.9900000095367432,22.927627563476562,23.089223861694336,22.304065704345703,-0.3423134386539459,22.646377563476562,-0.03893330320715904,0.9999758005142212,0.0
104,12,-0.09400749206542969,0.9900000095367432,23.089223861694336,23.203033447265625,22.601825714111328,-0.26203447580337524,22.863859176635742,0.001559323281981051,0.9999796152114868,0.0
104,13,-0.09376180171966553,0.9900000095367432,23.203033447265625,23.331565856933594,22.91045379638672,-0.17865708470344543,23.089109420776367,-0.21119046211242676,0.9999980926513672,0.0
104,14,-0.09026610851287842,0.9900000095367432,23.331565856933594,23.55742073059082,23.23158073425293,-0.09026610851287842,23.32184600830078,0.07758700102567673,0.9999948740005493,0.0
105,0,-0.04703688994050026,0.9900000095367432,48.556732177734375,49.815975189208984,49.33355712890625,-0.7367322444915771,50.07029724121094,-0.6718794703483582,0.9998941421508789,0.0
105,1,-0.051667455583810806,0.9900000095367432,49.815975189208984,49.63249206542969,49.88272476196289,-0.7333284020423889,50.61606216430664,0.08493484556674957,0.9999680519104004,5.960464477539063e-08
105,2,-0.05919111147522926,0.9900000095367432,49.63249206542969,48.68102264404297,50.48121643066406,-0.7247856855392456,51.20601272583008,0.39554354548454285,0.9999706745147705,5.960464477539063e-08
105,3,-0.0728837251663208,0.9900000095367432,48.68102264404297,48.958221435546875,51.17565155029297,-0.7077028751373291,51.88336181640625,-0.20163775980472565,0.999994695186615,0.0
105,4,-0.08328461647033691,0.9900000095367432,48.958221435546875,50.01853561401367,51.91398620605469,-0.6749805212020874,52.58897399902344,-0.43482446670532227,0.9999933242797852,0.0
105,5,-0.0867089033126831,0.9900000095367432,50.01853561401367,50.404605865478516,52.65428161621094,-0.6291291117668152,53.28342056274414,-0.3939224183559418,0.9999926686286926,0.0
105,6,-0.0834498405456543,0.9900000095367432,50.404605865478516,50.387176513671875,53.42473602294922,-0.5767359733581543,54.00148010253906,-0.21562662720680237,0.9999734163284302,8.940696716308594e-08
105,7,-0.07680380344390869,0.9900000095367432,50.387176513671875,50.18214416503906,54.24138259887695,-0.5244934558868408,54.76588439941406,-0.2374972105026245,0.999996542930603,2.384185791015625e-07
105,8,-0.07286274433135986,0.9900000095367432,50.18214416503906,51.04543685913086,55.11342239379883,-0.4760124385356903,55.58944320678711,-0.4904981255531311,0.9996899962425232,8.940696716308594e-08
105,9,-0.07478952407836914,0.9900000095367432,51.04543685913086,53.02507400512695,55.99100112915039,-0.42865464091300964,56.41966247558594,-0.8347512483596802,0.9998010993003845,1.9371509552001953e-06
105,10,-0.08354461193084717,0.9900000095367432,53.02507400512695,55.219112396240234,56.82196044921875,-0.37625211477279663,57.198219299316406,-0.9808893203735352,0.9998236894607544,1.2516975402832031e-06
105,11,-0.08715343475341797,0.9900000095367432,55.219112396240234,56.956268310546875,57.59931945800781,-0.31122541427612305,57.91054916381836,-0.9957041144371033,0.9998916983604431,1.7255544662475586e-05
105,12,-0.08648204803466797,0.9900000095367432,56.956268310546875,58.17805480957031,58.33826446533203,-0.23824770748615265,58.576515197753906,-0.9925042390823364,0.996726930141449,4.419684410095215e-05
105,13,-0.0853191614151001,0.9900000095367432,58.17805480957031,59.3449592590332,59.05894470214844,-0.1613669991493225,59.220314025878906,-0.9679000973701477,0.9999709725379944,0.00017502903938293457
105,14,-0.08085894584655762,0.9900000095367432,59.3449592590332,60.447898864746094,59.7625617980957,-0.08085894584655762,59.843421936035156,-0.5923935174942017,0.9998100399971008,7.808208465576172e-06
106,0,1.0667705535888672,0.9900000095367432,90.2090835571289,88.92509460449219,90.30656433105469,13.422781944274902,76.88379669189453,-1.0,0.9999923706054688,0.0
106,1,1.1247899532318115,0.9900000095367432,88.92509460449219,90.48621368408203,90.20521545410156,13.137704849243164,77.06752014160156,-1.0,0.9999999403953552,0.0
106,2,1.149404525756836,0.9900000095367432,90.48621368408203,91.74083709716797,89.95360565185547,12.772902488708496,77.18070983886719,-1.0,0.9999992251396179,2.9802322387695312e-08
106,3,1.171233892440796,0.9900000095367432,91.74083709716797,93.46450805664062,89.59385681152344,12.35884952545166,77.23502349853516,-1.0,0.9999949336051941,8.940696716308594e-08
106,4,1.2579119205474854,0.9900000095367432,93.46450805664062,94.9235610961914,89.09742736816406,11.895390510559082,77.20205688476562,-1.0,0.9999881982803345,4.738569259643555e-06
106,5,1.3310880661010742,0.9900000095367432,94.9235610961914,94.86876678466797,88.40064239501953,11.310450553894043,77.09020233154297,-0.9999998807907104,0.9999589323997498,4.172325134277344e-07
106,6,1.3700346946716309,0.9900000095367432,94.86876678466797,93.63565826416016,87.58484649658203,10.610698699951172,76.97415924072266,-0.9999397397041321,0.9999616146087646,2.086162567138672e-07
106,7,1.405259132385254,0.9900000095367432,93.63565826416016,91.9903335571289,86.74092864990234,9.82526683807373,76.91567993164062,-0.9807517528533936,0.9999344944953918,1.895427703857422e-05
106,8,1.4304203987121582,0.9900000095367432,91.9903335571289,90.3391342163086,85.89276885986328,8.952692985534668,76.94009399414062,0.07276921719312668,0.9999779462814331,1.3113021850585938e-06
106,9,1.40748929977417,0.9900000095367432,90.3391342163086,88.93142700195312,85.05110168457031,7.998163223266602,77.05294799804688,0.9996659755706787,0.9993454217910767,2.9802322387695312e-08
106,10,1.4086477756500244,0.9900000095367432,88.93142700195312,87.29721069335938,84.2546615600586,7.007627487182617,77.24703979492188,0.999977171421051,0.9999529123306274,2.771615982055664e-06
106,11,1.4827995300292969,0.9900000095367432,87.29721069335938,85.78252410888672,83.49261474609375,5.953195095062256,77.53942108154297,0.9995274543762207,0.9962770938873291,2.9802322387695312e-08
106,12,1.6038329601287842,0.9900000095367432,85.78252410888672,84.0314712524414,82.68323516845703,4.753211498260498,77.93002319335938,0.9877118468284607,0.9999617338180542,0.0
106,13,1.7066576480865479,0.9900000095367432,84.0314712524414,82.03248596191406,81.78611755371094,3.3486216068267822,78.43749237060547,0.8474652767181396,0.9999915957450867,5.960464477539063e-08
106,14,1.7458415031433105,0.9900000095367432,82.03248596191406,79.88109588623047,80.828125,1.7458415031433105,79.08228302001953,0.5506570935249329,0.9999251365661621,2.9802322387695312e-08
107,0,-0.0622098483145237,0.9900000095367432,52.39265060424805,53.48147201538086,49.088600158691406,-0.8497722148895264,49.93836975097656,-0.8062986731529236,0.999997615814209,0.0
107,1,-0.06834816932678223,0.9900000095367432,53.48147201538086,53.447444915771484,49.44548416137695,-0.8373869061470032,50.28287124633789,-0.5126830339431763,0.9999982118606567,0.0
107,2,-0.0741426944732666,0.9900000095367432,53.447444915771484,53.30040740966797,49.83326721191406,-0.8176913261413574,50.65095520019531,-0.20406313240528107,0.999998927116394,0.0
107,3,-0.07852733135223389,0.9900000095367432,53.30040740966797,52.665645599365234,50.25947952270508,-0.7905886769294739,51.05006790161133,-0.1478513777256012,0.9999977946281433,0.0
107,4,-0.08272290229797363,0.9900000095367432,52.665645599365234,52.58137512207031,50.75072479248047,-0.7571094036102295,51.507835388183594,-0.12107769399881363,0.9999942183494568,0.0
107,5,-0.08472979068756104,0.9900000095367432,52.58137512207031,52.36115646362305,51.281944274902344,-0.7170510292053223,51.998992919921875,-0.044182341545820236,0.9999868273735046,0.0
107,6,-0.08500015735626221,0.9900000095367432,52.36115646362305,52.210594177246094,51.860496520996094,-0.672324538230896,52.53281784057617,0.11180626600980759,0.9999996423721313,0.0
107,7,-0.08821022510528564,0.9900000095367432,52.210594177246094,52.24795150756836,52.48386001586914,-0.6244810223579407,53.108341217041016,-0.0604233518242836,0.9999913573265076,0.0
107,8,-0.0884777307510376,0.9900000095367432,52.24795150756836,52.394012451171875,53.148109436035156,-0.570197582244873,53.71830749511719,-0.03973270207643509,0.9999527931213379,0.0
107,9,-0.08866488933563232,0.9900000095367432,52.394012451171875,52.49411392211914,53.84697723388672,-0.5121954679489136,54.35917663574219,-0.016580693423748016,0.9999864101409912,0.0
107,10,-0.09297895431518555,0.9900000095367432,52.49411392211914,53.07276153564453,54.584991455078125,-0.4503249228000641,55.03532028198242,-0.2879265248775482,0.9996442794799805,0.0
107,11,-0.09710812568664551,0.9900000095367432,53.07276153564453,53.94768524169922,55.34383010864258,-0.37995317578315735,55.723785400390625,-0.499213844537735,0.9998736381530762,8.940696716308594e-08
107,12,-0.10516762733459473,0.9900000095367432,53.94768524169922,55.452266693115234,56.109012603759766,-0.300739049911499,56.40975570678711,-0.7872111797332764,0.9997661709785461,2.682209014892578e-07
107,13,-0.10773158073425293,0.9900000095367432,55.452266693115234,57.03093338012695,56.851985931396484,-0.2079440802335739,57.059932708740234,-0.9222397804260254,0.9999790191650391,5.960464477539063e-08
107,14,-0.1065523624420166,0.9900000095367432,57.03093338012695,58.25065994262695,57.56160354614258,-0.1065523624420166,57.668155670166016,-0.8692200183868408,0.9998568296432495,1.0162591934204102e-05
108,0,-0.11879074573516846,0.9900000095367432,22.85736083984375,23.300376892089844,28.4715633392334,-1.1983424425125122,29.669912338256836,0.9999915361404419,0.9999783039093018,5.781650543212891e-06
108,1,-0.11864805221557617,0.9900000095367432,23.300376892089844,26.169361114501953,29.172767639160156,-1.1478487253189087,30.320621490478516,0.9999998807907104,0.9998747110366821,1.3113021850585938e-06
108,2,-0.11875510215759277,0.9900000095367432,26.169361114501953,29.695728302001953,29.767179489135742,-1.094312310218811,30.86149787902832,0.9999996423721313,0.9998199343681335,0.0
108,3,-0.11886250972747803,0.9900000095367432,29.695728302001953,32.17158126831055,30.21371078491211,-1.0372750759124756,31.250991821289062,0.9999996423721313,0.9999768137931824,0.0
108,4,-0.1189730167388916,0.9900000095367432,32.17158126831055,33.809654235839844,30.558298110961914,-0.9765151143074036,31.534820556640625,0.9999993443489075,0.9999978542327881,0.0
108,5,-0.11894035339355469,0.9900000095367432,33.809654235839844,34.48367691040039,30.83858871459961,-0.9117938280105591,31.750391006469727,0.9999983310699463,0.9999687671661377,0.0
108,6,-0.11881828308105469,0.9900000095367432,34.48367691040039,34.623779296875,31.101102828979492,-0.8430126905441284,31.944124221801758,0.9999925494194031,0.9999183416366577,0.0
108,7,-0.11860239505767822,0.9900000095367432,34.623779296875,34.50904083251953,31.37272071838379,-0.7700099945068359,32.14274215698242,0.999973714351654,0.9999932050704956,0.0
108,8,-0.11832094192504883,0.9900000095367432,34.50904083251953,34.47761154174805,31.66733169555664,-0.6926184296607971,32.359962463378906,0.999879002571106,0.9999998807907104,0.0
108,9,-0.118003249168396,0.9900000095367432,34.47761154174805,34.66811752319336,31.981937408447266,-0.6106299757957458,32.59257888793945,0.998934805393219,0.9999985694885254,0.0
108,10,-0.1177147626876831,0.9900000095367432,34.66811752319336,35.09872817993164,32.30608367919922,-0.5237923860549927,32.82988357543945,0.986582338809967,0.9999979138374329,0.0
108,11,-0.11768591403961182,0.9900000095367432,35.09872817993164,35.36566162109375,32.62776565551758,-0.4317678213119507,33.059539794921875,0.8057934045791626,0.9999988079071045,0.0
108,12,-0.11827659606933594,0.9900000095367432,35.36566162109375,34.02390670776367,32.955718994140625,-0.33395206928253174,33.289676666259766,-0.22334150969982147,0.999984085559845,0.0
108,13,-0.11818504333496094,0.9900000095367432,34.02390670776367,33.79392623901367,33.37566375732422,-0.22932001948356628,33.60498809814453,-0.9304616451263428,0.9999948740005493,0.0
108,14,-0.11816585063934326,0.9900000095367432,33.79392623901367,34.29530715942383,33.83418655395508,-0.11816585063934326,33.95235061645508,-0.998674213886261,0.9999994039535522,0.0
109,0,-0.03660142794251442,0.9900000095367432,62.23725128173828,63.587100982666016,65.40863037109375,0.24853238463401794,65.16010284423828,1.0,0.9733022451400757,6.556510925292969e-07
109,1,-0.024378184229135513,0.9900000095367432,63.587100982666016,64.26416778564453,66.23888397216797,0.3031725585460663,65.93571472167969,1.0,0.9952070713043213,3.8743019104003906e-07
109,2,-0.012627486139535904,0.9900000095367432,64.26416778564453,65.1075439453125,67.07302856445312,0.34827297925949097,66.72476196289062,1.0,0.9979305267333984,6.3478946685791016e-06
109,3,-0.0175478495657444,0.9900000095367432,65.1075439453125,65.99593353271484,67.90306854248047,0.38373255729675293,67.51934051513672,1.0,0.9993706941604614,2.980232238769531e-07
109,4,-0.0284121073782444,0.9900000095367432,65.99593353271484,66.70059967041016,68.74408721923828,0.42666709423065186,68.31742858886719,1.0,0.9998162984848022,0.0
109,5,-0.03501809015870094,0.9900000095367432,66.70059967041016,67.70674896240234,69.61277770996094,0.48386943340301514,69.12891387939453,1.0,0.9999948143959045,0.0
109,6,-0.03073311224579811,0.9900000095367432,67.70674896240234,68.9285888671875,70.4905014038086,0.5517145395278931,69.93878936767578,1.0,0.9999811053276062,0.0
109,7,-0.013753417879343033,0.9900000095367432,68.9285888671875,70.38695526123047,71.35488891601562,0.6192957162857056,70.735595703125,0.9999995231628418,0.9999997019767761,0.0
109,8,0.018863197416067123,0.9900000095367432,70.38695526123047,71.84429931640625,72.17914581298828,0.6730985045433044,71.50605010986328,0.9999910593032837,0.9999992847442627,0.0
109,9,0.06531262397766113,0.9900000095367432,71.84429931640625,73.19493865966797,72.94416809082031,0.6956250071525574,72.24854278564453,0.999883234500885,0.9999989867210388,0.0
109,10,0.11844420433044434,0.9900000095367432,73.19493865966797,74.28356170654297,73.63711547851562,0.6701886057853699,72.96692657470703,0.9985786080360413,0.9999998807907104,0.0
109,11,0.16035377979278564,0.9900000095367432,74.28356170654297,75.0966567993164,74.2601089477539,0.5866500735282898,73.67345428466797,0.9845666289329529,0.999998927116394,0.0
109,12,0.17756211757659912,0.9900000095367432,75.0966567993164,75.52947235107422,74.83516693115234,0.45326560735702515,74.38189697265625,0.8493614196777344,1.0,0.0
109,13,0.16526734828948975,0.9900000095367432,75.52947235107422,75.48338317871094,75.40553283691406,0.29314565658569336,75.11238098144531,0.2096697837114334,0.9999988079071045,0.0
109,14,0.13596844673156738,0.9900000095367432,75.48338317871094,76.65808868408203,76.02747344970703,0.13596844673156738,75.8915023803711,0.33327022194862366,0.9999948740005493,0.0
110,0,-0.1185908317565918,0.9900000095367432,44.74226760864258,47.99930953979492,46.446693420410156,-1.0553710460662842,47.5020637512207,-1.0,0.9997484683990479,0.00010353326797485352
110,1,-0.11723160743713379,0.9900000095367432,47.99930953979492,49.0906867980957,46.984920501708984,-0.9960448741912842,47.98096466064453,-1.0,0.9987156391143799,3.516674041748047e-05
110,2,-0.11508774757385254,0.9900000095367432,49.0906867980957,49.02571487426758,47.49831771850586,-0.9344107508659363,48.4327278137207,-1.0,0.9993410110473633,2.3663043975830078e-05
110,3,-0.11174654960632324,0.9900000095367432,49.02571487426758,48.390689849853516,48.04533004760742,-0.8711568117141724,48.91648483276367,-0.9999985098838806,0.9996802806854248,4.6759843826293945e-05
110,4,-0.10731518268585205,0.9900000095367432,48.390689849853516,47.6721076965332,48.656822204589844,-0.8074538111686707,49.464271545410156,-0.9943936467170715,0.9988553524017334,2.682209014892578e-06
110,5,-0.09853529930114746,0.9900000095367432,47.6721076965332,46.269771575927734,49.34010314941406,-0.7444323301315308,50.084529876708984,0.8433975577354431,0.9986459612846375,5.960464477539062e-07
110,6,-0.09826266765594482,0.9900000095367432,46.269771575927734,46.79072952270508,50.131080627441406,-0.6867591738700867,50.817840576171875,0.9999999403953552,0.9999600648880005,8.940696716308594e-08
110,7,-0.09376657009124756,0.9900000095367432,46.79072952270508,48.11282730102539,50.94439697265625,-0.6257272958755493,51.57012176513672,1.0,0.9996064901351929,6.258487701416016e-07
110,8,-0.09099555015563965,0.9900000095367432,48.11282730102539,49.86838150024414,51.73480224609375,-0.5656148195266724,52.300411224365234,1.0,0.999916672706604,8.940696716308594e-08
110,9,-0.09011828899383545,0.9900000095367432,49.86838150024414,51.324161529541016,52.479862213134766,-0.5046456456184387,52.98450469970703,1.0,0.9999145269393921,5.960464477539063e-08
110,10,-0.09243607521057129,0.9900000095367432,51.324161529541016,52.9595832824707,53.19450759887695,-0.4407521188259125,53.635257720947266,1.0,0.9999902248382568,0.0
110,11,-0.09611916542053223,0.9900000095367432,52.9595832824707,54.49586868286133,53.87075424194336,-0.37035199999809265,54.24110412597656,0.9999999403953552,0.9998182058334351,8.940696716308594e-08
110,12,-0.0996851921081543,0.9900000095367432,54.49586868286133,55.93253707885742,54.51284408569336,-0.29158198833465576,54.80442428588867,0.999960720539093,0.9999743700027466,0.0
110,13,-0.10163092613220215,0.9900000095367432,55.93253707885742,56.996089935302734,55.12372970581055,-0.20403698086738586,55.32776641845703,0.978146493434906,0.9999930262565613,0.0
110,14,-0.10888469219207764,0.9900000095367432,56.996089935302734,56.39216613769531,55.719356536865234,-0.10888469219207764,55.82823944091797,-0.366675466299057,0.9999976754188538,0.0
111,0,-0.02526712790131569,0.9900000095367432,45.98056411743164,46.0185546875,38.9476318359375,0.1481146514415741,38.79951477050781,0.9999673962593079,0.9999586343765259,1.1920928955078125e-07
111,1,-0.05342114344239235,0.9900000095367432,46.0185546875,45.19965744018555,39.01646423339844,0.1843506395816803,38.83210754394531,0.9986679553985596,0.9999889135360718,0.0
111,2,-0.06071603670716286,0.9900000095367432,45.19965744018555,44.6606559753418,39.162681579589844,0.25281423330307007,38.90985870361328,0.9992477893829346,0.9999979734420776,2.9802322387695312e-08
111,3,-0.059450630098581314,0.9900000095367432,44.6606559753418,43.976741790771484,39.354270935058594,0.3333655297756195,39.02090072631836,0.9999154210090637,0.9999754428863525,0.0
111,4,-0.046879056841135025,0.9900000095367432,43.976741790771484,42.85396957397461,39.59263610839844,0.41766735911369324,39.17496109008789,0.9999932050704956,0.999954342842102,0.0
111,5,-0.023559097200632095,0.9900000095367432,42.85396957397461,41.864768981933594,39.89180374145508,0.49393558502197266,39.39786148071289,0.9999991059303284,0.9999436140060425,0.0
111,6,0.00656556710600853,0.9900000095367432,41.864768981933594,41.071475982666016,40.2371711730957,0.5502336025238037,39.686927795410156,0.9999998211860657,0.9998632669448853,0.0
111,7,0.03633832558989525,0.9900000095367432,41.071475982666016,40.61764144897461,40.614105224609375,0.5780627727508545,40.036033630371094,0.9999999403953552,0.9999571442604065,0.0
111,8,0.06311869621276855,0.9900000095367432,40.61764144897461,40.442508697509766,41.007118225097656,0.5759962201118469,40.43111038208008,0.9999999403953552,0.9998387098312378,0.0
111,9,0.08467769622802734,0.9900000095367432,40.442508697509766,40.55805969238281,41.40573501586914,0.5453243255615234,40.86040115356445,1.0,0.9999986886978149,0.0
111,10,0.10064268112182617,0.9900000095367432,40.55805969238281,40.90511703491211,41.80056381225586,0.48978909850120544,41.310768127441406,1.0,0.9999932646751404,0.0
111,11,0.11076247692108154,0.9900000095367432,40.90511703491211,41.44026565551758,42.18513107299805,0.41376546025276184,41.771358489990234,1.0,0.9998129606246948,0.0
111,12,0.11558115482330322,0.9900000095367432,41.44026565551758,42.097076416015625,42.55509948730469,0.32217222452163696,42.23292541503906,1.0,0.999993085861206,0.0
111,13,0.11539852619171143,0.9900000095367432,42.097076416015625,42.82619857788086,42.908782958984375,0.21966087818145752,42.68912124633789,1.0,0.9999983310699463,0.0
111,14,0.11085844039916992,0.9900000095367432,42.82619857788086,43.57151794433594,43.24666213989258,0.11085844039916992,43.13580322265625,1.0,0.9999986886978149,0.0
112,0,0.13781166076660156,0.9900000095367432,51.22089767456055,49.52264404296875,48.90037536621094,0.5322767496109009,48.36809539794922,1.0,0.9933869242668152,2.5331974029541016e-06
112,1,0.09116864204406738,0.9900000095367432,49.52264404296875,48.55974578857422,49.24103546142578,0.41942062973976135,48.82161331176758,1.0,0.9956157803535461,3.814697265625e-06
112,2,0.0798412561416626,0.9900000095367432,48.55974578857422,48.9776496887207,49.703521728515625,0.3490186035633087,49.35449981689453,1.0,0.9973753094673157,2.115964889526367e-06
112,3,0.07256090641021729,0.9900000095367432,48.9776496887207,50.22168731689453,50.18531036376953,0.2862066328525543,49.899105072021484,1.0,0.9998146295547485,2.980232238769531e-07
112,4,0.06222188100218773,0.9900000095367432,50.22168731689453,51.53725051879883,50.63984680175781,0.22716185450553894,50.41268539428711,1.0,0.9996780157089233,0.0
112,5,0.0494379960000515,0.9900000095367432,51.53725051879883,52.571590423583984,51.06489181518555,0.17537476122379303,50.88951873779297,1.0,0.9979026317596436,0.0
112,6,0.03729092702269554,0.9900000095367432,52.571590423583984,53.22617721557617,51.475982666015625,0.13390405476093292,51.342079162597656,1.0,0.9999714493751526,0.0
112,7,0.027054306119680405,0.9900000095367432,53.22617721557617,53.62229919433594,51.89154052734375,0.10272528231143951,51.788822174072266,1.0,0.999924898147583,2.9802322387695312e-08
112,8,0.019304033368825912,0.9900000095367432,53.62229919433594,53.885101318359375,52.323429107666016,0.08045823872089386,52.24297332763672,1.0,0.9999985694885254,0.0
112,9,0.01384412869811058,0.9900000095367432,53.885101318359375,54.09700393676758,52.77704620361328,0.06502307951450348,52.7120246887207,0.9999997615814209,0.9999991655349731,0.0
112,10,0.010637994855642319,0.9900000095367432,54.09700393676758,54.299110412597656,53.2540168762207,0.05441674217581749,53.19960021972656,0.9999993443489075,0.9999986290931702,0.0
112,11,0.009461995214223862,0.9900000095367432,54.299110412597656,54.5362663269043,53.75393295288086,0.046548377722501755,53.7073860168457,0.9999985694885254,0.9999991059303284,0.0
112,12,0.010268207639455795,0.9900000095367432,54.5362663269043,54.85403823852539,54.27424621582031,0.039432622492313385,54.23481369018555,0.9999984502792358,0.9999723434448242,0.0
112,13,0.013292070478200912,0.9900000095367432,54.85403823852539,55.29682540893555,54.80988693237305,0.031009476631879807,54.77888107299805,0.9999988079071045,0.999968945980072,0.0
112,14,0.01883828267455101,0.9900000095367432,55.29682540893555,55.89299392700195,55.352901458740234,0.01883828267455101,55.33406448364258,0.9999988675117493,0.9999998807907104,0.0
113,0,-0.1192331314086914,0.9900000095367432,47.66208267211914,44.574214935302734,48.90882110595703,-1.0936508178710938,50.002471923828125,-0.9999066591262817,0.9999993443489075,0.0
113,1,-0.1185004711151123,0.9900000095367432,44.574214935302734,45.31565856933594,49.78376388549805,-1.0360634326934814,50.819828033447266,-0.998657763004303,0.9999999403953552,0.0
113,2,-0.11824548244476318,0.9900000095367432,45.31565856933594,44.966739654541016,50.674259185791016,-0.9756119251251221,51.649871826171875,-0.9820662140846252,1.0,0.0
113,3,-0.11790049076080322,0.9900000095367432,44.966739654541016,44.99784469604492,51.63917922973633,-0.9116070866584778,52.5507926940918,-0.9681966304779053,0.9999989867210388,0.0
113,4,-0.11731112003326416,0.9900000095367432,44.99784469604492,46.0089225769043,52.663143157958984,-0.8439198136329651,53.5070686340332,-0.964137852191925,0.9999834299087524,0.0
113,5,-0.1154402494430542,0.9900000095367432,46.0089225769043,47.402469635009766,53.69804382324219,-0.7725770473480225,54.47063064575195,-0.9303176999092102,0.9995328187942505,0.0
113,6,-0.11078047752380371,0.9900000095367432,47.402469635009766,49.03792190551758,54.723087310791016,-0.6987100839614868,55.42180633544922,-0.760636031627655,0.9999887347221375,0.0
113,7,-0.0981597900390625,0.9900000095367432,49.03792190551758,51.39173126220703,55.721946716308594,-0.6251245141029358,56.34708023071289,0.34521377086639404,0.9999279379844666,0.0
113,8,-0.09606325626373291,0.9900000095367432,51.39173126220703,53.49457931518555,56.64669418334961,-0.560302734375,57.20700454711914,0.964007556438446,0.9999455213546753,0.0
113,9,-0.1094740629196167,0.9900000095367432,53.49457931518555,53.922203063964844,57.51703643798828,-0.493609219789505,58.01065444946289,0.16014161705970764,0.9999631643295288,0.0
113,10,-0.11408042907714844,0.9900000095367432,53.922203063964844,54.67488479614258,58.43419647216797,-0.40843716263771057,58.8426399230957,-0.9813752174377441,0.9999990463256836,2.9802322387695312e-08
113,11,-0.10709655284881592,0.9900000095367432,54.67488479614258,57.164649963378906,59.374664306640625,-0.31297898292541504,59.687644958496094,-0.9966832995414734,0.9999995231628418,0.0
113,12,-0.09503817558288574,0.9900000095367432,57.164649963378906,58.57268142700195,60.23616409301758,-0.218907430768013,60.45507049560547,-0.978072464466095,0.9998973608016968,0.0
113,13,-0.08126437664031982,0.9900000095367432,58.57268142700195,60.07324981689453,61.06523513793945,-0.13170574605464935,61.19694137573242,-0.71758633852005,0.9999169111251831,1.2814998626708984e-06
113,14,-0.053632501512765884,0.9900000095367432,60.07324981689453,62.53208923339844,61.8531379699707,-0.053632501512765884,61.906768798828125,0.8220890760421753,0.9999964833259583,1.4901161193847656e-07
114,0,-0.01697266474366188,0.9900000095367432,89.29342651367188,84.04280853271484,83.42448425292969,4.880369663238525,78.54410552978516,-1.0,1.0,0.0
114,1,-0.01634562388062477,0.9900000095367432,84.04280853271484,83.64691925048828,84.29701232910156,5.2071685791015625,79.08982849121094,-1.0,0.9999997615814209,0.0
114,2,0.004018779844045639,0.9900000095367432,83.64691925048828,82.65514373779297,85.24490356445312,5.553975582122803,79.69092559814453,-1.0,0.9999995231628418,2.9802322387695312e-08
114,3,0.12179791927337646,0.9900000095367432,82.65514373779297,82.29015350341797,86.2833023071289,5.901070594787598,80.38223266601562,-1.0,0.9999997615814209,0.0
114,4,0.4270411729812622,0.9900000095367432,82.29015350341797,83.3102798461914,87.28137969970703,6.144893646240234,81.13648986816406,-1.0,0.999914824962616,2.9802322387695312e-08
114,5,0.6313788890838623,0.9900000095367432,83.3102798461914,85.93470001220703,87.96436309814453,6.079587936401367,81.88477325439453,-1.0,0.9999985694885254,6.258487701416016e-07
114,6,0.7276012897491455,0.9900000095367432,85.93470001220703,87.4485855102539,88.33515167236328,5.792885780334473,82.54226684570312,-1.0,0.9973574876785278,3.3080577850341797e-06
114,7,0.7658579349517822,0.9900000095367432,87.4485855102539,88.08016967773438,88.54741668701172,5.385735511779785,83.16168975830078,-0.9999997019767761,0.9999920129776001,2.384185791015625e-06
114,8,0.7902657985687256,0.9900000095367432,88.08016967773438,88.39154052734375,88.69918823242188,4.9121503829956055,83.78705596923828,-0.9999967217445374,0.999543309211731,5.4270029067993164e-05
114,9,0.8089232444763184,0.9900000095367432,88.39154052734375,88.67870330810547,88.81822204589844,4.382652282714844,84.43559265136719,-0.9999728202819824,0.9999415278434753,1.6361474990844727e-05
114,10,0.8275008201599121,0.9900000095367432,88.67870330810547,88.89796447753906,88.90984344482422,3.799818515777588,85.11003875732422,-0.9996672868728638,0.9985483288764954,2.175569534301758e-06
114,11,0.8435932397842407,0.9900000095367432,88.89796447753906,89.09386444091797,88.97595977783203,3.1603589057922363,85.81561279296875,-0.994525134563446,0.9967150092124939,1.9371509552001953e-06
114,12,0.8577247858047485,0.9900000095367432,89.09386444091797,89.18268585205078,89.01884460449219,2.463334321975708,86.55551147460938,-0.9683363437652588,0.9999013543128967,2.592802047729492e-06
114,13,0.8688123226165771,0.9900000095367432,89.18268585205078,89.17062377929688,89.04473876953125,1.7071871757507324,87.33755493164062,-0.7838395237922668,0.9975619316101074,9.5367431640625e-07
114,14,0.8914140462875366,0.9900000095367432,89.17062377929688,89.060302734375,89.06111145019531,0.8914140462875366,88.1697006225586,0.37609589099884033,0.9999727010726929,8.046627044677734e-06
115,0,-0.11975371837615967,0.9900000095367432,14.555947303771973,16.911483764648438,19.474599838256836,-1.2058969736099243,20.680496215820312,1.0,0.9999927282333374,0.0
115,1,-0.11965155601501465,0.9900000095367432,16.911483764648438,20.600065231323242,19.94389533996582,-1.1548572778701782,21.098752975463867,1.0,0.9999889135360718,0.0
115,2,-0.1197960376739502,0.9900000095367432,20.600065231323242,22.407081604003906,20.248638153076172,-1.1006971597671509,21.349334716796875,0.9999998807907104,0.9999585151672363,0.0
115,3,-0.11990010738372803,0.9900000095367432,22.407081604003906,22.1224365234375,20.47770881652832,-1.042957067489624,21.52066421508789,0.9999984502792358,0.9999983310699463,0.0
115,4,-0.11996793746948242,0.9900000095367432,22.1224365234375,20.801443099975586,20.736360549926758,-0.9814534187316895,21.717815399169922,0.9999994039535522,0.9994537830352783,0.0
115,5,-0.11994659900665283,0.9900000095367432,20.801443099975586,19.236055374145508,21.080976486206055,-0.9159867167472839,21.996963500976562,0.9999999403953552,0.9999604225158691,2.9802322387695312e-08
115,6,-0.1198127269744873,0.9900000095367432,19.236055374145508,18.22408676147461,21.529760360717773,-0.8464009761810303,22.37615966796875,1.0,0.9999823570251465,0.0
115,7,-0.11956655979156494,0.9900000095367432,18.22408676147461,18.12859344482422,22.0600528717041,-0.7725552916526794,22.83260726928711,0.9999999403953552,0.9999984502792358,0.0
115,8,-0.11922633647918701,0.9900000095367432,18.12859344482422,18.85961151123047,22.628660202026367,-0.694299578666687,23.32295799255371,0.9999995231628418,0.9999528527259827,0.0
115,9,-0.11882269382476807,0.9900000095367432,18.85961151123047,20.129154205322266,23.19440269470215,-0.6114548444747925,23.80585479736328,0.9999926090240479,0.9999381303787231,2.9802322387695312e-08
115,10,-0.11840260028839111,0.9900000095367432,20.129154205322266,21.630699157714844,23.728687286376953,-0.5237981081008911,24.252483367919922,0.9998690485954285,0.9999951720237732,2.9802322387695312e-08
115,11,-0.11800658702850342,0.9900000095367432,21.630699157714844,23.06713104248047,24.21729850769043,-0.43104252219200134,24.648340225219727,0.998323917388916,0.999976396560669,0.0
115,12,-0.11767792701721191,0.9900000095367432,23.06713104248047,24.256614685058594,24.660799026489258,-0.3328399062156677,24.99363899230957,0.9728303551673889,0.9997925758361816,0.0
115,13,-0.11765182018280029,0.9900000095367432,24.256614685058594,25.174226760864258,25.06940460205078,-0.22877401113510132,25.29817771911621,0.7060661315917969,0.9999710321426392,0.0
115,14,-0.11815226078033447,0.9900000095367432,25.174226760864258,25.832008361816406,25.455535888671875,-0.11815226078033447,25.573688507080078,-0.0650634616613388,0.9999704360961914,0.0
116,0,-0.11213076114654541,0.9900000095367432,54.78624725341797,58.627262115478516,53.111629486083984,-1.0408258438110352,54.15245819091797,0.6970037221908569,0.9999976754188538,0.0
116,1,-0.11377692222595215,0.9900000095367432,58.627262115478516,58.54499816894531,53.50527572631836,-0.9874483346939087,54.49272537231445,0.8288885951042175,0.999993085861206,0.0
116,2,-0.11789381504058838,0.9900000095367432,58.54499816894531,54.83945083618164,53.92990493774414,-0.9289435744285583,54.858848571777344,-0.9919580221176147,0.9999991655349731,0.0
116,3,-0.1172330379486084,0.9900000095367432,54.83945083618164,55.92618179321289,54.58080291748047,-0.8623601794242859,55.44316482543945,-0.9999995231628418,0.9999977946281433,0.0
116,4,-0.11481976509094238,0.9900000095367432,55.92618179321289,56.06276321411133,55.21498107910156,-0.7922670245170593,56.00724792480469,-0.9999998807907104,0.9999997615814209,0.0
116,5,-0.11009323596954346,0.9900000095367432,56.06276321411133,56.55673599243164,55.87952423095703,-0.7203054428100586,56.599830627441406,-0.9999995231628418,0.9999993443489075,0.0
116,6,-0.1037290096282959,0.9900000095367432,56.55673599243164,56.81154251098633,56.55508804321289,-0.6488168239593506,57.20390701293945,-0.9999791383743286,0.9999989867210388,0.0
116,7,-0.09725260734558105,0.9900000095367432,56.81154251098633,57.0537223815918,57.253211975097656,-0.5795723795890808,57.832786560058594,-0.9962796568870544,0.9999480247497559,0.0
116,8,-0.08704745769500732,0.9900000095367432,57.0537223815918,57.97829055786133,57.97586441040039,-0.5128333568572998,58.48870086669922,-0.40938800573349,0.9999996423721313,1.430511474609375e-06
116,9,-0.06433844566345215,0.9900000095367432,57.97829055786133,60.2314338684082,58.684730529785156,-0.4527229368686676,59.137454986572266,0.9967250227928162,0.9999923706054688,3.5762786865234375e-07
116,10,-0.07457613945007324,0.9900000095367432,60.2314338684082,61.02205276489258,59.295711517333984,-0.41295531392097473,59.70866775512695,0.9999891519546509,0.9999736547470093,8.940696716308594e-08
116,11,-0.08500003814697266,0.9900000095367432,61.02205276489258,62.07034683227539,59.91461944580078,-0.3597864806652069,60.27440643310547,0.9999009966850281,0.9999740123748779,2.9802322387695312e-08
116,12,-0.09389662742614746,0.9900000095367432,62.07034683227539,62.998775482177734,60.52859115600586,-0.29217058420181274,60.820762634277344,0.9947298169136047,0.999998927116394,8.940696716308594e-08
116,13,-0.10485756397247314,0.9900000095367432,62.998775482177734,62.87143325805664,61.14199447631836,-0.2108175903558731,61.352813720703125,0.391443133354187,0.9999973773956299,0.0
116,14,-0.11266350746154785,0.9900000095367432,62.87143325805664,62.55073928833008,61.81256866455078,-0.11266350746154785,61.92523193359375,-0.925826370716095,0.999902606010437,0.0
117,0,-0.09595918655395508,0.9900000095367432,59.446250915527344,61.30428695678711,64.0379867553711,1.4857898950576782,62.55219650268555,1.0,0.9999975562095642,0.0
117,1,-0.08618640899658203,0.9900000095367432,61.30428695678711,62.462669372558594,64.96479797363281,1.6818171739578247,63.2829704284668,1.0,0.9999929666519165,0.0
117,2,-0.07036757469177246,0.9900000095367432,62.462669372558594,63.420772552490234,65.8788833618164,1.8798550367355347,63.99900817871094,0.9999999403953552,0.9999833703041077,0.0
117,3,-0.04874611273407936,0.9900000095367432,63.420772552490234,64.45110321044922,66.78353881835938,2.0736019611358643,64.70992279052734,0.9999995827674866,0.9999977946281433,0.0
117,4,-0.018363837152719498,0.9900000095367432,64.45110321044922,65.29480743408203,67.66820526123047,2.2566168308258057,65.41158294677734,0.9999983310699463,0.999962568283081,0.0
117,5,0.021391626447439194,0.9900000095367432,65.29480743408203,66.18778991699219,68.53213500976562,2.41890549659729,66.11322784423828,0.9999943971633911,0.9999918341636658,0.0
117,6,0.07430291175842285,0.9900000095367432,66.18778991699219,66.9930191040039,69.3614501953125,2.5491907596588135,66.81226348876953,0.9999830722808838,0.9999993443489075,0.0
117,7,0.1426403522491455,0.9900000095367432,66.9930191040039,67.82633209228516,70.14459991455078,2.6314597129821777,67.51314544677734,0.9999633431434631,0.9999995231628418,0.0
117,8,0.22329843044281006,0.9900000095367432,67.82633209228516,68.61780548095703,70.86077117919922,2.646272659301758,68.21450805664062,0.9999138712882996,0.9999974966049194,0.0
117,9,0.3030707836151123,0.9900000095367432,68.61780548095703,69.423828125,71.49483489990234,2.5762617588043213,68.9185791015625,0.9998226165771484,1.0,0.0
117,10,0.3838016986846924,0.9900000095367432,69.423828125,70.20845794677734,72.0417709350586,2.4170026779174805,69.62477111816406,0.9996687173843384,0.9999998211860657,0.0
117,11,0.4661576747894287,0.9900000095367432,70.20845794677734,70.99813079833984,72.49617004394531,2.161829948425293,70.33434295654297,0.9993247985839844,1.0,0.0
117,12,0.5515739917755127,0.9900000095367432,70.99813079833984,71.76905059814453,72.8501968383789,1.8029475212097168,71.04724884033203,0.9990129470825195,1.0,0.0
117,13,0.6405761241912842,0.9900000095367432,71.76905059814453,72.52009582519531,73.09521484375,1.330540657043457,71.76467895507812,0.9981666207313538,1.0,0.0
117,14,0.7336145639419556,0.9900000095367432,72.52009582519531,73.22016143798828,73.22157287597656,0.7336145639419556,72.48796081542969,0.9965293407440186,0.9999995231628418,0.0
118,0,-0.09782147407531738,0.9900000095367432,27.447528839111328,28.29197883605957,30.329357147216797,-0.98348069190979,31.312837600708008,0.9854995012283325,0.9999966025352478,0.0
118,1,-0.08569812774658203,0.9900000095367432,28.29197883605957,30.25045394897461,30.863079071044922,-0.9416897892951965,31.80476951599121,-0.6535518169403076,0.9999927282333374,2.9802322387695312e-08
118,2,-0.08646512031555176,0.9900000095367432,30.25045394897461,33.237735748291016,31.314599990844727,-0.9101452827453613,32.22474670410156,-0.994431734085083,0.9999701976776123,0.0
118,3,-0.08654701709747314,0.9900000095367432,33.237735748291016,35.36063766479492,31.638277053833008,-0.8757896423339844,32.51406478881836,-0.9993841648101807,0.9999837875366211,4.678964614868164e-06
118,4,-0.08816230297088623,0.9900000095367432,35.36063766479492,36.45175552368164,31.870786666870117,-0.839173436164856,32.709957122802734,-0.9999176263809204,0.9998310208320618,1.5795230865478516e-06
118,5,-0.09027206897735596,0.9900000095367432,36.45175552368164,36.32255172729492,32.062294006347656,-0.7985232472419739,32.86081314086914,-0.9999102354049683,0.9999350905418396,3.8743019104003906e-07
118,6,-0.09458673000335693,0.9900000095367432,36.32255172729492,35.759883880615234,32.274959564208984,-0.753058135509491,33.02801513671875,-0.9991384148597717,0.999962568283081,7.092952728271484e-06
118,7,-0.09924137592315674,0.9900000095367432,35.759883880615234,35.23358154296875,32.535282135009766,-0.7001290917396545,33.235408782958984,-0.9681951403617859,0.9990524053573608,1.093745231628418e-05
118,8,-0.10359621047973633,0.9900000095367432,35.23358154296875,34.268802642822266,32.844722747802734,-0.6389023661613464,33.48362350463867,0.22429968416690826,0.9996128678321838,6.854534149169922e-07
118,9,-0.1093829870223999,0.9900000095367432,34.268802642822266,35.49811935424805,33.22914505004883,-0.5691719055175781,33.798316955566406,0.9985685348510742,0.9998208284378052,2.682209014892578e-07
118,10,-0.11159074306488037,0.9900000095367432,35.49811935424805,36.96379852294922,33.579345703125,-0.4888770878314972,34.06821823120117,0.9999799132347107,0.9997038245201111,5.066394805908203e-07
118,11,-0.1118088960647583,0.9900000095367432,36.96379852294922,37.32638168334961,33.87690353393555,-0.4011550843715668,34.278053283691406,0.9999975562095642,0.9999616146087646,2.9802322387695312e-08
118,12,-0.11114919185638428,0.9900000095367432,37.32638168334961,36.73563766479492,34.174434661865234,-0.30765146017074585,34.48208236694336,0.9999993443489075,0.996609091758728,0.0
118,13,-0.10936510562896729,0.9900000095367432,36.73563766479492,35.915374755859375,34.52117919921875,-0.20893383026123047,34.7301139831543,0.999998927116394,0.999980092048645,0.0
118,14,-0.10586786270141602,0.9900000095367432,35.915374755859375,35.39091110229492,34.93113327026367,-0.10586786270141602,35.03700256347656,0.9999836087226868,0.9999986886978149,0.0
119,0,-0.11919987201690674,0.9900000095367432,44.06911849975586,45.67797088623047,48.92277145385742,-1.0382187366485596,49.96099090576172,-0.999999463558197,0.9751591086387634,3.406405448913574e-05
119,1,-0.11878001689910889,0.9900000095367432,45.67797088623047,47.195926666259766,49.740474700927734,-0.977159857749939,50.71763229370117,-0.9999992847442627,0.9995825290679932,0.00012293457984924316
119,2,-0.11820626258850098,0.9900000095367432,47.195926666259766,48.50326156616211,50.529563903808594,-0.9126845598220825,51.4422492980957,-0.9999951124191284,0.998818576335907,2.384185791015625e-05
119,3,-0.11732625961303711,0.9900000095367432,48.50326156616211,49.560089111328125,51.29916000366211,-0.8447403907775879,52.14390182495117,-0.9999802112579346,0.9949076175689697,0.00018653273582458496
119,4,-0.11615657806396484,0.9900000095367432,49.560089111328125,50.637508392333984,52.06088638305664,-0.7734333872795105,52.834320068359375,-0.9999533295631409,0.996778130531311,1.2487173080444336e-05
119,5,-0.11455655097961426,0.9900000095367432,50.637508392333984,51.581825256347656,52.81285095214844,-0.6988589763641357,53.51171112060547,-0.9996681213378906,0.9999619722366333,6.258487701416016e-06
119,6,-0.11251699924468994,0.9900000095367432,51.581825256347656,52.4929313659668,53.56098556518555,-0.6212678551673889,54.18225860595703,-0.998252809047699,0.9999200105667114,4.842877388000488e-05
119,7,-0.10992205142974854,0.9900000095367432,52.4929313659668,53.274105072021484,54.306331634521484,-0.5409365892410278,54.84727096557617,-0.9956709742546082,0.9999399185180664,8.225440979003906e-06
119,8,-0.10677635669708252,0.9900000095367432,53.274105072021484,53.95800018310547,55.05495834350586,-0.45828232169151306,55.513240814208984,-0.9743500351905823,0.9987467527389526,7.331371307373047e-06
119,9,-0.10237991809844971,0.9900000095367432,53.95800018310547,54.32278823852539,55.811607360839844,-0.3737437129020691,56.18534851074219,-0.7053558230400085,0.9605695605278015,3.4302473068237305e-05
119,10,-0.09052562713623047,0.9900000095367432,54.32278823852539,54.62895584106445,56.592247009277344,-0.2885313928127289,56.880775451660156,0.7644894123077393,0.9863958358764648,7.241964340209961e-06
119,11,-0.07963192462921143,0.9900000095367432,54.62895584106445,56.136802673339844,57.3935546875,-0.21053245663642883,57.60408401489258,0.9999058842658997,0.9956558346748352,7.781386375427246e-05
119,12,-0.06337463855743408,0.9900000095367432,56.136802673339844,57.70374298095703,58.15461349487305,-0.13918185234069824,58.29379653930664,0.999930202960968,0.9955841898918152,4.1425228118896484e-06
119,13,-0.047721389681100845,0.9900000095367432,57.70374298095703,59.2032470703125,58.86406326293945,-0.08060309290885925,58.94466781616211,0.9997480511665344,0.9994025230407715,1.1920928955078125e-07
119,14,-0.034961942583322525,0.9900000095367432,59.2032470703125,60.15938949584961,59.52283477783203,-0.034961942583322525,59.557796478271484,0.9987479448318481,0.9999958276748657,3.8743019104003906e-07
120,0,-0.11348724365234375,0.9900000095367432,41.12258529663086,36.12173843383789,30.430805206298828,-1.1384210586547852,31.569229125976562,-1.0,0.9999813437461853,1.4901161193847656e-07
120,1,-0.10777807235717773,0.9900000095367432,36.12173843383789,33.2814826965332,30.57550811767578,-1.0897754430770874,31.665287017822266,-1.0,0.9999963045120239,3.1888484954833984e-06
120,2,-0.10658442974090576,0.9900000095367432,33.2814826965332,31.25662612915039,30.872785568237305,-1.0441226959228516,31.91691017150879,-1.0,0.9999624490737915,5.960464477539063e-08
120,3,-0.10893881320953369,0.9900000095367432,31.25662612915039,29.931825637817383,31.294170379638672,-0.9968509078025818,32.29102325439453,-0.9999989867210388,0.9996223449707031,1.1920928955078125e-07
120,4,-0.11196565628051758,0.9900000095367432,29.931825637817383,29.553449630737305,31.814443588256836,-0.9440851211547852,32.75852966308594,-0.9972708821296692,0.9997905492782593,8.940696716308594e-08
120,5,-0.11134684085845947,0.9900000095367432,29.553449630737305,31.26059341430664,32.39076614379883,-0.8847628831863403,33.27552795410156,-0.13526545464992523,0.9999572038650513,0.0
120,6,-0.10810863971710205,0.9900000095367432,31.26059341430664,35.042449951171875,32.91304016113281,-0.8223456144332886,33.73538589477539,0.9982449412345886,0.9999740719795227,5.960464477539063e-08
120,7,-0.11244118213653564,0.9900000095367432,35.042449951171875,37.09846878051758,33.265865325927734,-0.7594226002693176,34.02528762817383,0.9996639490127563,0.9999933242797852,1.7881393432617188e-07
120,8,-0.11571228504180908,0.9900000095367432,37.09846878051758,38.20750045776367,33.53740692138672,-0.6879122257232666,34.225318908691406,0.9852480888366699,0.999999463558197,2.9802322387695312e-08
120,9,-0.11843454837799072,0.9900000095367432,38.20750045776367,36.9659423828125,33.771240234375,-0.6083997488021851,34.379638671875,0.4880233108997345,0.9999995231628418,0.0
120,10,-0.11969220638275146,0.9900000095367432,36.9659423828125,34.29692840576172,34.088104248046875,-0.5209624767303467,34.60906219482422,-0.8852717876434326,0.999975323677063,0.0
120,11,-0.11901891231536865,0.9900000095367432,34.29692840576172,34.768253326416016,34.56682205200195,-0.4266563653945923,34.99347686767578,-0.994017481803894,0.9999988079071045,5.960464477539063e-08
120,12,-0.11795389652252197,0.9900000095367432,34.768253326416016,34.3641471862793,35.0503044128418,-0.32709991931915283,35.37740707397461,-0.7760720252990723,0.9999994039535522,2.9802322387695312e-08
120,13,-0.11447358131408691,0.9900000095367432,34.3641471862793,37.102176666259766,35.584510803222656,-0.2223774790763855,35.806888580322266,0.8815593123435974,0.9999759197235107,2.9802322387695312e-08
120,14,-0.1147303581237793,0.9900000095367432,37.102176666259766,36.48427963256836,36.00470733642578,-0.1147303581237793,36.11943817138672,0.9999138116836548,0.9999781847000122,2.9802322387695312e-08
121,0,-0.11228251457214355,0.9900000095367432,75.384521484375,68.02896118164062,68.94157409667969,3.4728074073791504,65.46875,1.0,0.9999853372573853,0.0
121,1,-0.10523355007171631,0.9900000095367432,68.02896118164062,65.91384887695312,69.8420181274414,3.8118977546691895,66.03010559082031,1.0,0.9999964237213135,0.0
121,2,-0.07682383060455322,0.9900000095367432,65.91384887695312,66.7186508178711,70.90325927734375,4.164945602416992,66.73829650878906,1.0,0.9999748468399048,0.0
121,3,-0.007990125566720963,0.9900000095367432,66.7186508178711,69.24443817138672,71.95907592773438,4.510121822357178,67.44894409179688,1.0,0.9999997615814209,0.0
121,4,0.15110039710998535,0.9900000095367432,69.24443817138672,72.03516387939453,72.87555694580078,4.803947448730469,68.07160949707031,1.0,0.9999989867210388,0.0
121,5,0.3786344528198242,0.9900000095367432,72.03516387939453,74.88130950927734,73.53398132324219,4.947205543518066,68.58677673339844,0.9999995827674866,0.9999998211860657,0.0
121,6,0.594348669052124,0.9900000095367432,74.88130950927734,76.8539047241211,73.84234619140625,4.857598304748535,68.98474884033203,0.99986332654953,1.0,0.0
121,7,0.7327799797058105,0.9900000095367432,76.8539047241211,77.84320068359375,73.8370361328125,4.532961368560791,69.30406951904297,0.977059543132782,1.0,0.0
121,8,0.7297040224075317,0.9900000095367432,77.84320068359375,75.71814727783203,73.63213348388672,4.040596961975098,69.5915298461914,-0.07643090933561325,0.9999999403953552,0.0
121,9,0.6843665838241577,0.9900000095367432,75.71814727783203,75.56346893310547,73.52938079833984,3.5203537940979004,70.00901794433594,-0.7278168201446533,1.0,0.0
121,10,0.6972663402557373,0.9900000095367432,75.56346893310547,75.2492904663086,73.47647857666016,3.0154037475585938,70.4610595703125,-0.8850167989730835,0.9999999403953552,0.0
121,11,0.7221698760986328,0.9900000095367432,75.2492904663086,74.73997497558594,73.42304229736328,2.4647927284240723,70.95823669433594,-0.9222505688667297,0.9999999403953552,0.0
121,12,0.723641037940979,0.9900000095367432,74.73997497558594,74.14342498779297,73.3665542602539,1.8528683185577393,71.513671875,-0.9223178625106812,0.9999984502792358,0.0
121,13,0.6516484022140503,0.9900000095367432,74.14342498779297,73.75438690185547,73.3363265991211,1.200666904449463,72.1356430053711,-0.9072397947311401,0.9999982118606567,0.0
121,14,0.5837517976760864,0.9900000095367432,73.75438690185547,73.55297088623047,73.40119934082031,0.5837517976760864,72.81744384765625,-0.8105760216712952,0.9999947547912598,0.0
122,0,0.408572793006897,0.9900000095367432,60.22316360473633,57.83982467651367,60.53569030761719,4.76799201965332,55.76771545410156,-1.0,0.9999639391899109,0.0
122,1,0.2989513874053955,0.9900000095367432,57.83982467651367,56.97158432006836,60.88681411743164,4.635214805603027,56.25161361694336,-1.0,0.9999989867210388,1.4901161193847656e-07
122,2,0.18162858486175537,0.9900000095367432,56.97158432006836,56.0402946472168,61.42240524291992,4.610593795776367,56.811824798583984,-1.0,0.9999997615814209,6.258487701416016e-07
122,3,0.11997246742248535,0.9900000095367432,56.0402946472168,55.373661041259766,62.1656379699707,4.709159851074219,57.45649337768555,-1.0,0.9999646544456482,5.930662155151367e-06
122,4,0.2098163366317749,0.9900000095367432,55.373661041259766,56.08915328979492,63.05653381347656,4.879518985748291,58.17702865600586,-1.0,0.9995721578598022,7.152557373046875e-07
122,5,0.38160717487335205,0.9900000095367432,56.08915328979492,57.06797790527344,63.87060546875,4.965127468109131,58.90549087524414,-1.0,0.9996553659439087,8.046627044677734e-06
122,6,0.5092165470123291,0.9900000095367432,57.06797790527344,57.65139389038086,64.50200653076172,4.873493194580078,59.62852478027344,-1.0,0.999889075756073,0.000522613525390625
122,7,0.6009969711303711,0.9900000095367432,57.65139389038086,58.034786224365234,65.00696563720703,4.640379428863525,60.36659240722656,-1.0,0.9998767375946045,1.850724220275879e-05
122,8,0.6639448404312134,0.9900000095367432,58.034786224365234,58.658111572265625,65.42610168457031,4.294930934906006,61.13117599487305,-1.0,0.9997458457946777,6.583333015441895e-05
122,9,0.7083132266998291,0.9900000095367432,58.658111572265625,59.47397232055664,65.77201080322266,3.8606977462768555,61.911319732666016,-1.0,0.9997227787971497,8.368492126464844e-05
122,10,0.7375829219818115,0.9900000095367432,59.47397232055664,60.54342269897461,66.04969787597656,3.3518176078796387,62.69788360595703,-1.0,0.9999021291732788,0.00011622905731201172
122,11,0.7560814619064331,0.9900000095367432,60.54342269897461,61.778846740722656,66.2575454711914,2.7796220779418945,63.47792053222656,-1.0,0.9999545216560364,0.00011160969734191895
122,12,0.7640707492828369,0.9900000095367432,61.778846740722656,63.1883659362793,66.39384460449219,2.1515583992004395,64.2422866821289,-1.0,0.9998330473899841,1.475214958190918e-05
122,13,0.7637860774993896,0.9900000095367432,63.1883659362793,64.71353912353516,66.45608520507812,1.4752659797668457,64.98081970214844,-1.0,0.9999299049377441,4.145503044128418e-05
122,14,0.7564910650253296,0.9900000095367432,64.71353912353516,66.34929656982422,66.44229888916016,0.7564910650253296,65.68580627441406,-1.0,0.9998489618301392,3.874301910400391e-06
123,0,0.25813865661621094,0.9900000095367432,45.276737213134766,46.13145446777344,62.07788848876953,4.687211990356445,57.39067459106445,0.6455392241477966,0.9999896883964539,0.0
123,1,0.32633817195892334,0.9900000095367432,46.13145446777344,49.25851821899414,63.302757263183594,4.709275245666504,58.593482971191406,0.9809268116950989,0.9999998211860657,0.0
123,2,0.3629419803619385,0.9900000095367432,49.25851821899414,51.95307922363281,64.3680191040039,4.660220146179199,59.707801818847656,0.9956833720207214,0.9999994039535522,0.0
123,3,0.37291836738586426,0.9900000095367432,51.95307922363281,54.09498977661133,65.31993103027344,4.5691423416137695,60.750797271728516,0.9978376030921936,0.9999983310699463,0.0
123,4,0.37270522117614746,0.9900000095367432,54.09498977661133,55.739559173583984,66.20873260498047,4.461694717407227,61.74704360961914,0.9988130331039429,0.9999954104423523,0.0
123,5,0.3760569095611572,0.9900000095367432,55.739559173583984,57.07481002807617,67.06743621826172,4.3476762771606445,62.71976089477539,0.9991739392280579,0.9999951124191284,0.0
123,6,0.3928588628768921,0.9900000095367432,57.07481002807617,58.34024429321289,67.90662384033203,4.222880840301514,63.68374252319336,0.9991568922996521,0.9999998807907104,0.0
123,7,0.4274265766143799,0.9900000095367432,58.34024429321289,59.708030700683594,68.71442413330078,4.072325229644775,64.64210510253906,0.9992215633392334,0.9999948740005493,0.0
123,8,0.47872936725616455,0.9900000095367432,59.708030700683594,61.28275680541992,69.46458435058594,3.875490188598633,65.58910369873047,0.999413251876831,0.9999998807907104,0.0
123,9,0.5425959825515747,0.9900000095367432,61.28275680541992,63.057342529296875,70.1247787475586,3.611654281616211,66.51313781738281,0.9994839429855347,0.9999994039535522,0.0
123,10,0.6133220195770264,0.9900000095367432,63.057342529296875,64.93944549560547,70.66543579101562,3.2632200717926025,67.40222930908203,0.9996676445007324,0.9999995231628418,0.0
123,11,0.6851032972335815,0.9900000095367432,64.93944549560547,66.7931137084961,71.06604766845703,2.8175415992736816,68.24851989746094,0.9998379349708557,1.0,0.0
123,12,0.7522516250610352,0.9900000095367432,66.7931137084961,68.50481414794922,71.318115234375,2.267345428466797,69.05078125,0.9999154806137085,0.9999998807907104,0.0
123,13,0.808879017829895,0.9900000095367432,68.50481414794922,70.00267791748047,71.42464447021484,1.6109448671340942,69.81370544433594,0.9999672770500183,0.9999998807907104,0.0
123,14,0.852807879447937,0.9900000095367432,70.00267791748047,71.2586441040039,71.39886474609375,0.852807879447937,70.54605865478516,0.9999868273735046,0.9999996423721313,0.0
124,0,0.0026327334344387054,0.9900000095367432,53.25327682495117,59.2357292175293,65.53251647949219,-0.2566947937011719,65.78919982910156,-1.0,0.9999996423721313,1.2814998626708984e-06
124,1,-0.04654109850525856,0.9900000095367432,59.2357292175293,64.40303039550781,66.55791473388672,-0.27573367953300476,66.83363342285156,-1.0,0.999985933303833,4.470348358154297e-07
124,2,-0.0737161636352539,0.9900000095367432,64.40303039550781,67.45848083496094,67.42850494384766,-0.24369226396083832,67.67218017578125,-1.0,0.999935507774353,5.960464477539063e-08
124,3,-0.08782327175140381,0.9900000095367432,67.45848083496094,69.29476165771484,68.22224426269531,-0.18072950839996338,68.40296173095703,-1.0,0.999981164932251,4.76837158203125e-07
124,4,-0.09117841720581055,0.9900000095367432,69.29476165771484,70.9577407836914,68.98455810546875,-0.09878388047218323,69.08333587646484,-1.0,0.9995993375778198,3.7848949432373047e-06
124,5,-0.08802568912506104,0.9900000095367432,70.9577407836914,73.1629409790039,69.71113586425781,-0.008086614310741425,69.7192153930664,-1.0,0.9996029138565063,2.321600914001465e-05
124,6,-0.0751568078994751,0.9900000095367432,73.1629409790039,75.10979461669922,70.36426544189453,0.08499635756015778,70.27925872802734,-0.9999999403953552,0.9998661279678345,3.018975257873535e-05
124,7,-0.049286965280771255,0.9900000095367432,75.10979461669922,76.31846618652344,70.94256591796875,0.17028512060642242,70.77227020263672,-0.9999865293502808,0.9999698400497437,6.258487701416016e-07
124,8,-0.012232068926095963,0.9900000095367432,76.31846618652344,76.3650131225586,71.4663314819336,0.2334631383419037,71.23286437988281,-0.9825580716133118,0.9990301132202148,1.3709068298339844e-06
124,9,-0.03732204809784889,0.9900000095367432,76.3650131225586,75.77247619628906,71.98138427734375,0.2612389326095581,71.72013854980469,0.9296532273292542,0.9992426633834839,1.1920928955078125e-07
124,10,-0.0516660250723362,0.9900000095367432,75.77247619628906,74.88422393798828,72.58689880371094,0.3174491822719574,72.26942443847656,1.0,0.9849598407745361,1.341104507446289e-06
124,11,-0.026192668825387955,0.9900000095367432,74.88422393798828,74.29851531982422,73.29270935058594,0.3924669921398163,72.90022277832031,1.0,0.9993106126785278,5.960464477539063e-08
124,12,0.021544095128774643,0.9900000095367432,74.29851531982422,74.46623992919922,74.04691314697266,0.445145845413208,73.60175323486328,1.0,0.999529242515564,0.0
124,13,0.1465069055557251,0.9900000095367432,74.46623992919922,74.9265365600586,74.78924560546875,0.45040059089660645,74.33883666992188,1.0,0.9999169111251831,8.046627044677734e-07
124,14,0.32311928272247314,0.9900000095367432,74.9265365600586,75.85689544677734,75.42144775390625,0.32311928272247314,75.09832763671875,1.0,0.9999464750289917,0.0
125,0,-0.08881449699401855,0.9900000095367432,37.209495544433594,36.237937927246094,27.26370620727539,-0.9300065636634827,28.193714141845703,0.9999999403953552,0.9963994026184082,6.556510925292969e-07
125,1,-0.09402787685394287,0.9900000095367432,36.237937927246094,35.0069465637207,27.175695419311523,-0.8944094181060791,28.070106506347656,0.9938514828681946,0.9952776432037354,4.470348358154297e-07
125,2,-0.09623610973358154,0.9900000095367432,35.0069465637207,36.41114044189453,27.152450561523438,-0.8510170578956604,28.003469467163086,0.2793177664279938,0.9997061491012573,1.9669532775878906e-06
125,3,-0.09716355800628662,0.9900000095367432,36.41114044189453,36.276004791259766,27.056177139282227,-0.8025315403938293,27.858713150024414,0.576704204082489,0.9999402761459351,3.5762786865234375e-07
125,4,-0.09879875183105469,0.9900000095367432,36.276004791259766,36.62716293334961,26.9619140625,-0.7499924898147583,27.7119083404541,0.3448432385921478,0.9998799562454224,7.152557373046875e-07
125,5,-0.09815382957458496,0.9900000095367432,36.62716293334961,35.63253402709961,26.844942092895508,-0.692391037940979,27.537336349487305,0.7864793539047241,0.9999172687530518,1.1920928955078125e-07
125,6,-0.09830212593078613,0.9900000095367432,35.63253402709961,35.31671142578125,26.772233963012695,-0.631831169128418,27.404067993164062,0.5676260590553284,0.9999158382415771,5.960464477539063e-08
125,7,-0.09590411186218262,0.9900000095367432,35.31671142578125,34.372867584228516,26.711708068847656,-0.5672823190689087,27.27899169921875,0.782598614692688,0.999968945980072,8.940696716308594e-08
125,8,-0.09430527687072754,0.9900000095367432,34.372867584228516,33.66393280029297,26.694477081298828,-0.5011996030807495,27.1956787109375,0.6460244655609131,0.9999361038208008,5.960464477539063e-08
125,9,-0.09089720249176025,0.9900000095367432,33.66393280029297,32.563316345214844,26.711767196655273,-0.43263620138168335,27.144407272338867,0.8418824672698975,0.9999979734420776,5.960464477539063e-08
125,10,-0.08829903602600098,0.9900000095367432,32.563316345214844,31.503021240234375,26.784454345703125,-0.36335885524749756,27.147817611694336,0.7849316596984863,0.9999964237213135,0.0
125,11,-0.08492565155029297,0.9900000095367432,31.503021240234375,30.455123901367188,26.914783477783203,-0.2924612760543823,27.20724868774414,0.7925660014152527,0.9999948740005493,0.0
125,12,-0.08144211769104004,0.9900000095367432,30.455123901367188,29.496675491333008,27.10492515563965,-0.22066521644592285,27.325592041015625,0.7939782738685608,0.9999527931213379,0.0
125,13,-0.07780015468597412,0.9900000095367432,29.496675491333008,28.64725685119629,27.35383415222168,-0.14803095161914825,27.501867294311523,0.7963087558746338,0.999958872795105,0.0
125,14,-0.07467389106750488,0.9900000095367432,28.64725685119629,28.014141082763672,27.659324645996094,-0.07467389106750488,27.733999252319336,0.7112419009208679,0.9999481439590454,0.0
126,0,-0.11695826053619385,0.9900000095367432,38.908687591552734,36.13156509399414,36.672786712646484,-1.154480218887329,37.8272705078125,-0.9794681072235107,0.9999958276748657,0.0
126,1,-0.11698317527770996,0.9900000095367432,36.13156509399414,37.81276321411133,37.21555709838867,-1.10316002368927,38.31871795654297,-0.9880383014678955,0.9999992847442627,0.0
126,2,-0.11719405651092529,0.9900000095367432,37.81276321411133,37.39102554321289,37.70420837402344,-1.0485665798187256,38.75278091430664,-0.972618043422699,0.9999977946281433,0.0
126,3,-0.1175837516784668,0.9900000095367432,37.39102554321289,37.527992248535156,38.24619674682617,-0.9902951121330261,39.23649597167969,-0.9596614837646484,0.9999996423721313,0.0
126,4,-0.1178286075592041,0.9900000095367432,37.527992248535156,37.534358978271484,38.815677642822266,-0.9279227256774902,39.74360656738281,-0.9012557864189148,0.9999970197677612,0.0
126,5,-0.11757516860961914,0.9900000095367432,37.534358978271484,37.631507873535156,39.42111587524414,-0.8613440990447998,40.28246307373047,-0.6956420540809631,0.9999974966049194,0.0
126,6,-0.11426150798797607,0.9900000095367432,37.631507873535156,36.73944854736328,40.059471130371094,-0.7908229231834412,40.85029602050781,-0.17921431362628937,0.999661922454834,2.9802322387695312e-08
126,7,-0.11065483093261719,0.9900000095367432,36.73944854736328,36.597007751464844,40.781639099121094,-0.7193635702133179,41.50100326538086,0.2986760139465332,0.9999996423721313,0.0
126,8,-0.10878479480743408,0.9900000095367432,36.597007751464844,37.59378433227539,41.553157806396484,-0.6472182273864746,42.200374603271484,0.6518130898475647,0.9999822378158569,0.0
126,9,-0.11217963695526123,0.9900000095367432,37.59378433227539,38.350372314453125,42.31903076171875,-0.5724970102310181,42.89152908325195,0.38630080223083496,0.9999975562095642,0.0
126,10,-0.11197614669799805,0.9900000095367432,38.350372314453125,39.80404281616211,43.097145080566406,-0.4894389510154724,43.586585998535156,0.49706268310546875,0.9999964237213135,0.0
126,11,-0.10981869697570801,0.9900000095367432,39.80404281616211,42.17152786254883,43.84776306152344,-0.4013427197933197,44.249107360839844,0.742338240146637,0.9999393820762634,0.0
126,12,-0.10868346691131592,0.9900000095367432,42.17152786254883,44.13505935668945,44.51896667480469,-0.3099670708179474,44.82893753051758,0.6988828182220459,0.9999958276748657,0.0
126,13,-0.10994744300842285,0.9900000095367432,44.13505935668945,45.056583404541016,45.12808609008789,-0.21401764452457428,45.342105865478516,0.3060416579246521,0.9999988079071045,0.0
126,14,-0.11065411567687988,0.9900000095367432,45.056583404541016,46.3022575378418,45.72858428955078,-0.11065411567687988,45.839237213134766,0.23582608997821808,0.9999991059303284,0.0
127,0,-0.11711370944976807,0.9900000095367432,37.8120002746582,37.884883880615234,38.37656021118164,-1.1312377452850342,39.50780487060547,-0.9780669808387756,0.9993149042129517,7.748603820800781e-07
127,1,-0.11616146564483643,0.9900000095367432,37.884883880615234,38.842472076416016,38.93500518798828,-1.0782817602157593,40.01329040527344,-0.521536111831665,0.9999666213989258,6.556510925292969e-07
127,2,-0.1103963851928711,0.9900000095367432,38.842472076416016,41.51405715942383,39.47736740112305,-1.0229880809783936,40.50035858154297,0.9867686629295349,0.9999932646751404,1.2516975402832031e-06
127,3,-0.11040043830871582,0.9900000095367432,41.51405715942383,43.256839752197266,39.90730285644531,-0.9703260660171509,40.87763214111328,0.9999547004699707,0.9999938607215881,2.2649765014648438e-06
127,4,-0.11098670959472656,0.9900000095367432,43.256839752197266,44.892581939697266,40.27272033691406,-0.9143281579017639,41.187049865722656,0.9998947381973267,0.9999902248382568,2.9802322387695312e-08
127,5,-0.11187875270843506,0.9900000095367432,44.892581939697266,46.284603118896484,40.57578659057617,-0.8541642427444458,41.42995071411133,0.998687744140625,0.9999902248382568,8.940696716308594e-08
127,6,-0.11308133602142334,0.9900000095367432,46.284603118896484,47.25413131713867,40.825706481933594,-0.78924560546875,41.614952087402344,0.9564404487609863,0.9999999403953552,0.0
127,7,-0.11782872676849365,0.9900000095367432,47.25413131713867,44.789676666259766,41.041690826416016,-0.7189412713050842,41.7606315612793,-0.5252225995063782,0.9999818801879883,0.0
127,8,-0.1178058385848999,0.9900000095367432,44.789676666259766,44.66011428833008,41.40609359741211,-0.6391414999961853,42.04523468017578,-0.9903560280799866,0.9999991059303284,0.0
127,9,-0.11587035655975342,0.9900000095367432,44.66011428833008,44.43782043457031,41.80034637451172,-0.5543175339698792,42.35466003417969,-0.9886611700057983,0.9999998807907104,0.0
127,10,-0.11216330528259277,0.9900000095367432,44.43782043457031,43.80840301513672,42.229183197021484,-0.46618518233299255,42.69536590576172,-0.7990577816963196,0.9998759627342224,0.0
127,11,-0.09877371788024902,0.9900000095367432,43.80840301513672,45.54367446899414,42.714332580566406,-0.376418799161911,43.09074783325195,0.8104143142700195,0.9999663233757019,5.364418029785156e-07
127,12,-0.10048246383666992,0.9900000095367432,45.54367446899414,44.622371673583984,43.124610900878906,-0.295210063457489,43.41981506347656,0.9999062418937683,0.9999653100967407,0.0
127,13,-0.10507237911224365,0.9900000095367432,44.622371673583984,44.48506546020508,43.611148834228516,-0.20704689621925354,43.81819152832031,0.9996482729911804,0.9998396635055542,0.0
127,14,-0.10842585563659668,0.9900000095367432,44.48506546020508,44.69595718383789,44.14057159423828,-0.10842585563659668,44.24899673461914,0.9921568036079407,0.9999961853027344,0.0
128,0,0.09420084953308105,0.9900000095367432,48.99868392944336,50.685428619384766,48.63780975341797,0.22204723954200745,48.41575241088867,1.0,0.9973306655883789,4.76837158203125e-07
128,1,0.06006097421050072,0.9900000095367432,50.685428619384766,50.41100311279297,48.94702911376953,0.1359345018863678,48.81108474731445,1.0,0.9984463453292847,4.172325134277344e-07
128,2,0.03517841920256615,0.9900000095367432,50.41100311279297,51.9740104675293,49.32655334472656,0.08067359775304794,49.245872497558594,1.0,0.997138261795044,1.2516975402832031e-06
128,3,0.007632013410329819,0.9900000095367432,51.9740104675293,52.92439270019531,49.674278259277344,0.048373397439718246,49.62590026855469,0.9999999403953552,0.9999896287918091,2.9802322387695312e-08
128,4,-0.01953769102692604,0.9900000095367432,52.92439270019531,53.85469055175781,50.02326965332031,0.04331885650753975,49.97994613647461,0.9999237656593323,0.9999951124191284,8.940696716308594e-08
128,5,-0.03943801298737526,0.9900000095367432,53.85469055175781,54.30320358276367,50.374271392822266,0.06683312356472015,50.30743408203125,0.906964898109436,0.9999880790710449,0.0
128,6,-0.06009197607636452,0.9900000095367432,54.30320358276367,53.887508392333984,50.745025634765625,0.11299429833889008,50.63203048706055,-0.8890262842178345,0.9999999403953552,0.0
128,7,-0.041053656488657,0.9900000095367432,53.887508392333984,54.28135299682617,51.183082580566406,0.18403643369674683,50.99904251098633,-0.9678075909614563,0.9999990463256836,0.0
128,8,0.0035318098962306976,0.9900000095367432,54.28135299682617,54.12724304199219,51.60787582397461,0.2393302321434021,51.3685417175293,-0.9346762895584106,0.9999897480010986,2.9802322387695312e-08
128,9,0.06863784790039062,0.9900000095367432,54.12724304199219,53.63752746582031,52.02024841308594,0.25071603059768677,51.76953125,-0.7932602167129517,0.9996776580810547,0.0
128,10,0.10183191299438477,0.9900000095367432,53.63752746582031,52.11760330200195,52.41526412963867,0.1935972422361374,52.22166061401367,0.37129902839660645,0.999934196472168,1.1920928955078125e-07
128,11,0.04881667718291283,0.9900000095367432,52.11760330200195,51.51118850708008,52.879966735839844,0.09757079184055328,52.78239440917969,0.9822112917900085,0.9996777772903442,2.9802322387695312e-08
128,12,0.017438050359487534,0.9900000095367432,51.51118850708008,52.5500373840332,53.46235656738281,0.051838506013154984,53.41051483154297,0.7569354176521301,0.9999959468841553,0.0
128,13,-0.01142919436097145,0.9900000095367432,52.5500373840332,54.30181121826172,54.060279846191406,0.0365767739713192,54.02370071411133,-0.5990208983421326,0.9999566078186035,0.0
128,14,0.05104302987456322,0.9900000095367432,54.30181121826172,55.134822845458984,54.634521484375,0.05104302987456322,54.58347702026367,-0.4146745800971985,0.9999601244926453,0.0
129,0,-0.11797082424163818,0.9900000095367432,45.151161193847656,45.28237533569336,44.529136657714844,-1.1140310764312744,45.64316940307617,-0.998711347579956,0.9999896883964539,0.0
129,1,-0.1181941032409668,0.9900000095367432,45.28237533569336,44.150142669677734,45.0883903503418,-1.059075117111206,46.147464752197266,-0.9997435808181763,0.9999998211860657,0.0
129,2,-0.11834216117858887,0.9900000095367432,44.150142669677734,44.700965881347656,45.74285125732422,-1.000405192375183,46.743255615234375,-0.9998247027397156,0.9999982714653015,0.0
129,3,-0.11791443824768066,0.9900000095367432,44.700965881347656,45.655059814453125,46.40988540649414,-0.9378660321235657,47.34775161743164,-0.9998559355735779,0.9999934434890747,0.0
129,4,-0.1166309118270874,0.9900000095367432,45.655059814453125,47.10501480102539,47.068450927734375,-0.8718251585960388,47.94027328491211,-0.9998273253440857,0.999998927116394,0.0
129,5,-0.11361658573150635,0.9900000095367432,47.10501480102539,48.033145904541016,47.69099807739258,-0.8029710054397583,48.49396514892578,-0.9995089173316956,0.9999984502792358,0.0
129,6,-0.10903728008270264,0.9900000095367432,48.033145904541016,48.59384536743164,48.30087661743164,-0.732965886592865,49.033836364746094,-0.9947376847267151,0.9999768733978271,0.0
129,7,-0.10323059558868408,0.9900000095367432,48.59384536743164,48.86188888549805,48.914955139160156,-0.6634009480476379,49.5783576965332,-0.9013750553131104,0.9999803900718689,0.0
129,8,-0.09110116958618164,0.9900000095367432,48.86188888549805,51.02866744995117,49.54759979248047,-0.5956090688705444,50.143211364746094,0.28088080883026123,0.9999986886978149,0.0
129,9,-0.0869135856628418,0.9900000095367432,51.02866744995117,53.00520706176758,50.09333801269531,-0.5364251732826233,50.629764556884766,0.9992839694023132,0.9999963045120239,0.0
129,10,-0.0956641435623169,0.9900000095367432,53.00520706176758,54.61246871948242,50.56511688232422,-0.4779495894908905,51.043067932128906,0.999095618724823,0.9999994039535522,0.0
129,11,-0.10487771034240723,0.9900000095367432,54.61246871948242,55.10981369018555,50.991455078125,-0.4064704179763794,51.397926330566406,0.7690924406051636,0.9999991655349731,0.0
129,12,-0.11486124992370605,0.9900000095367432,55.10981369018555,52.60472869873047,51.42838668823242,-0.32067275047302246,51.74905776977539,-0.967293381690979,0.9999978542327881,0.0
129,13,-0.1139981746673584,0.9900000095367432,52.60472869873047,53.31956100463867,52.03541946411133,-0.21883198618888855,52.254249572753906,-0.9998689293861389,0.9999988675117493,0.0
129,14,-0.11146605014801025,0.9900000095367432,53.31956100463867,53.286651611328125,52.64231872558594,-0.11146605014801025,52.7537841796875,-0.9997498989105225,0.999977707862854,0.0
130,0,-0.1120147705078125,0.9900000095367432,52.2879638671875,53.76139450073242,51.23448944091797,-1.0265824794769287,52.261070251464844,-0.9999963641166687,0.9996592998504639,2.4944543838500977e-05
130,1,-0.11111187934875488,0.9900000095367432,53.76139450073242,54.9919548034668,51.76535415649414,-0.9724270701408386,52.7377815246582,-0.9999847412109375,0.9997880458831787,0.00011712312698364258
130,2,-0.1100621223449707,0.9900000095367432,54.9919548034668,55.969966888427734,52.264076232910156,-0.9158056378364563,53.17987823486328,-0.9999619126319885,0.9996964931488037,2.1010637283325195e-05
130,3,-0.10841250419616699,0.9900000095367432,55.969966888427734,56.737327575683594,52.741756439208984,-0.8567183017730713,53.598472595214844,-0.9997493028640747,0.9909952878952026,1.677870750427246e-05
130,4,-0.1063077449798584,0.9900000095367432,56.737327575683594,57.4300422668457,53.20751953125,-0.7956467866897583,54.0031623840332,-0.997078001499176,0.9993790984153748,4.971027374267578e-05
130,5,-0.10329270362854004,0.9900000095367432,57.4300422668457,57.8663215637207,53.66405487060547,-0.7329495549201965,54.39699935913086,-0.9767797589302063,0.9988576173782349,5.453824996948242e-05
130,6,-0.09896814823150635,0.9900000095367432,57.8663215637207,57.93100357055664,54.1233024597168,-0.6694915890693665,54.792789459228516,-0.7916963696479797,0.9945041537284851,3.1888484954833984e-06
130,7,-0.08695590496063232,0.9900000095367432,57.93100357055664,57.19752883911133,54.60360336303711,-0.6066172122955322,55.2102165222168,0.7467975616455078,0.9983794689178467,8.881092071533203e-06
130,8,-0.08735072612762451,0.9900000095367432,57.19752883911133,56.947940826416016,55.14012145996094,-0.5525372624397278,55.69265365600586,0.9999706745147705,0.9957603216171265,2.3245811462402344e-06
130,9,-0.08648908138275146,0.9900000095367432,56.947940826416016,57.199405670166016,55.72413635253906,-0.49461618065834045,56.21875,0.9999966025352478,0.9996014833450317,1.5944242477416992e-05
130,10,-0.08850479125976562,0.9900000095367432,57.199405670166016,57.692684173583984,56.33094787597656,-0.4339469373226166,56.764892578125,0.9999968409538269,0.9997909665107727,1.4781951904296875e-05
130,11,-0.09246337413787842,0.9900000095367432,57.692684173583984,57.98367691040039,56.952327728271484,-0.3672962784767151,57.31962203979492,0.9999870657920837,0.9998188614845276,0.0
130,12,-0.0978083610534668,0.9900000095367432,57.98367691040039,58.433162689208984,57.60191345214844,-0.29221999645233154,57.89413070678711,0.9997797608375549,0.9999562501907349,5.960464477539063e-08
130,13,-0.10201120376586914,0.9900000095367432,58.433162689208984,58.867454528808594,58.274620056152344,-0.20671093463897705,58.48133087158203,0.9797449111938477,0.999881386756897,2.9802322387695312e-08
130,14,-0.11132347583770752,0.9900000095367432,58.867454528808594,59.67961120605469,58.971492767333984,-0.11132347583770752,59.08281707763672,-0.24076636135578156,0.9999960660934448,0.0
131,0,-0.11790621280670166,0.9900000095367432,50.546695709228516,50.23812484741211,53.8881721496582,-1.0807256698608398,54.96889114379883,-0.9999998211860657,0.9999992847442627,0.0
131,1,-0.11792385578155518,0.9900000095367432,50.23812484741211,52.592464447021484,54.77861785888672,-1.0237315893173218,55.802345275878906,-0.9999998807907104,0.9999998807907104,0.0
131,2,-0.11798322200775146,0.9900000095367432,52.592464447021484,52.51854705810547,55.60150146484375,-0.9631129503250122,56.564613342285156,-0.9999998211860657,0.9999827146530151,0.0
131,3,-0.11819422245025635,0.9900000095367432,52.51854705810547,53.29048538208008,56.480403900146484,-0.8985961675643921,57.37899398803711,-0.9999998807907104,0.999982476234436,8.940696716308594e-08
131,4,-0.1182241439819336,0.9900000095367432,53.29048538208008,54.08291244506836,57.3745002746582,-0.829773485660553,58.20426940917969,-0.9999999403953552,0.999998152256012,0.0
131,5,-0.11807560920715332,0.9900000095367432,54.08291244506836,55.55063247680664,58.283485412597656,-0.7565649747848511,59.04004669189453,-1.0,0.9999980926513672,0.0
131,6,-0.11634576320648193,0.9900000095367432,55.55063247680664,56.644493103027344,59.17257308959961,-0.678882896900177,59.8514518737793,-1.0,0.9999956488609314,0.0
131,7,-0.11103343963623047,0.9900000095367432,56.644493103027344,57.91984939575195,60.058494567871094,-0.5981255769729614,60.656620025634766,-0.9999999403953552,0.9990067481994629,2.682209014892578e-07
131,8,-0.10471558570861816,0.9900000095367432,57.91984939575195,59.215972900390625,60.927696228027344,-0.5179076194763184,61.44560241699219,-0.9999999403953552,0.9998668432235718,3.5762786865234375e-07
131,9,-0.09935510158538818,0.9900000095367432,59.215972900390625,60.52573013305664,61.77695083618164,-0.43933233618736267,62.216278076171875,-0.9999991655349731,0.998867928981781,5.066394805908203e-07
131,10,-0.09420478343963623,0.9900000095367432,60.52573013305664,61.66977310180664,62.60529327392578,-0.36148563027381897,62.96677780151367,-0.9999942779541016,0.9999945163726807,2.9027462005615234e-05
131,11,-0.08873903751373291,0.9900000095367432,61.66977310180664,62.87849044799805,63.420352935791016,-0.2841901481151581,63.70454406738281,-0.9999731779098511,0.9999090433120728,1.093745231628418e-05
131,12,-0.08206331729888916,0.9900000095367432,62.87849044799805,64.06185913085938,64.2175521850586,-0.20781618356704712,64.42536926269531,-0.9998637437820435,0.9999747276306152,2.2798776626586914e-05
131,13,-0.07389593124389648,0.9900000095367432,64.06185913085938,65.28688049316406,64.99580383300781,-0.13370853662490845,65.1295166015625,-0.9994528889656067,0.9993292689323425,0.0005060136318206787
131,14,-0.06359660625457764,0.9900000095367432,65.28688049316406,66.47852325439453,65.75013732910156,-0.06359660625457764,65.81373596191406,-0.9971057176589966,0.9995073080062866,0.000195235013961792
132,0,1.1048436164855957,0.9900000095367432,84.24151611328125,85.54920959472656,77.1058349609375,11.534198760986328,65.57162475585938,-0.999936580657959,0.9999983310699463,1.0281801223754883e-05
132,1,1.2474184036254883,0.9900000095367432,85.54920959472656,85.4506607055664,76.30654907226562,11.08915901184082,65.21736907958984,-0.999967098236084,0.9999829530715942,2.7120113372802734e-06
132,2,1.2967119216918945,0.9900000095367432,85.4506607055664,84.21485900878906,75.31028747558594,10.464370727539062,64.84589385986328,-0.999216616153717,0.9999270439147949,2.086162567138672e-07
132,3,1.3283023834228516,0.9900000095367432,84.21485900878906,81.6318588256836,74.26362609863281,9.74764347076416,64.51596069335938,-0.794692873954773,0.9979569911956787,8.940696716308594e-08
132,4,1.306466817855835,0.9900000095367432,81.6318588256836,79.86280059814453,73.25310516357422,8.951984405517578,64.30109405517578,0.927188515663147,0.9999699592590332,2.9802322387695312e-08
132,5,1.198706865310669,0.9900000095367432,79.86280059814453,77.1921615600586,72.29497528076172,8.129205703735352,64.1657485961914,0.9999979138374329,0.9999614953994751,2.384185791015625e-07
132,6,1.1586055755615234,0.9900000095367432,77.1921615600586,75.12383270263672,71.53136444091797,7.368951797485352,64.16239929199219,0.9999964833259583,0.9976304173469543,1.1920928955078125e-07
132,7,1.1441090106964111,0.9900000095367432,75.12383270263672,73.5809555053711,70.8709487915039,6.603239059448242,64.26769256591797,0.9999659657478333,0.9998191595077515,2.682209014892578e-07
132,8,1.1548452377319336,0.9900000095367432,73.5809555053711,72.08020782470703,70.26536560058594,5.804498195648193,64.46086120605469,0.9992099404335022,0.9999884366989136,0.0
132,9,1.1145334243774414,0.9900000095367432,72.08020782470703,71.04119110107422,69.68904113769531,4.943809509277344,64.74523162841797,0.9885279536247253,0.9999940395355225,2.9802322387695312e-08
132,10,1.037839412689209,0.9900000095367432,71.04119110107422,70.08281707763672,69.17381286621094,4.071532249450684,65.10227966308594,0.9326350092887878,0.9999964833259583,0.0
132,11,0.9691997170448303,0.9900000095367432,70.08281707763672,69.30441284179688,68.75796508789062,3.2256171703338623,65.53235626220703,0.8915607333183289,0.9999995827674866,0.0
132,12,0.9056830406188965,0.9900000095367432,69.30441284179688,68.94396209716797,68.42977905273438,2.399168014526367,66.03060913085938,0.8441000580787659,0.9999997615814209,0.0
132,13,0.8589686155319214,0.9900000095367432,68.94396209716797,68.57037353515625,68.16732788085938,1.5879693031311035,66.57935333251953,0.6357816457748413,0.9999995231628418,0.0
132,14,0.7751203775405884,0.9900000095367432,68.57037353515625,67.86109161376953,67.95759582519531,0.7751203775405884,67.1824722290039,-0.037941064685583115,0.9999991655349731,0.0
133,0,-0.11905622482299805,0.9900000095367432,38.26179885864258,38.17039108276367,45.65923309326172,-1.160504698753357,46.81973648071289,0.4951758086681366,0.9998629093170166,1.868605613708496e-05
133,1,-0.1184988021850586,0.9900000095367432,38.17039108276367,39.61941146850586,46.66545104980469,-1.107334852218628,47.77278518676758,0.9966837763786316,0.9997650384902954,2.5957822799682617e-05
133,2,-0.11792540550231934,0.9900000095367432,39.61941146850586,41.59812927246094,47.65846633911133,-1.051393985748291,48.70985794067383,0.9872090816497803,0.9848049879074097,2.950429916381836e-06
133,3,-0.11748015880584717,0.9900000095367432,41.59812927246094,43.30009841918945,48.60955047607422,-0.9925238490104675,49.602073669433594,0.753417432308197,0.9976577758789062,7.152557373046875e-07
133,4,-0.11815357208251953,0.9900000095367432,43.30009841918945,47.58523941040039,49.530757904052734,-0.9304026365280151,50.461158752441406,-0.692677915096283,0.9999174475669861,2.9802322387695312e-08
133,5,-0.11733734607696533,0.9900000095367432,47.58523941040039,50.116455078125,50.285423278808594,-0.8636353611946106,51.1490592956543,-0.9435412287712097,0.9999024868011475,2.682209014892578e-07
133,6,-0.11649560928344727,0.9900000095367432,50.116455078125,51.09317398071289,50.95374298095703,-0.7935119867324829,51.747257232666016,-0.9823885560035706,0.9888626337051392,8.761882781982422e-06
133,7,-0.11559367179870605,0.9900000095367432,51.09317398071289,51.09138870239258,51.6120491027832,-0.7198473215103149,52.33189392089844,-0.7448986768722534,0.9993369579315186,4.813075065612793e-05
133,8,-0.11306118965148926,0.9900000095367432,51.09138870239258,50.86894989013672,52.31113052368164,-0.64248126745224,52.953609466552734,0.7846664190292358,0.9879230260848999,1.0132789611816406e-06
133,9,-0.11201119422912598,0.9900000095367432,50.86894989013672,51.72550582885742,53.063453674316406,-0.5629134178161621,53.626365661621094,0.9982351660728455,0.9995872974395752,2.5540590286254883e-05
133,10,-0.11021101474761963,0.9900000095367432,51.72550582885742,52.903717041015625,53.81717300415039,-0.4794282019138336,54.296600341796875,0.9896805882453918,0.9998525977134705,1.5974044799804688e-05
133,11,-0.10901403427124023,0.9900000095367432,52.903717041015625,54.097198486328125,54.554649353027344,-0.3925754129886627,54.94722366333008,0.8080041408538818,0.9974230527877808,0.0
133,12,-0.1106569766998291,0.9900000095367432,54.097198486328125,55.95981979370117,55.274696350097656,-0.3015006482601166,55.57619857788086,-0.23533949255943298,0.9999984502792358,5.960464477539063e-08
133,13,-0.1073911190032959,0.9900000095367432,55.95981979370117,57.48720932006836,55.944007873535156,-0.20291726291179657,56.14692687988281,-0.2695724368095398,0.999935507774353,5.960464477539063e-08
133,14,-0.1015695333480835,0.9900000095367432,57.48720932006836,57.24583053588867,56.57180404663086,-0.1015695333480835,56.67337417602539,0.2669311463832855,0.9999990463256836,0.0
134,0,-0.1193932294845581,0.9900000095367432,39.34162902832031,40.743263244628906,32.33831787109375,-1.181793451309204,33.52011489868164,-0.9999991059303284,0.9999978542327881,2.086162567138672e-07
134,1,-0.11882293224334717,0.9900000095367432,40.743263244628906,40.81233215332031,32.366737365722656,-1.1296122074127197,33.49635314941406,-0.9999803900718689,0.9999350309371948,3.8743019104003906e-07
134,2,-0.11828112602233887,0.9900000095367432,40.81233215332031,40.203433990478516,32.39271926879883,-1.0747361183166504,33.46746063232422,-0.9990137815475464,0.9999873638153076,5.066394805908203e-07
134,3,-0.11776554584503174,0.9900000095367432,40.203433990478516,39.26828384399414,32.451812744140625,-1.0169644355773926,33.46878433227539,-0.9569322466850281,0.999711275100708,3.5762786865234375e-07
134,4,-0.11692249774932861,0.9900000095367432,39.26828384399414,38.319583892822266,32.56332015991211,-0.9560859799385071,33.519412994384766,-0.191514253616333,0.9988651275634766,1.1146068572998047e-05
134,5,-0.11495578289031982,0.9900000095367432,38.319583892822266,37.9451789855957,32.730918884277344,-0.892252504825592,33.62317657470703,0.9906482100486755,0.9997614622116089,4.410743713378906e-06
134,6,-0.11509346961975098,0.9900000095367432,37.9451789855957,37.25290298461914,32.926727294921875,-0.8264718055725098,33.753204345703125,0.9993650317192078,0.9999778866767883,1.4901161193847656e-07
134,7,-0.11538469791412354,0.9900000095367432,37.25290298461914,36.68401336669922,33.171504974365234,-0.7563831210136414,33.92789840698242,0.9945265650749207,0.9999663829803467,9.5367431640625e-07
134,8,-0.11600935459136963,0.9900000095367432,36.68401336669922,36.18618392944336,33.46202087402344,-0.6815506815910339,34.14358139038086,0.9173378944396973,0.9998095035552979,0.0
134,9,-0.11758244037628174,0.9900000095367432,36.18618392944336,35.1671028137207,33.79777908325195,-0.6013198494911194,34.39910888671875,0.27259838581085205,0.9999215006828308,5.960464477539063e-08
134,10,-0.11876130104064941,0.9900000095367432,35.1671028137207,35.001373291015625,34.2100944519043,-0.5143406987190247,34.72444152832031,-0.5711284875869751,0.9998263120651245,2.9802322387695312e-08
134,11,-0.11830592155456543,0.9900000095367432,35.001373291015625,35.069419860839844,34.658470153808594,-0.4206054210662842,35.079078674316406,-0.5984421968460083,0.9999768733978271,2.086162567138672e-07
134,12,-0.11477100849151611,0.9900000095367432,35.069419860839844,35.38088607788086,35.131141662597656,-0.3214242160320282,35.45256805419922,0.5394476652145386,0.9997055530548096,0.0
134,13,-0.11296069622039795,0.9900000095367432,35.38088607788086,35.91702651977539,35.61356735229492,-0.21972694993019104,35.83329391479492,0.99082350730896,0.999742329120636,2.9802322387695312e-08
134,14,-0.11352074146270752,0.9900000095367432,35.91702651977539,36.575645446777344,36.09636688232422,-0.11352074146270752,36.20988845825195,0.9743785858154297,0.9999992847442627,3.5762786865234375e-07
135,0,-0.07264196872711182,0.9900000095367432,52.928470611572266,66.53477478027344,69.71598815917969,0.22968319058418274,69.48628997802734,-1.0,0.9999738931655884,5.2094459533691406e-05
135,1,-0.06980597972869873,0.9900000095367432,66.53477478027344,72.34928894042969,70.70191955566406,0.3214515149593353,70.38045501708984,-1.0,0.9988006353378296,6.121397018432617e-05
135,2,-0.06570756435394287,0.9900000095367432,72.34928894042969,76.65778350830078,71.44119262695312,0.4160100817680359,71.0251693725586,-1.0,0.9999694228172302,3.725290298461914e-06
135,3,-0.06130218878388405,0.9900000095367432,76.65778350830078,78.69743347167969,71.99610900878906,0.5121931433677673,71.48390197753906,-1.0,0.9994662404060364,8.672475814819336e-06
135,4,-0.06478512287139893,0.9900000095367432,78.69743347167969,78.94921875,72.47409057617188,0.60977703332901,71.86431121826172,-0.9999996423721313,0.9996255040168762,1.1324882507324219e-06
135,5,-0.07884180545806885,0.9900000095367432,78.94921875,77.67865753173828,72.97276306152344,0.7172378301620483,72.25552368164062,-0.8399684429168701,0.9999443888664246,8.940696716308594e-08
135,6,-0.10174131393432617,0.9900000095367432,77.67865753173828,77.21855926513672,73.58480072021484,0.8464429974555969,72.73835754394531,0.9999929070472717,0.9993879795074463,2.682209014892578e-07
135,7,-0.10994207859039307,0.9900000095367432,77.21855926513672,76.7221450805664,74.28412628173828,1.008170485496521,73.27595520019531,1.0,0.9997988343238831,2.384185791015625e-07
135,8,-0.10577929019927979,0.9900000095367432,76.7221450805664,76.65929412841797,75.06254577636719,1.1888490915298462,73.87369537353516,1.0,0.9993051886558533,0.0
135,9,-0.08914077281951904,0.9900000095367432,76.65929412841797,76.81938934326172,75.88909912109375,1.3765320777893066,74.51256561279297,1.0,0.9992334842681885,2.384185791015625e-07
135,10,-0.028826478868722916,0.9900000095367432,76.81938934326172,76.70902252197266,76.74181365966797,1.5583974123001099,75.18341827392578,1.0,0.9999418258666992,2.9802322387695312e-08
135,11,0.1528453826904297,0.9900000095367432,76.70902252197266,77.2059555053711,77.59015655517578,1.6876384019851685,75.90252685546875,1.0,0.9995002746582031,0.0
135,12,0.404940128326416,0.9900000095367432,77.2059555053711,77.8875503540039,78.2728500366211,1.6318905353546143,76.6409683227539,1.0,0.999620795249939,0.0
135,13,0.6053338050842285,0.9900000095367432,77.8875503540039,78.3806381225586,78.69482421875,1.304572582244873,77.39025115966797,1.0,0.9999953508377075,0.0
135,14,0.7434756755828857,0.9900000095367432,78.3806381225586,78.95049285888672,78.90446472167969,0.7434756755828857,78.1609878540039,1.0,0.9999980926513672,0.0
136,0,-0.11700475215911865,0.9900000095367432,45.173866271972656,44.624088287353516,48.27641677856445,-1.0046571493148804,49.281070709228516,-0.9996306896209717,0.9999998211860657,0.0
136,1,-0.11698377132415771,0.9900000095367432,44.624088287353516,47.5025749206543,49.10635757446289,-0.9438090324401855,50.05016326904297,-0.9995285272598267,0.9999812245368958,0.0
136,2,-0.11701202392578125,0.9900000095367432,47.5025749206543,48.18061447143555,49.8372802734375,-0.8791337013244629,50.71641159057617,-0.9986054301261902,0.9999548196792603,0.0
136,3,-0.11687934398651123,0.9900000095367432,48.18061447143555,49.618404388427734,50.57878875732422,-0.810336709022522,51.38912582397461,-0.9968661069869995,1.0,0.0
136,4,-0.11571717262268066,0.9900000095367432,49.618404388427734,50.52003860473633,51.29139709472656,-0.7373284101486206,52.028724670410156,-0.982052743434906,0.9999995231628418,0.0
136,5,-0.11128056049346924,0.9900000095367432,50.52003860473633,50.788658142089844,52.00040054321289,-0.6609369516372681,52.66133499145508,-0.9320501089096069,0.9999937415122986,0.0
136,6,-0.09792482852935791,0.9900000095367432,50.788658142089844,51.47189712524414,52.73540115356445,-0.5844299793243408,53.319828033447266,-0.2236134558916092,0.999996542930603,5.960464477539063e-08
136,7,-0.061672572046518326,0.9900000095367432,51.47189712524414,53.31739044189453,53.46673583984375,-0.51728355884552,53.98401641845703,0.9686668515205383,0.9999964237213135,0.0
136,8,-0.06166291609406471,0.9900000095367432,53.31739044189453,54.02933883666992,54.10866165161133,-0.4844348430633545,54.59309387207031,0.9941317439079285,0.9999977350234985,0.0
136,9,-0.07213783264160156,0.9900000095367432,54.02933883666992,54.428184509277344,54.75372314453125,-0.4495182931423187,55.2032356262207,0.9231479167938232,0.9999588131904602,0.0
136,10,-0.09924077987670898,0.9900000095367432,54.428184509277344,54.390689849853516,55.42973327636719,-0.40125516057014465,55.83098602294922,0.14201822876930237,0.9999951124191284,0.0
136,11,-0.08984756469726562,0.9900000095367432,54.390689849853516,55.09521484375,56.17930221557617,-0.32112109661102295,56.500423431396484,0.49670732021331787,0.9999969005584717,0.0
136,12,-0.0895007848739624,0.9900000095367432,55.09521484375,56.48320388793945,56.92922592163086,-0.24590487778186798,57.17512893676758,0.5008682012557983,0.9999985694885254,0.0
136,13,-0.08976233005523682,0.9900000095367432,56.48320388793945,57.62443923950195,57.65317153930664,-0.16629888117313385,57.8194694519043,0.19144107401371002,1.0,0.0
136,14,-0.08137857913970947,0.9900000095367432,57.62443923950195,59.034854888916016,58.363128662109375,-0.08137857913970947,58.44450759887695,0.23521384596824646,0.9999988079071045,0.0
137,0,0.035147663205862045,0.9900000095367432,84.55237579345703,81.02037811279297,85.2306900024414,8.658048629760742,76.57263946533203,0.999994695186615,0.9999778270721436,0.0
137,1,0.25142908096313477,0.9900000095367432,81.02037811279297,81.01581573486328,86.32113647460938,9.16842269897461,77.15271759033203,0.9999988079071045,0.9999905824661255,0.0
137,2,0.5316516160964966,0.9900000095367432,81.01581573486328,83.30194854736328,87.2508544921875,9.481120109558105,77.76973724365234,0.9999147653579712,0.9999983310699463,0.0
137,3,0.7933486700057983,0.9900000095367432,83.30194854736328,85.9626235961914,87.82111358642578,9.515649795532227,78.30546569824219,0.986836850643158,0.9999996423721313,0.0
137,4,0.9883459210395813,0.9900000095367432,85.9626235961914,86.42222595214844,88.0091552734375,9.2741117477417,78.73504638671875,-0.41046276688575745,0.9999999403953552,0.0
137,5,1.1219396591186523,0.9900000095367432,86.42222595214844,88.8318099975586,87.97757720947266,8.809958457946777,79.16761779785156,-0.9203040599822998,0.9999997615814209,0.0
137,6,1.2072117328643799,0.9900000095367432,88.8318099975586,90.2591323852539,87.67513275146484,8.174395561218262,79.50074005126953,-0.9865477681159973,0.999996542930603,0.0
137,7,1.21083402633667,0.9900000095367432,90.2591323852539,91.20636749267578,87.1877670288086,7.407957553863525,79.77981567382812,-0.9904909729957581,0.9999994039535522,0.0
137,8,1.1525518894195557,0.9900000095367432,91.20636749267578,91.67446899414062,86.6158676147461,6.589179992675781,80.02668762207031,-0.9873400330543518,0.9999986886978149,0.0
137,9,1.1099679470062256,0.9900000095367432,91.67446899414062,91.44603729248047,86.04511260986328,5.780571937561035,80.26454162597656,-0.8917269110679626,0.9999604821205139,0.0
137,10,1.16396164894104,0.9900000095367432,91.44603729248047,90.47969818115234,85.49555206298828,4.966086387634277,80.52946472167969,0.7932378053665161,0.9999963045120239,0.0
137,11,1.1580514907836914,0.9900000095367432,90.47969818115234,87.84354400634766,84.90467071533203,4.042663097381592,80.86200714111328,0.9993841648101807,0.9999963045120239,0.0
137,12,1.158252239227295,0.9900000095367432,87.84354400634766,85.71654510498047,84.42144012451172,3.0671043395996094,81.35433959960938,0.9041929841041565,0.9999890327453613,0.0
137,13,1.076343297958374,0.9900000095367432,85.71654510498047,83.9179458618164,84.01937103271484,2.029614210128784,81.98976135253906,-0.9241635799407959,0.9999997019767761,0.0
137,14,1.0135788917541504,0.9900000095367432,83.9179458618164,83.59600067138672,83.77362060546875,1.0135788917541504,82.76004028320312,-0.612063467502594,0.9999995231628418,0.0
138,0,-0.11554145812988281,0.9900000095367432,51.52149200439453,49.5908088684082,48.087242126464844,-0.8657525777816772,48.95299530029297,-1.0,1.0,0.0
138,1,-0.11343026161193848,0.9900000095367432,49.5908088684082,50.59169006347656,48.64225387573242,-0.797672688961029,49.43992233276367,-1.0,1.0,0.0
138,2,-0.11274003982543945,0.9900000095367432,50.59169006347656,50.33396530151367,49.17745590209961,-0.7275304794311523,49.90498352050781,-1.0,0.9999998807907104,0.0
138,3,-0.11165416240692139,0.9900000095367432,50.33396530151367,50.24478530883789,49.75934600830078,-0.653684675693512,50.413028717041016,-1.0,1.0,0.0
138,4,-0.11071920394897461,0.9900000095367432,50.24478530883789,50.72151565551758,50.381587982177734,-0.5763216614723206,50.95791244506836,-1.0,0.9999998807907104,0.0
138,5,-0.10939908027648926,0.9900000095367432,50.72151565551758,51.409645080566406,51.01710891723633,-0.49505841732025146,51.512168884277344,-1.0,0.9999994039535522,0.0
138,6,-0.10697543621063232,0.9900000095367432,51.409645080566406,52.41289520263672,51.655216217041016,-0.41005778312683105,52.06527328491211,-1.0,0.9999997615814209,0.0
138,7,-0.10033285617828369,0.9900000095367432,52.41289520263672,53.269771575927734,52.278316497802734,-0.3222566246986389,52.60056686401367,-0.9999995827674866,0.9999934434890747,0.0
138,8,-0.08524549007415771,0.9900000095367432,53.269771575927734,53.782901763916016,52.888671875,-0.2359636276960373,53.12462615966797,-0.999981164932251,0.9999982714653015,0.0
138,9,-0.06334841251373291,0.9900000095367432,53.782901763916016,53.87166976928711,53.494598388671875,-0.16025321185588837,53.65483856201172,-0.9987399578094482,0.9999673962593079,0.0
138,10,-0.03788900747895241,0.9900000095367432,53.87166976928711,53.7617301940918,54.11089324951172,-0.10303540527820587,54.21392059326172,-0.9344937801361084,0.9999148845672607,0.0
138,11,-0.002209428697824478,0.9900000095367432,53.7617301940918,54.69163131713867,54.74489212036133,-0.06926783919334412,54.81415557861328,0.2929142117500305,0.999997079372406,0.0
138,12,-0.004101160913705826,0.9900000095367432,54.69163131713867,55.6657600402832,55.33212661743164,-0.07130080461502075,55.40342330932617,0.999504029750824,0.9999566078186035,0.0
138,13,-0.028590921312570572,0.9900000095367432,55.6657600402832,56.465763092041016,55.907257080078125,-0.07145097851753235,55.978702545166016,0.9997677803039551,0.9999975562095642,0.0
138,14,-0.045571569353342056,0.9900000095367432,56.465763092041016,57.11946487426758,56.50270080566406,-0.045571569353342056,56.54827117919922,0.9966470003128052,0.9999903440475464,0.0
139,0,-0.115744948387146,0.9900000095367432,52.80503463745117,51.96294021606445,52.148929595947266,-1.0850638151168823,53.23398971557617,-0.9999937415122986,0.9999926090240479,0.0
139,1,-0.11486303806304932,0.9900000095367432,51.96294021606445,53.97134780883789,52.836265563964844,-1.030642032623291,53.86690139770508,-0.9999957084655762,0.999989926815033,0.0
139,2,-0.11497735977172852,0.9900000095367432,53.97134780883789,54.03086471557617,53.460445404052734,-0.9737151265144348,54.43415451049805,-0.999997615814209,0.9999867677688599,0.0
139,3,-0.11541807651519775,0.9900000095367432,54.03086471557617,54.37223815917969,54.12110137939453,-0.9130651354789734,55.03416061401367,-0.999998927116394,0.9999899864196777,0.0
139,4,-0.11596918106079102,0.9900000095367432,54.37223815917969,54.780879974365234,54.806053161621094,-0.8481096029281616,55.65415573120117,-0.9999993443489075,0.9999871253967285,0.0
139,5,-0.11648321151733398,0.9900000095367432,54.780879974365234,55.57293701171875,55.51342010498047,-0.7784587144851685,56.2918701171875,-0.9999992251396179,0.9999949336051941,0.0
139,6,-0.11594557762145996,0.9900000095367432,55.57293701171875,56.4164924621582,56.224388122558594,-0.7038548588752747,56.92823791503906,-0.9999982118606567,0.9999793767929077,2.9802322387695312e-08
139,7,-0.11247467994689941,0.9900000095367432,56.4164924621582,57.14786148071289,56.935367584228516,-0.6251028776168823,57.56047058105469,-0.9999914169311523,0.9998945593833923,2.9802322387695312e-08
139,8,-0.10645818710327148,0.9900000095367432,57.14786148071289,57.79429626464844,57.64915084838867,-0.5450592041015625,58.19420623779297,-0.9998459219932556,0.9999963045120239,1.7881393432617188e-07
139,9,-0.09927618503570557,0.9900000095367432,57.79429626464844,58.40742111206055,58.36766815185547,-0.4663487374782562,58.83401107788086,-0.9916527271270752,0.9999662637710571,8.940696716308594e-08
139,10,-0.09119367599487305,0.9900000095367432,58.40742111206055,58.9481086730957,59.09173583984375,-0.3902951180934906,59.482025146484375,-0.7813590168952942,0.9993880987167358,6.556510925292969e-07
139,11,-0.07307589054107666,0.9900000095367432,58.9481086730957,59.501888275146484,59.82455825805664,-0.3180238604545593,60.142574310302734,0.7114531397819519,0.9972817897796631,8.940696716308594e-08
139,12,-0.08254003524780273,0.9900000095367432,59.501888275146484,60.498600006103516,60.55533218383789,-0.26044440269470215,60.815773010253906,0.9963784217834473,0.999952495098114,8.940696716308594e-08
139,13,-0.0930548906326294,0.9900000095367432,60.498600006103516,61.77949523925781,61.28994369506836,-0.1891593337059021,61.47909927368164,0.9704902768135071,0.999923586845398,1.7881393432617188e-07
139,14,-0.10218441486358643,0.9900000095367432,61.77949523925781,62.744422912597656,62.014793395996094,-0.10218441486358643,62.11697769165039,0.3779699206352234,0.9999865293502808,2.9802322387695312e-08
140,0,-0.11970913410186768,0.9900000095367432,37.23944854736328,38.074462890625,34.583702087402344,-1.1758859157562256,35.75958251953125,-0.9999997019767761,0.9999715089797974,2.652406692504883e-06
140,1,-0.11959517002105713,0.9900000095367432,38.074462890625,38.003902435302734,34.89497756958008,-1.1229948997497559,36.01796340942383,-1.0,0.9999520778656006,8.940696716308594e-08
140,2,-0.11918747425079346,0.9900000095367432,38.003902435302734,37.07098388671875,35.22953796386719,-1.0668790340423584,36.29640579223633,-0.9999999403953552,0.9999815225601196,1.1324882507324219e-06
140,3,-0.11863899230957031,0.9900000095367432,37.07098388671875,36.47491455078125,35.63392639160156,-1.0076465606689453,36.641563415527344,-0.9999985694885254,0.9999986886978149,1.6689300537109375e-06
140,4,-0.11794090270996094,0.9900000095367432,36.47491455078125,35.7949333190918,36.094688415527344,-0.9452499747276306,37.03993225097656,-0.9999541640281677,0.9999731779098511,2.384185791015625e-07
140,5,-0.11725139617919922,0.9900000095367432,35.7949333190918,35.339778900146484,36.61964797973633,-0.8796480894088745,37.49929428100586,-0.9946608543395996,0.9999768733978271,6.556510925292969e-07
140,6,-0.11591541767120361,0.9900000095367432,35.339778900146484,35.30415725708008,37.20104217529297,-0.81062912940979,38.01166915893555,-0.574872612953186,0.9999179840087891,1.0132789611816406e-06
140,7,-0.10856056213378906,0.9900000095367432,35.30415725708008,37.844017028808594,37.819671630859375,-0.7386642694473267,38.55833435058594,0.9822058081626892,0.9997789859771729,1.1622905731201172e-06
140,8,-0.10850310325622559,0.9900000095367432,37.844017028808594,39.65999221801758,38.33594512939453,-0.6699667572975159,39.00590515136719,0.9999740719795227,0.9990909099578857,5.960464477539063e-08
140,9,-0.10995674133300781,0.9900000095367432,39.65999221801758,41.76860427856445,38.78923797607422,-0.5969842076301575,39.38621520996094,0.9999479055404663,0.997704267501831,0.0
140,10,-0.11257684230804443,0.9900000095367432,41.76860427856445,43.48835372924805,39.161773681640625,-0.5178388953208923,39.67960739135742,0.9993382096290588,0.9981821775436401,0.0
140,11,-0.11536574363708496,0.9900000095367432,43.48835372924805,44.57958984375,39.47014617919922,-0.4309006333351135,39.90104293823242,0.9551535844802856,0.9999896287918091,0.0
140,12,-0.11912238597869873,0.9900000095367432,44.57958984375,41.53529739379883,39.743560791015625,-0.3354969620704651,40.07905578613281,-0.5994800925254822,0.9999959468841553,0.0
140,13,-0.11903488636016846,0.9900000095367432,41.53529739379883,41.41396713256836,40.1984977722168,-0.23006334900856018,40.428558349609375,-0.9911660552024841,0.9999958872795105,0.0
140,14,-0.11805260181427002,0.9900000095367432,41.41396713256836,41.21874237060547,40.68850326538086,-0.11805260181427002,40.806556701660156,-0.9738903641700745,0.9999990463256836,0.0
141,0,-0.1180797815322876,0.9900000095367432,18.15967559814453,20.19139289855957,20.485727310180664,-1.1919364929199219,21.677658081054688,1.0,0.9999918341636658,0.0
141,1,-0.11786603927612305,0.9900000095367432,20.19139289855957,22.89790916442871,20.844585418701172,-1.1417933702468872,21.986373901367188,1.0,0.9996734857559204,2.9802322387695312e-08
141,2,-0.1178138256072998,0.9900000095367432,22.89790916442871,24.337501525878906,21.083473205566406,-1.08870530128479,22.172170639038086,0.9999997615814209,0.9999842643737793,2.9802322387695312e-08
141,3,-0.11770498752593994,0.9900000095367432,24.337501525878906,24.78872299194336,21.261646270751953,-1.0323141813278198,22.293954849243164,0.9999926686286926,0.9999819993972778,0.0
141,4,-0.11764156818389893,0.9900000095367432,24.78872299194336,24.876937866210938,21.427227020263672,-0.9724712371826172,22.399694442749023,0.9999427199363708,0.9999518394470215,0.0
141,5,-0.11755847930908203,0.9900000095367432,24.876937866210938,24.696455001831055,21.598575592041016,-0.908909797668457,22.50748062133789,0.9994757175445557,0.9999892711639404,0.0
141,6,-0.11748898029327393,0.9900000095367432,24.696455001831055,24.447399139404297,21.790172576904297,-0.8414155840873718,22.6315860748291,0.9971941709518433,0.9999985694885254,0.0
141,7,-0.11742842197418213,0.9900000095367432,24.447399139404297,24.16606903076172,22.006925582885742,-0.7697252035140991,22.776649475097656,0.9709479808807373,0.9999808073043823,0.0
141,8,-0.11744809150695801,0.9900000095367432,24.16606903076172,23.956867218017578,22.25213623046875,-0.6935638785362244,22.945697784423828,0.8762389421463013,0.9999987483024597,0.0
141,9,-0.11770236492156982,0.9900000095367432,23.956867218017578,23.874000549316406,22.52389144897461,-0.6125632524490356,23.136451721191406,0.595324695110321,0.9999921917915344,0.0
141,10,-0.11793279647827148,0.9900000095367432,23.874000549316406,24.021484375,22.817468643188477,-0.5261678695678711,23.34363555908203,0.4019509255886078,0.9999977350234985,0.0
141,11,-0.11831116676330566,0.9900000095367432,24.021484375,24.121673583984375,23.122102737426758,-0.4340617060661316,23.556163787841797,0.09195131808519363,0.9999983906745911,0.0
141,12,-0.1186133623123169,0.9900000095367432,24.121673583984375,24.333961486816406,23.441137313842773,-0.33572623133659363,23.776865005493164,-0.12364895641803741,0.9999947547912598,0.0
141,13,-0.11891555786132812,0.9900000095367432,24.333961486816406,24.36055564880371,23.769506454467773,-0.23084835708141327,24.000354766845703,-0.4999784529209137,0.9999942183494568,0.0
141,14,-0.11901414394378662,0.9900000095367432,24.36055564880371,24.481399536132812,24.117570877075195,-0.11901414394378662,24.23658561706543,-0.8334755897521973,0.9999977946281433,0.0
142,0,-0.055658940225839615,0.9900000095367432,67.56946563720703,68.86112976074219,66.26504516601562,1.6761292219161987,64.58889770507812,-1.0,0.9963834285736084,0.00042769312858581543
142,1,-0.03339124098420143,0.9900000095367432,68.86112976074219,69.73670196533203,66.89215850830078,1.84134840965271,65.05079650878906,-1.0,0.9994328022003174,0.0004906058311462402
142,2,-0.009989503771066666,0.9900000095367432,69.73670196533203,70.49880981445312,67.48919677734375,1.9933435916900635,65.49583435058594,-1.0,0.9992694854736328,6.935000419616699e-05
142,3,0.0189971886575222,0.9900000095367432,70.49880981445312,71.2063217163086,68.05900573730469,2.130072593688965,65.92891693115234,-1.0,0.9846816062927246,0.00038179755210876465
142,4,0.05372035130858421,0.9900000095367432,71.2063217163086,71.87836456298828,68.5968017578125,2.244630813598633,66.35215759277344,-1.0,0.9989899396896362,0.00012090802192687988
142,5,0.09991276264190674,0.9900000095367432,71.87836456298828,72.41934204101562,69.0963363647461,2.329516887664795,66.76679992675781,-0.9999997019767761,0.962165355682373,0.002785623073577881
142,6,0.15283632278442383,0.9900000095367432,72.41934204101562,72.83374786376953,69.54988098144531,2.3706583976745605,67.17919921875,-0.9999974370002747,0.9998486042022705,5.036592483520508e-06
142,7,0.20858538150787354,0.9900000095367432,72.83374786376953,73.06155395507812,69.95404052734375,2.358130931854248,67.59588623046875,-0.999975860118866,0.999218225479126,2.473592758178711e-05
142,8,0.2613668441772461,0.9900000095367432,73.06155395507812,73.09850311279297,70.3125,2.2855348587036133,68.02694702148438,-0.9997916221618652,0.9963312149047852,2.828240394592285e-05
142,9,0.3108881711959839,0.9900000095367432,73.09850311279297,72.92533111572266,70.63557434082031,2.1522254943847656,68.48333740234375,-0.9979581832885742,0.9773811101913452,0.0002136826515197754
142,10,0.35222482681274414,0.9900000095367432,72.92533111572266,72.54962921142578,70.935546875,1.957828164100647,68.97770690917969,-0.9604406952857971,0.9985558986663818,0.0013522505760192871
142,11,0.4159712791442871,0.9900000095367432,72.54962921142578,71.72517395019531,71.23031616210938,1.7071806192398071,69.52313232421875,-0.08444368094205856,0.9996687173843384,0.00018489360809326172
142,12,0.45679783821105957,0.9900000095367432,71.72517395019531,71.4481430053711,71.51934814453125,1.372896671295166,70.14645385742188,0.9993622899055481,0.9946525692939758,7.271766662597656e-05
142,13,0.4858207702636719,0.9900000095367432,71.4481430053711,71.67713165283203,71.79783630371094,0.9740550518035889,70.82378387451172,0.9999992847442627,0.994135856628418,1.8775463104248047e-06
142,14,0.5191220045089722,0.9900000095367432,71.67713165283203,72.25446319580078,72.05104064941406,0.5191220045089722,71.53192138671875,0.9999995827674866,0.9976775646209717,1.531839370727539e-05
143,0,-0.11393463611602783,0.9900000095367432,52.1080436706543,53.6519889831543,57.717018127441406,-0.5771446824073792,58.29417419433594,-1.0,0.999998927116394,0.0
143,1,-0.11101627349853516,0.9900000095367432,53.6519889831543,56.6038932800293,58.665794372558594,-0.4925146698951721,59.158321380615234,-1.0,0.9999970197677612,5.960464477539063e-08
143,2,-0.10915911197662354,0.9900000095367432,56.6038932800293,58.189815521240234,59.5161247253418,-0.4056335985660553,59.92177200317383,-1.0,0.9999989867210388,0.0
143,3,-0.10630428791046143,0.9900000095367432,58.189815521240234,59.239871978759766,60.334808349609375,-0.31523069739341736,60.650054931640625,-1.0,0.9999937415122986,2.086162567138672e-07
143,4,-0.10305643081665039,0.9900000095367432,59.239871978759766,60.743324279785156,61.1469841003418,-0.2221439778804779,61.369144439697266,-1.0,0.9998789429664612,2.086162567138672e-07
143,5,-0.09416687488555908,0.9900000095367432,60.743324279785156,62.026092529296875,61.92795944213867,-0.1266215294599533,62.054595947265625,-1.0,0.9998979568481445,1.4901161193847656e-07
143,6,-0.07218003273010254,0.9900000095367432,62.026092529296875,63.854087829589844,62.681373596191406,-0.0345078743994236,62.71590042114258,-1.0,0.9999047517776489,2.682209014892578e-07
143,7,-0.04427826777100563,0.9900000095367432,63.854087829589844,65.50284576416016,63.36286926269531,0.04005545750260353,63.32283020019531,-0.9999999403953552,0.9999128580093384,1.1920928955078125e-06
143,8,-0.023628953844308853,0.9900000095367432,65.50284576416016,66.31404876708984,63.97103500366211,0.08966903388500214,63.88138198852539,-0.9999995231628418,0.9990494251251221,9.626150131225586e-06
143,9,-0.01299620047211647,0.9900000095367432,66.31404876708984,66.3065185546875,64.55302429199219,0.12046569585800171,64.43257904052734,-0.9998255968093872,0.9996488094329834,0.0004973411560058594
143,10,-0.009460452944040298,0.9900000095367432,66.3065185546875,66.12881469726562,65.16092681884766,0.14190524816513062,65.01904296875,-0.9936227798461914,0.974116325378418,0.0005548596382141113
143,11,-0.00410938635468483,0.9900000095367432,66.12881469726562,65.87926483154297,65.81288146972656,0.1609417349100113,65.6519546508789,-0.7474045753479004,0.9993521571159363,2.7686357498168945e-05
143,12,0.07605171203613281,0.9900000095367432,65.87926483154297,66.61441802978516,66.5135269165039,0.17549295723438263,66.33804321289062,0.8257302045822144,0.9233999848365784,3.844499588012695e-06
143,13,0.06485235691070557,0.9900000095367432,66.61441802978516,67.64176177978516,67.13456726074219,0.10573232173919678,67.02884674072266,0.9993564486503601,0.9954408407211304,0.00011974573135375977
143,14,0.04346620664000511,0.9900000095367432,67.64176177978516,68.3932113647461,67.75274658203125,0.04346620664000511,67.70928192138672,0.9939345121383667,0.9692100286483765,7.539987564086914e-06
144,0,-0.12011587619781494,0.9900000095367432,19.187803268432617,16.899940490722656,16.26222038269043,-1.2047044038772583,17.4669246673584,1.0,0.9998840093612671,2.980232238769531e-07
144,1,-0.12007367610931396,0.9900000095367432,16.899940490722656,16.641403198242188,16.529281616210938,-1.1532042026519775,17.682485580444336,1.0,0.9998543858528137,0.0
144,2,-0.11998116970062256,0.9900000095367432,16.641403198242188,18.533641815185547,16.826799392700195,-1.098490834236145,17.92529296875,1.0,0.9999856948852539,0.0
144,3,-0.11977112293243408,0.9900000095367432,18.533641815185547,19.631057739257812,17.0434513092041,-1.0404143333435059,18.0838680267334,1.0,0.9998611211776733,0.0
144,4,-0.119545578956604,0.9900000095367432,19.631057739257812,20.283430099487305,17.215829849243164,-0.9788869023323059,18.194717407226562,0.999999463558197,0.9999251961708069,2.9802322387695312e-08
144,5,-0.11925649642944336,0.9900000095367432,20.283430099487305,20.352447509765625,17.364534378051758,-0.91370689868927,18.278242111206055,0.9999733567237854,0.9999988079071045,0.0
144,6,-0.11897051334381104,0.9900000095367432,20.352447509765625,20.244216918945312,17.518709182739258,-0.8447107076644897,18.363420486450195,0.998867928981781,0.9999861121177673,0.0
144,7,-0.11865639686584473,0.9900000095367432,20.244216918945312,19.922473907470703,17.68802833557129,-0.7716535925865173,18.459684371948242,0.978277862071991,0.9999896287918091,0.0
144,8,-0.11849236488342285,0.9900000095367432,19.922473907470703,19.62803077697754,17.884658813476562,-0.6943085193634033,18.578969955444336,0.7621515393257141,0.9999998211860657,0.0
144,9,-0.11844134330749512,0.9900000095367432,19.62803077697754,19.466876983642578,18.109052658081055,-0.612244725227356,18.72130012512207,0.4433268904685974,0.9999977350234985,0.0
144,10,-0.11823761463165283,0.9900000095367432,19.466876983642578,19.201038360595703,18.35607147216797,-0.5250434875488281,18.881114959716797,0.47520557045936584,0.9999998807907104,0.0
144,11,-0.11825847625732422,0.9900000095367432,19.201038360595703,19.006637573242188,18.632492065429688,-0.432542085647583,19.065032958984375,0.20723822712898254,0.9999841451644897,0.0
144,12,-0.11825835704803467,0.9900000095367432,19.006637573242188,19.082908630371094,18.9366512298584,-0.3341664969921112,19.270816802978516,-0.01180301234126091,0.9999982118606567,0.0
144,13,-0.118308424949646,0.9900000095367432,19.082908630371094,19.353471755981445,19.256040573120117,-0.22956740856170654,19.485607147216797,-0.26539531350135803,0.9999881982803345,0.0
144,14,-0.11829769611358643,0.9900000095367432,19.353471755981445,19.89873504638672,19.58144760131836,-0.11829769611358643,19.699745178222656,-0.6438138484954834,0.9999988079071045,0.0
145,0,0.8191738128662109,0.9900000095367432,94.17610931396484,92.67772674560547,99.02984619140625,9.161250114440918,89.86859893798828,-1.0,1.0,0.0
145,1,0.8330850601196289,0.9900000095367432,92.67772674560547,95.7020492553711,99.5461196899414,8.869831085205078,90.67628479003906,-1.0,0.9999999403953552,0.0
145,2,0.8183947801589966,0.9900000095367432,95.7020492553711,97.84671783447266,99.92108917236328,8.545185089111328,91.37590026855469,-1.0,1.0,0.0
145,3,0.8254309892654419,0.9900000095367432,97.84671783447266,100.40315246582031,100.22252655029297,8.215619087219238,92.00690460205078,-1.0,0.999999463558197,0.0
145,4,0.8936350345611572,0.9900000095367432,100.40315246582031,101.63968658447266,100.4010009765625,7.857722282409668,92.54327392578125,-0.999999463558197,0.9999979734420776,0.0
145,5,0.928626537322998,0.9900000095367432,101.63968658447266,101.48426055908203,100.45316314697266,7.404665470123291,93.04849243164062,-0.9997766017913818,0.9999364018440247,0.0
145,6,0.9550707936286926,0.9900000095367432,101.48426055908203,100.69412231445312,100.47959899902344,6.885740280151367,93.59385681152344,-0.8820456862449646,0.9999785423278809,0.0
145,7,1.0025293827056885,0.9900000095367432,100.69412231445312,101.1852798461914,100.52117919921875,6.305868148803711,94.2153091430664,0.9029176235198975,0.9999932050704956,0.0
145,8,0.9540219902992249,0.9900000095367432,101.1852798461914,100.72643280029297,100.48907470703125,5.638850212097168,94.85022735595703,0.9999987483024597,0.9982566833496094,8.940696716308594e-08
145,9,0.9543159604072571,0.9900000095367432,100.72643280029297,100.50508117675781,100.5306625366211,4.981210231781006,95.5494613647461,0.9999990463256836,0.9999952912330627,0.0
145,10,0.9528658986091614,0.9900000095367432,100.50508117675781,100.89796447753906,100.58622741699219,4.281652450561523,96.3045883178711,0.9999887347221375,0.9999557733535767,0.0
145,11,0.9673941731452942,0.9900000095367432,100.89796447753906,101.01204681396484,100.62616729736328,3.539379835128784,97.08679962158203,0.999202311038971,0.9999995827674866,2.9802322387695312e-08
145,12,0.9885841012001038,0.9900000095367432,101.01204681396484,100.94487762451172,100.64718627929688,2.7347002029418945,97.9124984741211,0.9341439604759216,0.9999996423721313,0.0
145,13,0.9371680021286011,0.9900000095367432,100.94487762451172,99.8901138305664,100.65054321289062,1.8565826416015625,98.7939682006836,-0.3914985656738281,0.9999998211860657,0.0
145,14,0.9775806069374084,0.9900000095367432,99.8901138305664,100.7946548461914,100.76428985595703,0.9775806069374084,99.78671264648438,0.11638797074556351,1.0,0.0
146,0,-0.10848116874694824,0.9900000095367432,53.2572135925293,50.84375,47.932621002197266,-1.0790464878082275,49.01167297363281,-0.9974251389503479,0.9999997615814209,0.0
146,1,-0.11058402061462402,0.9900000095367432,50.84375,52.262115478515625,48.40439987182617,-1.0319674015045166,49.43637466430664,-0.9979879260063171,0.9999735355377197,0.0
146,2,-0.11379396915435791,0.9900000095367432,52.262115478515625,52.05864334106445,48.83361053466797,-0.9796740412712097,49.813289642333984,-0.9922803640365601,0.9999985694885254,0.0
146,3,-0.11547613143920898,0.9900000095367432,52.05864334106445,51.98874282836914,49.30409622192383,-0.9206593036651611,50.22475814819336,-0.9941345453262329,0.9999972581863403,0.0
146,4,-0.11640584468841553,0.9900000095367432,51.98874282836914,52.24034881591797,49.809810638427734,-0.8561224937438965,50.66593933105469,-0.9964357018470764,0.9999970197677612,0.0
146,5,-0.11672425270080566,0.9900000095367432,52.24034881591797,52.79127883911133,50.33526611328125,-0.7865142226219177,51.121788024902344,-0.9973069429397583,0.9999990463256836,0.0
146,6,-0.1157979965209961,0.9900000095367432,52.79127883911133,53.28649139404297,50.86531066894531,-0.7121636867523193,51.577476501464844,-0.9973011612892151,0.9999668598175049,0.0
146,7,-0.11155331134796143,0.9900000095367432,53.28649139404297,53.19173049926758,51.40183639526367,-0.6340942978858948,52.03593444824219,-0.9926363229751587,0.9999982118606567,2.9802322387695312e-08
146,8,-0.1046445369720459,0.9900000095367432,53.19173049926758,53.47243118286133,51.9727783203125,-0.5555990934371948,52.52838134765625,-0.872542679309845,0.9999633431434631,0.0
146,9,-0.0731055736541748,0.9900000095367432,53.47243118286133,56.612632751464844,52.55772399902344,-0.47948384284973145,53.037208557128906,0.8470532894134521,0.999988317489624,5.960464477539063e-08
146,10,-0.0808262825012207,0.9900000095367432,56.612632751464844,57.183467864990234,52.980865478515625,-0.4320874810218811,53.4129524230957,0.999602198600769,0.999875545501709,5.960464477539063e-08
146,11,-0.09089016914367676,0.9900000095367432,57.183467864990234,57.25129318237305,53.40894317626953,-0.37348344922065735,53.78242492675781,0.9986984133720398,0.9991507530212402,5.960464477539063e-08
146,12,-0.10003769397735596,0.9900000095367432,57.25129318237305,56.89724349975586,53.87123107910156,-0.30047130584716797,54.17169952392578,0.9801644682884216,0.9999610185623169,1.4901161193847656e-07
146,13,-0.10762441158294678,0.9900000095367432,56.89724349975586,56.071720123291016,54.39112091064453,-0.21311387419700623,54.6042366027832,0.731591522693634,0.9999947547912598,0.0
146,14,-0.11216318607330322,0.9900000095367432,56.071720123291016,55.66422653198242,54.99542236328125,-0.11216318607330322,55.10758590698242,0.34686288237571716,0.9999810457229614,0.0
147,0,0.3488631248474121,0.9900000095367432,65.06561279296875,67.54292297363281,71.83141326904297,3.0369393825531006,68.79446411132812,1.0,0.999940037727356,1.1920928955078125e-07
147,1,0.3273470401763916,0.9900000095367432,67.54292297363281,69.14827728271484,72.449951171875,2.858135461807251,69.59180450439453,0.9999999403953552,0.9999974370002747,0.0
147,2,0.3137776851654053,0.9900000095367432,69.14827728271484,70.55970001220703,73.0459976196289,2.69089674949646,70.35509490966797,0.999960720539093,0.9999938011169434,0.0
147,3,0.31375646591186523,0.9900000095367432,70.55970001220703,71.76032257080078,73.6198959350586,2.52750563621521,71.0923843383789,0.9883254170417786,0.999996542930603,0.0
147,4,0.23555731773376465,0.9900000095367432,71.76032257080078,71.76045227050781,74.16693878173828,2.3538002967834473,71.8131332397461,0.29023277759552,0.9999992847442627,0.0
147,5,0.18772435188293457,0.9900000095367432,71.76045227050781,72.48412322998047,74.83172607421875,2.2522521018981934,72.57947540283203,-0.44254374504089355,0.9999998807907104,0.0
147,6,0.1886756420135498,0.9900000095367432,72.48412322998047,74.24689483642578,75.55134582519531,2.195138454437256,73.356201171875,-0.5058174133300781,0.9999997615814209,0.0
147,7,0.19857442378997803,0.9900000095367432,74.24689483642578,75.31744384765625,76.22270202636719,2.1334002017974854,74.08930206298828,-0.45096689462661743,0.9999958276748657,0.0
147,8,0.24484682083129883,0.9900000095367432,75.31744384765625,76.06366729736328,76.86965942382812,2.0572309494018555,74.81243133544922,-0.2585422098636627,0.9999985694885254,0.0
147,9,0.3192923069000244,0.9900000095367432,76.06366729736328,76.3951187133789,77.46906280517578,1.9270431995391846,75.54203033447266,0.0749124139547348,0.9999829530715942,0.0
147,10,0.3632354736328125,0.9900000095367432,76.3951187133789,76.69412994384766,78.00979614257812,1.7094639539718628,76.30034637451172,0.26989319920539856,0.999998927116394,0.0
147,11,0.38344597816467285,0.9900000095367432,76.69412994384766,77.23481750488281,78.52227783203125,1.431396484375,77.09088897705078,0.270590603351593,0.9999982118606567,0.0
147,12,0.39430809020996094,0.9900000095367432,77.23481750488281,78.12164306640625,79.01724243164062,1.114248275756836,77.90299224853516,0.1554429829120636,0.9999996423721313,0.0
147,13,0.387160062789917,0.9900000095367432,78.12164306640625,79.09610748291016,79.48528289794922,0.7654867172241211,78.71979522705078,-0.13228553533554077,0.9999991655349731,0.0
147,14,0.40226125717163086,0.9900000095367432,79.09610748291016,80.34040069580078,79.93925476074219,0.40226125717163086,79.53699493408203,-0.12085928022861481,0.9999991655349731,0.0
148,0,-0.03970861807465553,0.9900000095367432,55.901058197021484,59.20085525512695,59.7465705871582,1.1518255472183228,58.59474182128906,1.0,0.999984860420227,0.0
148,1,-0.020272497087717056,0.9900000095367432,59.20085525512695,59.77755355834961,60.45277786254883,1.2669156789779663,59.18585968017578,1.0,0.9999757409095764,0.0
148,2,0.015752550214529037,0.9900000095367432,59.77755355834961,61.30623245239258,61.152645111083984,1.3686211109161377,59.784019470214844,1.0,0.9999809265136719,0.0
148,3,0.06707215309143066,0.9900000095367432,61.30623245239258,61.58898162841797,61.77802658081055,1.4384567737579346,60.33956527709961,0.9999998807907104,0.9999996423721313,0.0
148,4,0.10755717754364014,0.9900000095367432,61.58898162841797,61.542869567871094,62.37351989746094,1.458144187927246,60.915374755859375,0.9999986886978149,0.9999992847442627,0.0
148,5,0.1386268138885498,0.9900000095367432,61.542869567871094,60.9388427734375,62.96607208251953,1.4360308647155762,61.5300407409668,0.9999935030937195,0.9999939203262329,0.0
148,6,0.15565896034240723,0.9900000095367432,60.9388427734375,60.61008071899414,63.59486770629883,1.3794832229614258,62.21538162231445,0.9999854564666748,0.9999998807907104,0.0
148,7,0.17082738876342773,0.9900000095367432,60.61008071899414,60.71976089477539,64.26264190673828,1.301248550415039,62.961387634277344,0.9999850392341614,0.9999998807907104,0.0
148,8,0.18769383430480957,0.9900000095367432,60.71976089477539,61.528778076171875,64.95075225830078,1.2019363641738892,63.748817443847656,0.9999890327453613,0.9999561309814453,0.0
148,9,0.2058727741241455,0.9900000095367432,61.528778076171875,62.83359146118164,65.62189483642578,1.0784077644348145,64.54348754882812,0.9999876022338867,0.9999986886978149,0.0
148,10,0.21811938285827637,0.9900000095367432,62.83359146118164,64.41252899169922,66.24748229980469,0.9277352690696716,65.31974792480469,0.9999885559082031,0.9999997615814209,0.0
148,11,0.22123336791992188,0.9900000095367432,64.41252899169922,65.93453979492188,66.8165283203125,0.7545091509819031,66.06201934814453,0.9999822974205017,0.9999966621398926,0.0
148,12,0.21423065662384033,0.9900000095367432,65.93453979492188,67.21818542480469,67.3381576538086,0.5670130252838135,66.7711410522461,0.9999728798866272,0.9999995231628418,0.0
148,13,0.20064425468444824,0.9900000095367432,67.21818542480469,68.17156982421875,67.8326644897461,0.37510085105895996,67.45756530761719,0.9999393224716187,0.9999988675117493,0.0
148,14,0.18549346923828125,0.9900000095367432,68.17156982421875,68.82549285888672,68.3227310180664,0.18549346923828125,68.13723754882812,0.9998878240585327,0.9999969601631165,0.0
149,0,-0.08748090267181396,0.9900000095367432,27.2781925201416,28.657766342163086,30.520038604736328,-1.0286020040512085,31.54863929748535,0.9999153017997742,0.9992401599884033,9.864568710327148e-06
149,1,-0.08719074726104736,0.9900000095367432,28.657766342163086,30.90656280517578,31.03557586669922,-1.0006604194641113,32.03623580932617,0.9975682497024536,0.9998993873596191,8.940696716308594e-08
149,2,-0.0911027193069458,0.9900000095367432,30.90656280517578,33.35251235961914,31.465063095092773,-0.9712597131729126,32.43632125854492,0.7907896041870117,0.9996594786643982,5.960464477539063e-08
149,3,-0.09563291072845459,0.9900000095367432,33.35251235961914,35.02920913696289,31.79714584350586,-0.9358394145965576,32.73298645019531,0.5161307454109192,0.9999821782112122,3.2782554626464844e-07
149,4,-0.09989535808563232,0.9900000095367432,35.02920913696289,35.98433303833008,32.06680679321289,-0.893361508846283,32.96017074584961,0.72663813829422,0.9997640252113342,1.3709068298339844e-06
149,5,-0.10449302196502686,0.9900000095367432,35.98433303833008,36.61661148071289,32.30779266357422,-0.8436641693115234,33.151458740234375,0.6628504395484924,0.9999949336051941,8.940696716308594e-08
149,6,-0.10782194137573242,0.9900000095367432,36.61661148071289,37.04539108276367,32.5356330871582,-0.7859342694282532,33.32156753540039,0.5781024098396301,0.999903678894043,2.9802322387695312e-08
149,7,-0.10994589328765869,0.9900000095367432,37.04539108276367,37.235923767089844,32.75886154174805,-0.721012532711029,33.47987365722656,0.39678943157196045,0.9999997615814209,0.0
149,8,-0.11065793037414551,0.9900000095367432,37.235923767089844,36.7357177734375,32.988441467285156,-0.6497252583503723,33.63816833496094,0.599755585193634,0.9999948740005493,0.0
149,9,-0.11130833625793457,0.9900000095367432,36.7357177734375,36.59998321533203,33.25962829589844,-0.5731710195541382,33.832801818847656,0.4248639643192291,0.9999842643737793,0.0
149,10,-0.11135387420654297,0.9900000095367432,36.59998321533203,36.38882064819336,33.555809020996094,-0.4910820722579956,34.04689407348633,0.2989431321620941,0.9999996423721313,0.0
149,11,-0.11109435558319092,0.9900000095367432,36.38882064819336,36.12313461303711,33.88188934326172,-0.4037514328956604,34.285640716552734,0.25098761916160583,0.9999980926513672,2.9802322387695312e-08
149,12,-0.11069464683532715,0.9900000095367432,36.12313461303711,35.8752326965332,34.2423095703125,-0.3111717998981476,34.5534782409668,0.18330182135105133,0.9999785423278809,8.940696716308594e-08
149,13,-0.11004197597503662,0.9900000095367432,35.8752326965332,35.513248443603516,34.63814926147461,-0.2131601870059967,34.8513069152832,0.19380813837051392,0.9999977350234985,0.0
149,14,-0.1096419095993042,0.9900000095367432,35.513248443603516,35.54245376586914,35.077388763427734,-0.1096419095993042,35.18703079223633,-0.04570756107568741,0.9999957084655762,0.0
150,0,-0.10964822769165039,0.9900000095367432,52.44091033935547,54.450809478759766,51.319122314453125,-0.9902248978614807,52.309349060058594,0.999956488609314,0.9964878559112549,1.9997358322143555e-05
150,1,-0.1097567081451416,0.9900000095367432,54.450809478759766,53.694095611572266,51.8165397644043,-0.9362856149673462,52.75282669067383,0.9999990463256836,0.9988813400268555,5.334615707397461e-06
150,2,-0.10445058345794678,0.9900000095367432,53.694095611572266,54.10676574707031,52.38536834716797,-0.8788186311721802,53.264190673828125,0.9997692108154297,0.9997678399085999,2.384185791015625e-07
150,3,-0.09765303134918213,0.9900000095367432,54.10676574707031,54.09098434448242,52.96282196044922,-0.823357880115509,53.78618240356445,0.803596556186676,0.9997166395187378,1.7881393432617188e-07
150,4,-0.1068040132522583,0.9900000095367432,54.09098434448242,51.02519607543945,53.570411682128906,-0.7716160416603088,54.3420295715332,-0.989379346370697,0.999976634979248,2.9802322387695312e-08
150,5,-0.10459780693054199,0.9900000095367432,51.02519607543945,51.47404861450195,54.38752746582031,-0.7068707942962646,55.094398498535156,-0.9999954104423523,0.9999909996986389,2.9802322387695312e-08
150,6,-0.09924447536468506,0.9900000095367432,51.47404861450195,51.74765396118164,55.230369567871094,-0.6403753161430359,55.8707389831543,-0.9999708533287048,0.9998864531517029,0.0
150,7,-0.09138858318328857,0.9900000095367432,51.74765396118164,52.64743423461914,56.1064338684082,-0.5753650665283203,56.68179702758789,-0.9985486268997192,0.9999910593032837,2.9802322387695312e-08
150,8,-0.08289194107055664,0.9900000095367432,52.64743423461914,54.1098518371582,56.982215881347656,-0.5145949125289917,57.49681091308594,-0.6801043748855591,0.9999986886978149,1.4901161193847656e-07
150,9,-0.052015308290719986,0.9900000095367432,54.1098518371582,57.93821716308594,57.82740020751953,-0.45901432633399963,58.286415100097656,0.970815896987915,0.9999966621398926,0.0
150,10,-0.07522988319396973,0.9900000095367432,57.93821716308594,59.55166244506836,58.49173355102539,-0.4327475130558014,58.92448043823242,0.9996017217636108,0.9999995827674866,0.0
150,11,-0.09152877330780029,0.9900000095367432,59.55166244506836,61.23511505126953,59.137855529785156,-0.380135715007782,59.51799011230469,0.9810546636581421,0.9999986886978149,5.960464477539063e-08
150,12,-0.11018204689025879,0.9900000095367432,61.23511505126953,60.519630432128906,59.75358200073242,-0.3068654537200928,60.060447692871094,-0.214185893535614,0.9999992847442627,0.0
150,13,-0.11148428916931152,0.9900000095367432,60.519630432128906,60.86764907836914,60.465755462646484,-0.20912641286849976,60.67488098144531,-0.9115809202194214,0.9999775886535645,0.0
150,14,-0.10381937026977539,0.9900000095367432,60.86764907836914,61.929161071777344,61.206050872802734,-0.10381937026977539,61.309871673583984,-0.8709270358085632,0.9992339611053467,0.0
151,0,0.5043219327926636,0.9900000095367432,63.54153823852539,63.30349349975586,64.42155456542969,4.9586896896362305,59.462867736816406,1.0,0.9999001622200012,0.0
151,1,0.4519028663635254,0.9900000095367432,63.30349349975586,64.15576934814453,64.629150390625,4.736169338226318,59.892974853515625,1.0,0.9999755620956421,0.0
151,2,0.44335103034973145,0.9900000095367432,64.15576934814453,64.51020812988281,64.86074829101562,4.555307388305664,60.30543899536133,1.0,0.9997427463531494,2.9802322387695312e-08
151,3,0.4612818956375122,0.9900000095367432,64.51020812988281,64.46704864501953,65.0974349975586,4.372096061706543,60.725341796875,0.9999999403953552,0.9999786615371704,0.0
151,4,0.476895809173584,0.9900000095367432,64.46704864501953,64.69831085205078,65.33231353759766,4.158228874206543,61.17407989501953,0.9999998807907104,0.9998501539230347,5.960464477539063e-08
151,5,0.49906373023986816,0.9900000095367432,64.69831085205078,64.98456573486328,65.55326843261719,3.9142301082611084,61.639034271240234,0.9999998211860657,0.9999988079071045,0.0
151,6,0.5197001695632935,0.9900000095367432,64.98456573486328,65.47698211669922,65.74957275390625,3.6312241554260254,62.11833953857422,0.9999998807907104,0.999977707862854,0.0
151,7,0.5359765291213989,0.9900000095367432,65.47698211669922,65.96944427490234,65.91043853759766,3.3083720207214355,62.60205078125,0.9999999403953552,0.999997615814209,0.0
151,8,0.5440982580184937,0.9900000095367432,65.96944427490234,66.4439697265625,66.03824615478516,2.947788715362549,63.0904426574707,0.9999999403953552,0.999990701675415,0.0
151,9,0.5435590744018555,0.9900000095367432,66.4439697265625,66.79805755615234,66.14053344726562,2.555757999420166,63.58475875854492,0.9999999403953552,0.9999886155128479,0.0
151,10,0.5338249206542969,0.9900000095367432,66.79805755615234,67.03826141357422,66.23123168945312,2.1394991874694824,64.09171295166016,0.9999999403953552,0.9999993443489075,0.0
151,11,0.5150638818740845,0.9900000095367432,67.03826141357422,67.15442657470703,66.32537078857422,1.7072559595108032,64.61810302734375,0.9999999403953552,0.9999984502792358,0.0
151,12,0.48701250553131104,0.9900000095367432,67.15442657470703,67.1825180053711,66.43930053710938,1.2676150798797607,65.17167663574219,0.9999998211860657,0.9999994039535522,0.0
151,13,0.4499584436416626,0.9900000095367432,67.1825180053711,67.14219665527344,66.58878326416016,0.8299868702888489,65.75879669189453,0.9999997615814209,0.9999392628669739,0.0
151,14,0.4040706157684326,0.9900000095367432,67.14219665527344,67.05573272705078,66.78924560546875,0.4040706157684326,66.38517761230469,0.9999997019767761,0.9999995231628418,0.0
152,0,0.379022479057312,0.9900000095367432,78.07616424560547,75.35907745361328,74.9255599975586,6.825018405914307,68.10055541992188,-0.9999613165855408,0.9999998211860657,0.0
152,1,0.4548865556716919,0.9900000095367432,75.35907745361328,75.27490997314453,75.2964096069336,6.85379695892334,68.44261932373047,-0.999929666519165,1.0,0.0
152,2,0.4800257682800293,0.9900000095367432,75.27490997314453,74.6789779663086,75.61447143554688,6.803732395172119,68.81074523925781,-0.9963361024856567,0.9999998807907104,0.0
152,3,0.5108715295791626,0.9900000095367432,74.6789779663086,74.30359649658203,75.9572982788086,6.723771095275879,69.23353576660156,-0.9447651505470276,0.9999986886978149,0.0
152,4,0.5971624851226807,0.9900000095367432,74.30359649658203,74.75064849853516,76.30876922607422,6.605954170227051,69.70282745361328,-0.22381819784641266,0.9999992847442627,0.0
152,5,0.783693790435791,0.9900000095367432,74.75064849853516,75.658447265625,76.56719970703125,6.388932704925537,70.17827606201172,0.862554669380188,0.9999939799308777,0.0
152,6,0.7700355052947998,0.9900000095367432,75.658447265625,76.76683807373047,76.59587097167969,5.959850311279297,70.63602447509766,0.9062937498092651,0.9999914169311523,0.0
152,7,0.8001668453216553,0.9900000095367432,76.76683807373047,76.30390167236328,76.58253479003906,5.518144607543945,71.06439971923828,0.7388428449630737,0.9999992847442627,0.0
152,8,0.8244683742523193,0.9900000095367432,76.30390167236328,76.06509399414062,76.5606918334961,5.016456604003906,71.54423522949219,0.5644124746322632,0.9999988079071045,0.0
152,9,0.8451159000396729,0.9900000095367432,76.06509399414062,76.15990447998047,76.5241928100586,4.457191467285156,72.06700134277344,0.522577702999115,0.9999998807907104,0.0
152,10,0.8652806282043457,0.9900000095367432,76.15990447998047,76.29515838623047,76.45843505859375,3.840590476989746,72.61784362792969,0.44862574338912964,0.9999978542327881,0.0
152,11,0.8786752223968506,0.9900000095367432,76.29515838623047,76.289794921875,76.3599624633789,3.1635406017303467,73.19641876220703,0.30668410658836365,0.9999945163726807,0.0
152,12,0.8720917701721191,0.9900000095367432,76.289794921875,76.25332641601562,76.24129486083984,2.429415702819824,73.81188201904297,0.1809922307729721,0.9999997019767761,0.0
152,13,0.8562426567077637,0.9900000095367432,76.25332641601562,76.15050506591797,76.1240463256836,1.6558469533920288,74.46820068359375,0.1560991108417511,0.9999922513961792,0.0
152,14,0.8501906394958496,0.9900000095367432,76.15050506591797,75.9307632446289,76.02164459228516,0.8501906394958496,75.17145538330078,0.18130555748939514,0.9999939203262329,0.0
153,0,0.8068468570709229,0.9900000095367432,101.6089096069336,99.60393524169922,102.751220703125,10.374031066894531,92.37718963623047,-1.0,1.0,0.0
153,1,0.8444054126739502,0.9900000095367432,99.60393524169922,102.07342529296875,103.15149688720703,10.172444343566895,92.97905731201172,-1.0,0.9999999403953552,0.0
153,2,0.9224588871002197,0.9900000095367432,102.07342529296875,102.80352020263672,103.40718841552734,9.918169975280762,93.48902130126953,-1.0,0.9999997019767761,0.0
153,3,0.969973623752594,0.9900000095367432,102.80352020263672,104.32825469970703,103.5576400756836,9.564818382263184,93.9928207397461,-1.0,0.9999995231628418,0.0
153,4,1.0238025188446045,0.9900000095367432,104.32825469970703,105.85531616210938,103.58683776855469,9.138591766357422,94.4482421875,-1.0,0.9999994039535522,2.9802322387695312e-08
153,5,1.0924837589263916,0.9900000095367432,105.85531616210938,106.55870819091797,103.48027038574219,8.628164291381836,94.85211181640625,-1.0,0.9999997615814209,2.9802322387695312e-08
153,6,1.1235911846160889,0.9900000095367432,106.55870819091797,106.17311096191406,103.25691986083984,8.012419700622559,95.2445068359375,-0.9999998807907104,0.999984860420227,0.0
153,7,1.1357605457305908,0.9900000095367432,106.17311096191406,105.62535858154297,103.00666046142578,7.324645042419434,95.68202209472656,-0.9999882578849792,0.9999851584434509,5.960464477539063e-08
153,8,1.1394617557525635,0.9900000095367432,105.62535858154297,105.18731689453125,102.75646209716797,6.580419540405273,96.17604064941406,-0.9994049072265625,0.9999777674674988,0.0
153,9,1.1371893882751465,0.9900000095367432,105.18731689453125,104.8441390991211,102.5095443725586,5.785175800323486,96.724365234375,-0.9751951694488525,0.9999133944511414,2.9802322387695312e-08
153,10,1.128288984298706,0.9900000095367432,104.8441390991211,104.39583587646484,102.2674789428711,4.942037582397461,97.325439453125,-0.403521329164505,0.9999911189079285,0.0
153,11,1.1307733058929443,0.9900000095367432,104.39583587646484,103.80862426757812,102.04315948486328,4.055022716522217,97.9881362915039,0.9918049573898315,0.9999731779098511,0.0
153,12,1.09962797164917,0.9900000095367432,103.80862426757812,103.03841400146484,101.83291625976562,3.1092498302459717,98.72367095947266,0.9999942183494568,0.9988387823104858,0.0
153,13,1.1035997867584229,0.9900000095367432,103.03841400146484,102.19233703613281,101.68302917480469,2.136759042739868,99.54627227783203,0.9999770522117615,0.9998874664306641,5.364418029785156e-07
153,14,1.0985212326049805,0.9900000095367432,102.19233703613281,101.4802474975586,101.56396484375,1.0985212326049805,100.46544647216797,0.9993723034858704,0.9999490976333618,0.0
154,0,-0.08317697048187256,0.9900000095367432,60.01297378540039,60.009307861328125,56.10942459106445,-0.893818199634552,57.003238677978516,1.0,0.9999209642410278,2.9802322387695312e-08
154,1,-0.08905720710754395,0.9900000095367432,60.009307861328125,59.05002975463867,56.589195251464844,-0.8619258403778076,57.45111846923828,1.0,0.9999810457229614,0.0
154,2,-0.0929269790649414,0.9900000095367432,59.05002975463867,59.3702507019043,57.15605926513672,-0.8217635154724121,57.977821350097656,0.9999991655349731,0.9999589920043945,0.0
154,3,-0.0951775312423706,0.9900000095367432,59.3702507019043,60.05498123168945,57.74604797363281,-0.7749457955360413,58.52098846435547,0.9986863136291504,0.9999823570251465,0.0
154,4,-0.09924352169036865,0.9900000095367432,60.05498123168945,60.875484466552734,58.33971405029297,-0.7227732539176941,59.06248474121094,0.6124756336212158,0.9999505281448364,0.0
154,5,-0.10226941108703613,0.9900000095367432,60.875484466552734,61.268062591552734,58.93207931518555,-0.662976861000061,59.595054626464844,-0.4013569951057434,0.9999995231628418,0.0
154,6,-0.10024821758270264,0.9900000095367432,61.268062591552734,62.59687423706055,59.54447555541992,-0.5961801409721375,60.140655517578125,-0.27142348885536194,0.9999902248382568,0.0
154,7,-0.09729838371276855,0.9900000095367432,62.59687423706055,62.71261978149414,60.1235237121582,-0.5273066759109497,60.65083312988281,0.12269987165927887,0.9999998211860657,0.0
154,8,-0.09919655323028564,0.9900000095367432,62.71261978149414,62.53012466430664,60.72998046875,-0.4572123885154724,61.18719482421875,-0.2175106704235077,0.9999951720237732,0.0
154,9,-0.09726858139038086,0.9900000095367432,62.53012466430664,63.38214874267578,61.38642883300781,-0.3806654214859009,61.76709747314453,-0.5327455997467041,0.9999998807907104,0.0
154,10,-0.08465707302093506,0.9900000095367432,63.38214874267578,64.2430419921875,62.037513732910156,-0.3013257384300232,62.33884048461914,-0.30967646837234497,0.9999990463256836,0.0
154,11,-0.06631600856781006,0.9900000095367432,64.2430419921875,64.22025299072266,62.67106628417969,-0.23037602007389069,62.90144729614258,0.013028062880039215,0.9999973773956299,0.0
154,12,-0.05914509668946266,0.9900000095367432,64.22025299072266,64.19072723388672,63.32639694213867,-0.17443914711475372,63.5008430480957,0.12777410447597504,0.9999905228614807,0.0
154,13,-0.07257091999053955,0.9900000095367432,64.19072723388672,64.74358367919922,64.01712036132812,-0.12258803844451904,64.13971710205078,-0.4856456518173218,0.9999984502792358,0.0
154,14,-0.05318141356110573,0.9900000095367432,64.74358367919922,65.44434356689453,64.7367172241211,-0.05318141356110573,64.78990173339844,-0.8268439769744873,0.9999958276748657,0.0
155,0,-0.11483180522918701,0.9900000095367432,53.56343460083008,52.47735595703125,54.663856506347656,-1.0478103160858154,55.71166229248047,-0.8329564929008484,0.9999997615814209,0.0
155,1,-0.11233890056610107,0.9900000095367432,52.47735595703125,54.78849411010742,55.48225021362305,-0.9920026659965515,56.4742546081543,-0.9429587125778198,0.9999974966049194,0.0
155,2,-0.1123586893081665,0.9900000095367432,54.78849411010742,55.5138053894043,56.22813415527344,-0.9353150129318237,57.163448333740234,-0.9397845268249512,0.9999767541885376,0.0
155,3,-0.11287474632263184,0.9900000095367432,55.5138053894043,55.79959487915039,56.98304748535156,-0.8750200271606445,57.85806655883789,-0.9585193991661072,0.9999932646751404,0.0
155,4,-0.11375141143798828,0.9900000095367432,55.79959487915039,56.53477478027344,57.7712287902832,-0.8103618025779724,58.58159255981445,-0.9718019366264343,0.9999996423721313,0.0
155,5,-0.11432313919067383,0.9900000095367432,56.53477478027344,57.344993591308594,58.57151412963867,-0.7406808733940125,59.31219482421875,-0.9810605645179749,0.9999420642852783,2.9802322387695312e-08
155,6,-0.11373746395111084,0.9900000095367432,57.344993591308594,58.21632385253906,59.380393981933594,-0.6659837961196899,60.04637908935547,-0.9781707525253296,0.999995231628418,1.1920928955078125e-07
155,7,-0.1091986894607544,0.9900000095367432,58.21632385253906,58.84599685668945,60.19396209716797,-0.5871837735176086,60.781150817871094,-0.8721306920051575,0.999974250793457,0.0
155,8,-0.08577179908752441,0.9900000095367432,58.84599685668945,61.003353118896484,61.02103805541992,-0.5082244277000427,61.529266357421875,0.23491337895393372,0.999955415725708,2.9802322387695312e-08
155,9,-0.07196176052093506,0.9900000095367432,61.003353118896484,62.55793762207031,61.761985778808594,-0.4491787552833557,62.21116256713867,0.9808820486068726,0.999984860420227,0.0
155,10,-0.08655369281768799,0.9900000095367432,62.55793762207031,63.53803634643555,62.45330047607422,-0.4010813236236572,62.8543815612793,0.8453091979026794,0.9997358322143555,0.0
155,11,-0.10956811904907227,0.9900000095367432,63.53803634643555,62.54762268066406,63.15228271484375,-0.33442598581314087,63.4867057800293,-0.8315543532371521,0.9999971389770508,0.0
155,12,-0.1054847240447998,0.9900000095367432,62.54762268066406,63.86666488647461,63.972084045410156,-0.23908331990242004,64.2111587524414,-0.8800637722015381,0.9998451471328735,0.0
155,13,-0.08211612701416016,0.9900000095367432,63.86666488647461,65.40892028808594,64.76998138427734,-0.1420506089925766,64.91202545166016,-0.024871258065104485,0.9999910593032837,0.0
155,14,-0.06372618675231934,0.9900000095367432,65.40892028808594,66.23844909667969,65.51233673095703,-0.06372618675231934,65.57606506347656,0.91839200258255,0.9999935626983643,8.940696716308594e-08
156,0,-0.004340652376413345,0.9900000095367432,57.28853225708008,58.380226135253906,57.803226470947266,1.5195802450180054,56.283634185791016,1.0,0.9999948143959045,0.0
156,1,0.027585025876760483,0.9900000095367432,58.380226135253906,59.12770080566406,58.3920783996582,1.620330572128296,56.771732330322266,1.0,0.9999923706054688,0.0
156,2,0.05114841088652611,0.9900000095367432,59.12770080566406,59.720664978027344,58.94489288330078,1.6935094594955444,57.251365661621094,0.9999974966049194,0.9998410940170288,0.0
156,3,0.07538735866546631,0.9900000095367432,59.720664978027344,60.4502067565918,59.476417541503906,1.7462637424468994,57.73013687133789,0.9998671412467957,0.9999998807907104,0.0
156,4,0.10632586479187012,0.9900000095367432,60.4502067565918,61.15449905395508,59.97740173339844,1.7765830755233765,58.200801849365234,0.998323380947113,0.9999985694885254,0.0
156,5,0.14247798919677734,0.9900000095367432,61.15449905395508,61.8111686706543,60.44011688232422,1.7759246826171875,58.6641731262207,0.9941032528877258,0.9999997019767761,0.0
156,6,0.1791834831237793,0.9900000095367432,61.8111686706543,62.35626983642578,60.85910415649414,1.7367854118347168,59.12229919433594,0.9903571605682373,0.9999994039535522,0.0
156,7,0.21024787425994873,0.9900000095367432,62.35626983642578,62.78349304199219,61.23687744140625,1.6561424732208252,59.580718994140625,0.9907556176185608,1.0,0.0
156,8,0.23514652252197266,0.9900000095367432,62.78349304199219,63.09418869018555,61.58303451538086,1.5373679399490356,60.045654296875,0.9929031729698181,0.9999995827674866,0.0
156,9,0.2535123825073242,0.9900000095367432,63.09418869018555,63.33679962158203,61.908267974853516,1.3846055269241333,60.523651123046875,0.9957461357116699,0.9999999403953552,0.0
156,10,0.26588594913482666,0.9900000095367432,63.33679962158203,63.53588104248047,62.221778869628906,1.202650785446167,61.01911926269531,0.9977852702140808,1.0,0.0
156,11,0.27295565605163574,0.9900000095367432,63.53588104248047,63.69990539550781,62.531490325927734,0.9960284233093262,61.53545379638672,0.9973829388618469,0.9999990463256836,0.0
156,12,0.27540624141693115,0.9900000095367432,63.69990539550781,63.825294494628906,62.84464645385742,0.7688174247741699,62.07582092285156,0.9982455968856812,0.9999994039535522,0.0
156,13,0.2734440565109253,0.9900000095367432,63.825294494628906,63.89091873168945,63.16840744018555,0.5246264934539795,62.643775939941406,0.9977813959121704,0.9999992251396179,0.0
156,14,0.26707327365875244,0.9900000095367432,63.89091873168945,63.88303756713867,63.51128387451172,0.26707327365875244,63.24420928955078,0.9948563575744629,1.0,0.0
157,0,-0.11826193332672119,0.9900000095367432,44.742671966552734,43.81709671020508,48.05937194824219,-1.0915932655334473,49.15095901489258,-0.9999997019767761,0.9999994039535522,0.0
157,1,-0.11854684352874756,0.9900000095367432,43.81709671020508,46.010005950927734,48.91939163208008,-1.0349082946777344,49.95429611206055,-0.9999993443489075,0.999976396560669,2.9802322387695312e-08
157,2,-0.11873793601989746,0.9900000095367432,46.010005950927734,47.07887649536133,49.71870422363281,-0.9743343591690063,50.69303894042969,-0.9999942779541016,0.9999988079071045,0.0
157,3,-0.11834120750427246,0.9900000095367432,47.07887649536133,48.25014114379883,50.51253128051758,-0.9097250699996948,51.42226028442383,-0.9999693632125854,0.999996542930603,0.0
157,4,-0.11576902866363525,0.9900000095367432,48.25014114379883,48.65160369873047,51.29451370239258,-0.8414501547813416,52.13597106933594,-0.9997800588607788,1.0,1.1324882507324219e-06
157,5,-0.11333966255187988,0.9900000095367432,48.65160369873047,49.87836837768555,52.10210418701172,-0.7715907692909241,52.87370300292969,-0.99690181016922,0.9999828338623047,5.125999450683594e-06
157,6,-0.11143910884857178,0.9900000095367432,49.87836837768555,51.21114730834961,52.89363479614258,-0.6998948454856873,53.593536376953125,-0.8918713927268982,0.9984601140022278,4.470348358154297e-07
157,7,-0.08919978141784668,0.9900000095367432,51.21114730834961,54.14043426513672,53.6630744934082,-0.6256839632987976,54.28876495361328,0.7904052734375,0.9973392486572266,1.1920928955078125e-06
157,8,-0.08448910713195801,0.9900000095367432,54.14043426513672,55.514190673828125,54.303375244140625,-0.5704244375228882,54.87380599975586,0.9997257590293884,0.9995958805084229,9.5367431640625e-07
157,9,-0.08758771419525146,0.9900000095367432,55.514190673828125,56.46446228027344,54.90686798095703,-0.5166776776313782,55.423553466796875,0.9996989369392395,0.9997738003730774,9.238719940185547e-07
157,10,-0.09291279315948486,0.9900000095367432,56.46446228027344,57.19639205932617,55.501827239990234,-0.45623600482940674,55.95806884765625,0.9989731907844543,0.9948546886444092,9.834766387939453e-07
157,11,-0.09865927696228027,0.9900000095367432,57.19639205932617,57.59639358520508,56.1015625,-0.38630855083465576,56.48787307739258,0.9919402599334717,0.9999796152114868,3.5762786865234375e-07
157,12,-0.10463190078735352,0.9900000095367432,57.59639358520508,57.709190368652344,56.72429656982422,-0.3058471977710724,57.030147552490234,0.9229538440704346,0.9999520182609558,2.9802322387695312e-08
157,13,-0.11052656173706055,0.9900000095367432,57.709190368652344,57.86996841430664,57.3868408203125,-0.21394503116607666,57.60078811645508,0.6082196235656738,0.9997614622116089,0.0
157,14,-0.10996115207672119,0.9900000095367432,57.86996841430664,58.78693771362305,58.089107513427734,-0.10996115207672119,58.19906997680664,0.7652660012245178,0.9999879598617554,0.0
158,0,-0.1184920072555542,0.9900000095367432,41.19169998168945,45.756874084472656,44.96426010131836,-1.1058170795440674,46.070091247558594,-1.0,0.999077320098877,0.00010696053504943848
158,1,-0.1178668737411499,0.9900000095367432,45.756874084472656,47.21035385131836,45.5266227722168,-1.0497875213623047,46.57642364501953,-1.0,0.9997602701187134,1.9371509552001953e-06
158,2,-0.11708569526672363,0.9900000095367432,47.21035385131836,48.588645935058594,46.04739761352539,-0.9908778071403503,47.03828430175781,-1.0,0.9996235966682434,0.00035119056701660156
158,3,-0.11557090282440186,0.9900000095367432,48.588645935058594,48.96709442138672,46.527748107910156,-0.9290719032287598,47.456825256347656,-1.0,0.9995611906051636,5.513429641723633e-06
158,4,-0.11343908309936523,0.9900000095367432,48.96709442138672,49.03396987915039,47.01696014404297,-0.8649665117263794,47.881927490234375,-0.9999997019767761,0.9990465044975281,3.874301910400391e-06
158,5,-0.11044168472290039,0.9900000095367432,49.03396987915039,48.45853805541992,47.53133010864258,-0.799072265625,48.33040237426758,-0.9999457001686096,0.9995934367179871,6.222724914550781e-05
158,6,-0.10725295543670654,0.9900000095367432,48.45853805541992,47.42698287963867,48.10533905029297,-0.7321962714195251,48.83753967285156,-0.881117582321167,0.9991304874420166,1.2218952178955078e-06
158,7,-0.1015162467956543,0.9900000095367432,47.42698287963867,46.04525375366211,48.76656723022461,-0.6644798517227173,49.431053161621094,0.9951074123382568,0.952551007270813,1.6450881958007812e-05
158,8,-0.10274720191955566,0.9900000095367432,46.04525375366211,46.09421920776367,49.5362548828125,-0.5985791087150574,50.13483810424805,1.0,0.9998527765274048,5.364418029785156e-07
158,9,-0.10024857521057129,0.9900000095367432,46.09421920776367,47.19797134399414,50.35336685180664,-0.5272003412246704,50.88056945800781,1.0,0.9996358752250671,1.4901161193847656e-06
158,10,-0.09963738918304443,0.9900000095367432,47.19797134399414,48.722476959228516,51.16142272949219,-0.453962504863739,51.615386962890625,1.0,0.9997512102127075,1.5497207641601562e-06
158,11,-0.09996199607849121,0.9900000095367432,48.722476959228516,50.1406364440918,51.9397087097168,-0.3767412304878235,52.31645202636719,1.0,0.9994103908538818,0.0
158,12,-0.10198605060577393,0.9900000095367432,50.1406364440918,51.8298454284668,52.69293975830078,-0.2942894697189331,52.98723220825195,1.0,0.9992731213569641,1.1920928955078125e-07
158,13,-0.10429024696350098,0.9900000095367432,51.8298454284668,53.3823127746582,53.40707015991211,-0.20446932315826416,53.611541748046875,0.9999997615814209,0.9999459981918335,0.0
158,14,-0.10651683807373047,0.9900000095367432,53.3823127746582,54.74104690551758,54.087120056152344,-0.10651683807373047,54.19363784790039,0.9998493194580078,0.9999749660491943,2.9802322387695312e-08
159,0,-0.08775043487548828,0.9900000095367432,44.22726821899414,48.046817779541016,46.620845794677734,-0.9533632397651672,47.57421112060547,0.9999650716781616,0.9999998807907104,0.0
159,1,-0.08409595489501953,0.9900000095367432,48.046817779541016,48.46864700317383,47.134796142578125,-0.9203751683235168,48.055179595947266,0.9999497532844543,0.9999959468841553,0.0
159,2,-0.07915472984313965,0.9900000095367432,48.46864700317383,49.76900863647461,47.65517807006836,-0.8891857266426086,48.54437255859375,0.9984782338142395,0.9999929666519165,0.0
159,3,-0.07657933235168457,0.9900000095367432,49.76900863647461,50.359397888183594,48.13479232788086,-0.8612769842147827,48.99607467651367,0.9246202707290649,0.9999995231628418,0.0
159,4,-0.09526407718658447,0.9900000095367432,50.359397888183594,49.013450622558594,48.610931396484375,-0.8343409299850464,49.44527816772461,-0.25429025292396545,1.0,0.0
159,5,-0.09932363033294678,0.9900000095367432,49.013450622558594,48.98534393310547,49.20790100097656,-0.7858339548110962,49.99374008178711,-0.8876585960388184,0.9999997615814209,0.0
159,6,-0.10224759578704834,0.9900000095367432,48.98534393310547,49.529815673828125,49.84843063354492,-0.7299419045448303,50.57837677001953,-0.9884645342826843,0.9999999403953552,0.0
159,7,-0.10536658763885498,0.9900000095367432,49.529815673828125,50.44224548339844,50.503936767578125,-0.6674048900604248,51.17134475708008,-0.9940922260284424,0.9999910593032837,0.0
159,8,-0.10744023323059082,0.9900000095367432,50.44224548339844,51.50924301147461,51.15620422363281,-0.59759521484375,51.75380325317383,-0.9926177859306335,0.9999982118606567,0.0
159,9,-0.10804033279418945,0.9900000095367432,51.50924301147461,52.770198822021484,51.7957878112793,-0.5211642980575562,52.31695556640625,-0.97100830078125,0.9999990463256836,0.0
159,10,-0.10313081741333008,0.9900000095367432,52.770198822021484,54.149112701416016,52.41010284423828,-0.43925994634628296,52.849365234375,-0.6563820242881775,0.9999988079071045,0.0
159,11,-0.08106541633605957,0.9900000095367432,54.149112701416016,56.834014892578125,52.98549270629883,-0.3573940694332123,53.34288787841797,0.9251420497894287,0.9999903440475464,0.0
159,12,-0.09486937522888184,0.9900000095367432,56.834014892578125,56.43300247192383,53.43251037597656,-0.2938103675842285,53.726322174072266,0.9992550611495972,0.9999984502792358,0.0
159,13,-0.10400044918060303,0.9900000095367432,56.43300247192383,56.99567794799805,53.94358825683594,-0.21152685582637787,54.15511703491211,0.9586201310157776,0.9998550415039062,0.0
159,14,-0.11432898044586182,0.9900000095367432,56.99567794799805,55.13275146484375,54.46709442138672,-0.11432898044586182,54.581424713134766,-0.6644588708877563,0.9999998211860657,0.0
160,0,-0.060523871332407,0.9900000095367432,67.10621643066406,64.7468032836914,60.89461135864258,-0.4115052819252014,61.306114196777344,1.0,0.999746561050415,3.2782554626464844e-07
160,1,-0.057734254747629166,0.9900000095367432,64.7468032836914,63.41112518310547,61.403690338134766,-0.3731859624385834,61.77687072753906,1.0,0.9999886751174927,2.9802322387695312e-08
160,2,-0.04793751612305641,0.9900000095367432,63.41112518310547,62.895450592041016,62.01231002807617,-0.3354085087776184,62.34770965576172,1.0,0.9955902099609375,0.0
160,3,-0.04424727335572243,0.9900000095367432,62.895450592041016,63.42563247680664,62.67615509033203,-0.30565759539604187,62.98180389404297,1.0,0.9999721050262451,5.960464477539063e-08
160,4,-0.04326463118195534,0.9900000095367432,63.42563247680664,63.760658264160156,63.35017013549805,-0.277948260307312,63.62811279296875,0.9999992847442627,0.9991948008537292,0.0
160,5,-0.04759979620575905,0.9900000095367432,63.760658264160156,64.1181869506836,64.04814910888672,-0.24953070282936096,64.29767608642578,0.9998871088027954,0.9999078512191772,0.0
160,6,-0.05093098059296608,0.9900000095367432,64.1181869506836,64.2356948852539,64.77607727050781,-0.2147059142589569,64.99077606201172,0.9882984161376953,0.9999977350234985,0.0
160,7,-0.06797528266906738,0.9900000095367432,64.2356948852539,63.92256546020508,65.54740905761719,-0.17413604259490967,65.72154235839844,0.48656484484672546,0.9999974966049194,0.0
160,8,-0.07746767997741699,0.9900000095367432,63.92256546020508,64.04248809814453,66.40214538574219,-0.11287694424390793,66.51502227783203,-0.2811200022697449,0.9999986886978149,0.0
160,9,-0.07413053512573242,0.9900000095367432,64.04248809814453,65.5911636352539,67.31473541259766,-0.037649404257535934,67.35238647460938,-0.4392644166946411,0.9999966621398926,0.0
160,10,-0.0643080472946167,0.9900000095367432,65.5911636352539,66.42980194091797,68.20000457763672,0.03878907859325409,68.16121673583984,-0.70566725730896,0.9999998807907104,0.0
160,11,-0.0408780612051487,0.9900000095367432,66.42980194091797,67.74490356445312,69.08670043945312,0.10961948335170746,68.97708129882812,-0.855131208896637,1.0,0.0
160,12,-0.006479267030954361,0.9900000095367432,67.74490356445312,69.36125946044922,69.93536376953125,0.160018652677536,69.77534484863281,-0.9045563340187073,0.9999999403953552,0.0
160,13,0.044914957135915756,0.9900000095367432,69.36125946044922,70.94114685058594,70.716064453125,0.1770312786102295,70.5390396118164,-0.8481696844100952,0.9999992847442627,0.0
160,14,0.14047455787658691,0.9900000095367432,70.94114685058594,71.9877700805664,71.40836334228516,0.14047455787658691,71.26789093017578,-0.4219050109386444,1.0,0.0
161,0,-0.0984048843383789,0.9900000095367432,28.81736946105957,25.294891357421875,32.318294525146484,-1.0591623783111572,33.3774528503418,1.0,0.9438211917877197,9.268522262573242e-06
161,1,-0.09865117073059082,0.9900000095367432,25.294891357421875,30.101566314697266,33.136207580566406,-1.0215389728546143,34.157745361328125,1.0,0.981537938117981,1.6391277313232422e-06
161,2,-0.10217297077178955,0.9900000095367432,30.101566314697266,34.04069519042969,33.753143310546875,-0.9812735915184021,34.73441696166992,1.0,0.9962087869644165,4.470348358154297e-07
161,3,-0.10652017593383789,0.9900000095367432,34.04069519042969,35.8328971862793,34.20553207397461,-0.9347162246704102,35.1402473449707,1.0,0.9993330836296082,1.1920928955078125e-07
161,4,-0.10851407051086426,0.9900000095367432,35.8328971862793,36.562095642089844,34.59683609008789,-0.8805912733078003,35.47742462158203,1.0,0.9999632835388184,0.0
161,5,-0.10848617553710938,0.9900000095367432,36.562095642089844,37.0764045715332,34.97663497924805,-0.8209220767021179,35.79755401611328,1.0,0.9990748167037964,0.0
161,6,-0.10721421241760254,0.9900000095367432,37.0764045715332,37.4961051940918,35.353363037109375,-0.7575076222419739,36.110870361328125,0.9999878406524658,0.9999662637710571,2.9802322387695312e-08
161,7,-0.10542094707489014,0.9900000095367432,37.4961051940918,37.64298629760742,35.73048782348633,-0.6914337277412415,36.42191696166992,0.9454314112663269,0.9999808073043823,0.0
161,8,-0.10553216934204102,0.9900000095367432,37.64298629760742,37.285362243652344,36.121826171875,-0.6230864524841309,36.744911193847656,-0.8990705609321594,0.9999555349349976,0.0
161,9,-0.10419106483459473,0.9900000095367432,37.285362243652344,37.80234146118164,36.55686569213867,-0.5502969622612,37.10715866088867,-0.7388474345207214,0.9999633431434631,0.0
161,10,-0.10337352752685547,0.9900000095367432,37.80234146118164,37.434417724609375,36.99079132080078,-0.4743284285068512,37.465118408203125,0.32620784640312195,0.9999993443489075,0.0
161,11,-0.1050640344619751,0.9900000095367432,37.434417724609375,37.16342544555664,37.47066879272461,-0.39442306756973267,37.865089416503906,0.5364940166473389,0.9999933242797852,0.0
161,12,-0.10871434211730957,0.9900000095367432,37.16342544555664,38.33409118652344,37.99696350097656,-0.3076651096343994,38.304630279541016,0.023133739829063416,0.9998618960380554,0.0
161,13,-0.10861074924468994,0.9900000095367432,38.33409118652344,39.20820236206055,38.49882125854492,-0.21153724193572998,38.710357666015625,0.551191508769989,0.9999107122421265,2.9802322387695312e-08
161,14,-0.10943806171417236,0.9900000095367432,39.20820236206055,39.49065399169922,38.98630905151367,-0.10943806171417236,39.09574890136719,0.593532383441925,0.9999079704284668,2.9802322387695312e-08
162,0,-0.10893070697784424,0.9900000095367432,26.41832733154297,26.087890625,32.307498931884766,-1.0512241125106812,33.35871505737305,0.9999997019767761,0.999994695186615,0.0
162,1,-0.10528314113616943,0.9900000095367432,26.087890625,23.217666625976562,33.09418487548828,-1.0019068717956543,34.0960807800293,0.9994964599609375,0.9972895979881287,2.9802322387695312e-08
162,2,-0.10326004028320312,0.9900000095367432,23.217666625976562,25.41668701171875,34.07781982421875,-0.9533479809761047,35.03116226196289,-0.2107224464416504,0.9999985694885254,0.0
162,3,-0.10130012035369873,0.9900000095367432,25.41668701171875,27.672637939453125,35.00579833984375,-0.9038681387901306,35.90966033935547,-0.7944875359535217,0.9999488592147827,0.0
162,4,-0.10106194019317627,0.9900000095367432,27.672637939453125,29.477783203125,35.871665954589844,-0.8533418774604797,36.72500228881836,-0.8229215145111084,0.9999693632125854,2.9802322387695312e-08
162,5,-0.10028791427612305,0.9900000095367432,29.477783203125,31.748615264892578,36.69705581665039,-0.7998723387718201,37.49692153930664,-0.9360488057136536,0.9999980926513672,5.960464477539063e-08
162,6,-0.09824073314666748,0.9900000095367432,31.748615264892578,34.21646499633789,37.45431900024414,-0.7438430786132812,38.198158264160156,-0.9896609783172607,0.9999314546585083,2.9802322387695312e-08
162,7,-0.0971829891204834,0.9900000095367432,34.21646499633789,36.30458068847656,38.12742614746094,-0.6864458918571472,38.81386947631836,-0.9920236468315125,0.9998553395271301,3.904104232788086e-06
162,8,-0.0977780818939209,0.9900000095367432,36.30458068847656,37.677879333496094,38.732093811035156,-0.6265421509742737,39.35863494873047,-0.9666718244552612,0.9999792575836182,1.4007091522216797e-06
162,9,-0.099967360496521,0.9900000095367432,37.677879333496094,37.745452880859375,39.303367614746094,-0.5622159242630005,39.86558151245117,-0.48177865147590637,0.994052529335022,1.0013580322265625e-05
162,10,-0.10443782806396484,0.9900000095367432,37.745452880859375,37.05964279174805,39.9095573425293,-0.4914923310279846,40.40104675292969,0.892284095287323,0.9995401501655579,1.665949821472168e-05
162,11,-0.11003482341766357,0.9900000095367432,37.05964279174805,38.464351654052734,40.59494400024414,-0.411541223526001,41.0064811706543,0.993776798248291,0.9999815225601196,1.043081283569336e-06
162,12,-0.11253905296325684,0.9900000095367432,38.464351654052734,40.40099334716797,41.255706787109375,-0.32058098912239075,41.57628631591797,0.993750274181366,0.9991938471794128,2.9802322387695312e-08
162,13,-0.11386191844940186,0.9900000095367432,40.40099334716797,42.02901840209961,41.8590087890625,-0.22120355069637299,42.0802116394043,0.9949461221694946,0.9999903440475464,8.940696716308594e-08
162,14,-0.11413252353668213,0.9900000095367432,42.02901840209961,42.95993423461914,42.41619873046875,-0.11413252353668213,42.530330657958984,0.99429851770401,0.9998252391815186,4.470348358154297e-07
163,0,-0.11539506912231445,0.9900000095367432,33.336490631103516,37.13966751098633,38.203773498535156,-1.1469650268554688,39.350738525390625,0.46229076385498047,0.9999068975448608,2.9802322387695312e-08
163,1,-0.11473441123962402,0.9900000095367432,37.13966751098633,39.19314956665039,38.78868103027344,-1.0968314409255981,39.8855094909668,0.9999129176139832,0.9999653100967407,0.0
163,2,-0.11670780181884766,0.9900000095367432,39.19314956665039,41.153465270996094,39.301815032958984,-1.0442286729812622,40.346038818359375,0.9999800324440002,0.9999780654907227,0.0
163,3,-0.11795783042907715,0.9900000095367432,41.153465270996094,42.18489456176758,39.74633026123047,-0.9861997961997986,40.73252868652344,0.9998972415924072,0.999987006187439,0.0
163,4,-0.11872005462646484,0.9900000095367432,42.18489456176758,42.995662689208984,40.166011810302734,-0.9231706261634827,41.08917999267578,0.9971063137054443,0.9999998807907104,0.0
163,5,-0.11935114860534668,0.9900000095367432,42.995662689208984,42.14475631713867,40.57038497924805,-0.8553435206413269,41.425724029541016,0.49519750475883484,0.9999991655349731,0.0
163,6,-0.11955046653747559,0.9900000095367432,42.14475631713867,39.62383270263672,41.04579544067383,-0.7825543284416199,41.828346252441406,-0.9805711507797241,0.9999997019767761,0.0
163,7,-0.11876213550567627,0.9900000095367432,39.62383270263672,40.75798416137695,41.684173583984375,-0.7049483060836792,42.389122009277344,-0.9999569058418274,0.9999997615814209,0.0
163,8,-0.11731588840484619,0.9900000095367432,40.75798416137695,41.07017135620117,42.30241012573242,-0.6232708096504211,42.925682067871094,-0.9999758005142212,0.9999991655349731,0.0
163,9,-0.11440205574035645,0.9900000095367432,41.07017135620117,41.40951919555664,42.94179153442383,-0.5379637479782104,43.47975540161133,-0.9999473094940186,0.9999783039093018,5.960464477539063e-08
163,10,-0.11019492149353027,0.9900000095367432,41.40951919555664,41.4981803894043,43.60066223144531,-0.4503580331802368,44.051021575927734,-0.9994757771492004,0.9999997615814209,0.0
163,11,-0.10602438449859619,0.9900000095367432,41.4981803894043,41.425296783447266,44.292076110839844,-0.36168327927589417,44.65375900268555,-0.9888248443603516,0.9999983906745911,2.9802322387695312e-08
163,12,-0.10112142562866211,0.9900000095367432,41.425296783447266,42.06740188598633,45.02663040161133,-0.2718329429626465,45.2984619140625,-0.5622404217720032,0.9999899864196777,0.0
163,13,-0.08807098865509033,0.9900000095367432,42.06740188598633,45.986629486083984,45.76865005493164,-0.18151143193244934,45.95016098022461,0.9470714330673218,0.9999650716781616,0.0
163,14,-0.09935188293457031,0.9900000095367432,45.986629486083984,46.9058723449707,46.33746337890625,-0.09935188293457031,46.43681335449219,0.9987825751304626,0.9999959468841553,2.9802322387695312e-08
164,0,-0.09921467304229736,0.9900000095367432,35.2180290222168,34.45168685913086,42.92860794067383,-1.0271750688552856,43.955787658691406,0.3878577649593353,0.9998708367347717,9.5367431640625e-07
164,1,-0.09703052043914795,0.9900000095367432,34.45168685913086,38.49504470825195,43.93669891357422,-0.9866670966148376,44.923370361328125,-0.9975869059562683,0.9999975562095642,3.9637088775634766e-06
164,2,-0.09408187866210938,0.9900000095367432,38.49504470825195,43.1755485534668,44.79343795776367,-0.9459187388420105,45.739356994628906,-0.9999996423721313,0.9974180459976196,9.238719940185547e-07
164,3,-0.09065651893615723,0.9900000095367432,43.1755485534668,44.84538650512695,45.454891204833984,-0.9057276844978333,46.36062240600586,-1.0,0.998183012008667,2.9802322387695312e-06
164,4,-0.0926889181137085,0.9900000095367432,44.84538650512695,47.52302551269531,46.06666946411133,-0.8666359782218933,46.93330764770508,-1.0,0.9998524785041809,5.364418029785156e-07
164,5,-0.09472477436065674,0.9900000095367432,47.52302551269531,50.571678161621094,46.5783805847168,-0.8229101896286011,47.40129089355469,-1.0,0.9989234805107117,9.5367431640625e-07
164,6,-0.09811830520629883,0.9900000095367432,50.571678161621094,53.986183166503906,46.964176177978516,-0.7742534875869751,47.73843002319336,-1.0,0.99994295835495,5.304813385009766e-06
164,7,-0.10139739513397217,0.9900000095367432,53.986183166503906,56.27875900268555,47.198272705078125,-0.7189103364944458,47.91718292236328,-0.9999995827674866,0.9987406730651855,2.384185791015625e-07
164,8,-0.1051030158996582,0.9900000095367432,56.27875900268555,56.53201675415039,47.33000946044922,-0.6565794348716736,47.98658752441406,-0.9997156858444214,0.999618411064148,5.662441253662109e-07
164,9,-0.11148488521575928,0.9900000095367432,56.53201675415039,53.758113861083984,47.460689544677734,-0.5863651633262634,48.047054290771484,0.6041387915611267,0.9998101592063904,5.960464477539063e-08
164,10,-0.11590003967285156,0.9900000095367432,53.758113861083984,51.19851303100586,47.752418518066406,-0.5049232244491577,48.25734329223633,1.0,0.9999793767929077,3.8743019104003906e-07
164,11,-0.11648881435394287,0.9900000095367432,51.19851303100586,49.460182189941406,48.20201110839844,-0.41363441944122314,48.61564636230469,1.0,0.9783456325531006,2.086162567138672e-07
164,12,-0.11592316627502441,0.9900000095367432,49.460182189941406,49.107364654541016,48.77216720581055,-0.3159443140029907,49.088111877441406,1.0,0.9997458457946777,8.940696716308594e-08
164,13,-0.11298787593841553,0.9900000095367432,49.107364654541016,49.49734115600586,49.3963623046875,-0.2126753330230713,49.60903549194336,1.0,0.9993325471878052,5.960464477539063e-08
164,14,-0.10599410533905029,0.9900000095367432,49.49734115600586,50.64888000488281,50.03639602661133,-0.10599410533905029,50.142391204833984,1.0,0.9998745918273926,0.0
165,0,-0.09338903427124023,0.9900000095367432,26.38715362548828,25.9652099609375,28.963796615600586,-1.0210649967193604,29.984859466552734,-0.9990339279174805,0.9995529055595398,8.344650268554688e-07
165,1,-0.0985419750213623,0.9900000095367432,25.9652099609375,27.141286849975586,29.52887725830078,-0.9863646030426025,30.515239715576172,-0.999996542930603,0.9998533129692078,1.6391277313232422e-06
165,2,-0.10218381881713867,0.9900000095367432,27.141286849975586,28.28896713256836,30.073284149169922,-0.9439899921417236,31.01727294921875,-0.9999998807907104,0.9999948143959045,2.8789043426513672e-05
165,3,-0.10400593280792236,0.9900000095367432,28.28896713256836,28.951034545898438,30.595603942871094,-0.8950623869895935,31.490663528442383,-0.9999999403953552,0.9964329600334167,1.3381242752075195e-05
165,4,-0.10465395450592041,0.9900000095367432,28.951034545898438,29.416893005371094,31.118057250976562,-0.8411020636558533,31.959156036376953,-1.0,0.9999816417694092,1.9550323486328125e-05
165,5,-0.10484814643859863,0.9900000095367432,29.416893005371094,29.941226959228516,31.649734497070312,-0.7830389142036438,32.432769775390625,-1.0,0.999703049659729,7.274746894836426e-05
165,6,-0.10474276542663574,0.9900000095367432,29.941226959228516,30.75438690185547,32.18765640258789,-0.7210959792137146,32.908748626708984,-0.9999999403953552,0.9993792176246643,0.00018611550331115723
165,7,-0.10406935214996338,0.9900000095367432,30.75438690185547,31.760324478149414,32.716705322265625,-0.6553462743759155,33.37204360961914,-0.9999993443489075,0.9998342990875244,1.284480094909668e-05
165,8,-0.1028294563293457,0.9900000095367432,31.760324478149414,32.78443908691406,33.22555923461914,-0.5861530303955078,33.811702728271484,-0.9999964237213135,0.9998927712440491,9.5367431640625e-07
165,9,-0.10123395919799805,0.9900000095367432,32.78443908691406,33.65156173706055,33.711387634277344,-0.513900637626648,34.22528076171875,-0.9999697804450989,0.9979531764984131,3.516674041748047e-06
165,10,-0.09967517852783203,0.9900000095367432,33.65156173706055,34.26834487915039,34.18061447143555,-0.4387737214565277,34.619380950927734,-0.999522864818573,0.9999760985374451,5.781650543212891e-06
165,11,-0.09849953651428223,0.9900000095367432,34.26834487915039,34.58589553833008,34.64540481567383,-0.3605513572692871,35.005950927734375,-0.9919649958610535,0.9988775253295898,1.043081283569336e-06
165,12,-0.09833323955535889,0.9900000095367432,34.58589553833008,34.50603103637695,35.121639251708984,-0.2786303162574768,35.4002685546875,-0.7640175223350525,0.9999732971191406,4.32431697845459e-05
165,13,-0.09775006771087646,0.9900000095367432,34.50603103637695,35.666439056396484,35.63203048706055,-0.1917034387588501,35.823734283447266,0.9040371775627136,0.9995465278625488,2.4437904357910156e-06
165,14,-0.09989726543426514,0.9900000095367432,35.666439056396484,36.57870101928711,36.11301803588867,-0.09989726543426514,36.212913513183594,0.9999949932098389,0.9997639656066895,2.205371856689453e-06
166,0,-0.04832494631409645,0.9900000095367432,37.22254943847656,40.48346710205078,50.4275016784668,-0.6970528364181519,51.12455749511719,-1.0,0.9996395111083984,6.258487701416016e-07
166,1,-0.06554830074310303,0.9900000095367432,40.48346710205078,42.017086029052734,51.53843307495117,-0.6897691488265991,52.228206634521484,-1.0,0.999993085861206,2.9802322387695312e-08
166,2,-0.07800936698913574,0.9900000095367432,42.017086029052734,44.222721099853516,52.65724182128906,-0.6637117266654968,53.320960998535156,-1.0,0.9999647736549377,5.066394805908203e-07
166,3,-0.08590579032897949,0.9900000095367432,44.222721099853516,46.08525085449219,53.74399948120117,-0.6227563619613647,54.366756439208984,-1.0,0.9991059303283691,9.834766387939453e-07
166,4,-0.09150087833404541,0.9900000095367432,46.08525085449219,47.96824645996094,54.809871673583984,-0.5708140134811401,55.38068771362305,-1.0,0.9999933242797852,6.556510925292969e-07
166,5,-0.09329986572265625,0.9900000095367432,47.96824645996094,49.917118072509766,55.85002136230469,-0.5096365213394165,56.359657287597656,-1.0,0.999619722366333,9.834766387939453e-07
166,6,-0.0911027193069458,0.9900000095367432,49.917118072509766,52.090267181396484,56.85531234741211,-0.4426758289337158,57.29798889160156,-1.0,0.9996505379676819,1.2516975402832031e-06
166,7,-0.08603358268737793,0.9900000095367432,52.090267181396484,54.226497650146484,57.807491302490234,-0.37381511926651,58.181304931640625,-1.0,0.998355507850647,9.238719940185547e-07
166,8,-0.07974517345428467,0.9900000095367432,54.226497650146484,56.24237823486328,58.702083587646484,-0.3059878349304199,59.00807189941406,-1.0,0.999988317489624,4.628300666809082e-05
166,9,-0.07114732265472412,0.9900000095367432,56.24237823486328,58.06357192993164,59.540489196777344,-0.24055571854114532,59.781044006347656,-0.9999999403953552,0.9996800422668457,4.082918167114258e-06
166,10,-0.0594710148870945,0.9900000095367432,58.06357192993164,59.661376953125,60.326942443847656,-0.1801258772611618,60.50706481933594,-0.9999997615814209,0.9985396862030029,4.470348358154297e-07
166,11,-0.045308712869882584,0.9900000095367432,59.661376953125,60.9651985168457,61.0666389465332,-0.12828800082206726,61.194923400878906,-0.9999833703041077,0.9998989105224609,9.834766387939453e-07
166,12,-0.031457070261240005,0.9900000095367432,60.9651985168457,61.93771743774414,61.76945114135742,-0.08822891116142273,61.8576774597168,-0.9986286759376526,0.99945467710495,7.510185241699219e-06
166,13,-0.02580607309937477,0.9900000095367432,61.93771743774414,62.474578857421875,62.45081329345703,-0.06036347150802612,62.51117706298828,-0.8288899660110474,0.9998804926872253,2.980232238769531e-07
166,14,-0.0367436446249485,0.9900000095367432,62.474578857421875,63.81591796875,63.14101791381836,-0.0367436446249485,63.17776107788086,0.9590088129043579,0.9998176693916321,3.5762786865234375e-07
167,0,0.010989900678396225,0.9900000095367432,70.22280883789062,67.4438705444336,56.00678634643555,-0.014522412791848183,56.02130126953125,-0.9999666810035706,0.9999995231628418,0.0
167,1,-0.03713512793183327,0.9900000095367432,67.4438705444336,68.90569305419922,55.988651275634766,-0.027126330882310867,56.015769958496094,-0.9999891519546509,0.9999997615814209,0.0
167,2,-0.057712797075510025,0.9900000095367432,68.90569305419922,67.14520263671875,55.943599700927734,0.010641995817422867,55.93294906616211,-0.9999085664749146,0.9999998807907104,0.0
167,3,-0.0739142894744873,0.9900000095367432,67.14520263671875,66.0116958618164,56.010231018066406,0.07267920672893524,55.93754577636719,-0.9998922348022461,0.9999980926513672,0.0
167,4,-0.0834890604019165,0.9900000095367432,66.0116958618164,64.82696533203125,56.15796661376953,0.15586762130260468,56.00209426879883,-0.999954104423523,0.9999992847442627,0.0
167,5,-0.08710312843322754,0.9900000095367432,64.82696533203125,64.19287872314453,56.38758087158203,0.2544994056224823,56.133079528808594,-0.9999829530715942,0.9999980926513672,0.0
167,6,-0.057422760874032974,0.9900000095367432,64.19287872314453,62.96078872680664,56.66893768310547,0.36321374773979187,56.30572509765625,-0.9999776482582092,0.9996451139450073,0.0
167,7,0.008736368268728256,0.9900000095367432,62.96078872680664,62.183326721191406,57.00138473510742,0.4472477436065674,56.55413818359375,-0.9997997879981995,0.9994586706161499,5.960464477539063e-08
167,8,0.05030989274382591,0.9900000095367432,62.183326721191406,61.5394401550293,57.325439453125,0.46625345945358276,56.859188079833984,-0.9968695044517517,0.9999717473983765,1.5497207641601562e-06
167,9,0.06186925992369652,0.9900000095367432,61.5394401550293,60.81559753417969,57.6596794128418,0.44225791096687317,57.2174186706543,-0.9261203408241272,0.9883838891983032,2.682209014892578e-07
167,10,0.15690922737121582,0.9900000095367432,60.81559753417969,60.6325798034668,58.04086685180664,0.4044536352157593,57.63641357421875,0.3741614818572998,0.9999874830245972,7.897615432739258e-06
167,11,0.15444397926330566,0.9900000095367432,60.6325798034668,60.78473663330078,58.35475540161133,0.2632051110267639,58.091548919677734,0.9980887770652771,0.9996715784072876,1.2665987014770508e-05
167,12,0.10170495510101318,0.9900000095367432,60.78473663330078,60.57904052734375,58.683109283447266,0.11564182490110397,58.56747055053711,0.9985908269882202,0.99872887134552,2.384185791015625e-07
167,13,0.04488706216216087,0.9900000095367432,60.57904052734375,60.68902587890625,59.09914016723633,0.014818577095866203,59.08432388305664,0.9693700671195984,0.9998729825019836,1.4901161193847656e-07
167,14,-0.03197074308991432,0.9900000095367432,60.68902587890625,60.23038864135742,59.59611511230469,-0.03197074308991432,59.62808609008789,0.23670266568660736,0.9999635219573975,2.9802322387695312e-08
168,0,0.18680500984191895,0.9900000095367432,77.1077651977539,74.7907943725586,60.989662170410156,0.4776223599910736,60.51203536987305,0.5422652363777161,0.999931812286377,0.0
168,1,0.08713710308074951,0.9900000095367432,74.7907943725586,72.76773834228516,60.7131462097168,0.3092156946659088,60.403926849365234,0.6414687633514404,0.9972215294837952,5.960464477539063e-08
168,2,0.04071664437651634,0.9900000095367432,72.76773834228516,71.31529998779297,60.631591796875,0.23612822592258453,60.39545822143555,-0.0742802768945694,0.9997934103012085,0.0
168,3,-0.001027468591928482,0.9900000095367432,71.31529998779297,71.21928405761719,60.67067337036133,0.20777413249015808,60.462890625,-0.8024431467056274,0.9999802112579346,1.1920928955078125e-07
168,4,-0.02777290716767311,0.9900000095367432,71.21928405761719,70.7398681640625,60.76166534423828,0.2220112681388855,60.53964614868164,-0.9515483379364014,0.9999898672103882,2.384185791015625e-07
168,5,-0.04551303759217262,0.9900000095367432,70.7398681640625,70.00814056396484,60.91208267211914,0.2655865550041199,60.646488189697266,-0.9593615531921387,0.999985933303833,2.9802322387695312e-08
168,6,-0.05318129435181618,0.9900000095367432,70.00814056396484,69.20240783691406,61.129390716552734,0.33078107237815857,60.79860305786133,-0.9725098013877869,0.9998291730880737,0.0
168,7,-0.05135059729218483,0.9900000095367432,69.20240783691406,68.43611907958984,61.411006927490234,0.4082534611225128,61.00274658203125,-0.9719308018684387,0.9997159242630005,2.086162567138672e-07
168,8,-0.03600013628602028,0.9900000095367432,68.43611907958984,67.6375503540039,61.74882125854492,0.48868054151535034,61.260135650634766,-0.9568482637405396,0.999449610710144,6.255507469177246e-05
168,9,0.004935499280691147,0.9900000095367432,67.6375503540039,67.40873718261719,62.13371658325195,0.5578742027282715,61.57583999633789,-0.9240753650665283,0.9977296590805054,2.384185791015625e-07
168,10,0.07709312438964844,0.9900000095367432,67.40873718261719,67.65648651123047,62.51148223876953,0.5879199504852295,61.923561096191406,-0.7424607872962952,0.9632922410964966,0.00015875697135925293
168,11,0.15310657024383545,0.9900000095367432,67.65648651123047,66.97785186767578,62.82338333129883,0.5431438684463501,62.28023910522461,-0.15434828400611877,0.9986906051635742,8.538365364074707e-05
168,12,0.17118847370147705,0.9900000095367432,66.97785186767578,65.63626098632812,63.10991287231445,0.41471272706985474,62.6952018737793,0.9300340414047241,0.9998528957366943,3.445148468017578e-05
168,13,0.1422022581100464,0.9900000095367432,65.63626098632812,65.12273406982422,63.4659538269043,0.25893062353134155,63.20702362060547,0.9983630180358887,0.9992473125457764,2.8014183044433594e-06
168,14,0.12411308288574219,0.9900000095367432,65.12273406982422,64.42247772216797,63.902366638183594,0.12411308288574219,63.778255462646484,0.9858751893043518,0.9862781763076782,1.633167266845703e-05
169,0,1.2331886291503906,0.9900000095367432,77.01883697509766,77.8051986694336,101.77816772460938,20.77558135986328,81.00260162353516,-0.9999619126319885,0.9998597502708435,1.1324882507324219e-06
169,1,1.4726216793060303,0.9900000095367432,77.8051986694336,82.80421447753906,102.81087493896484,20.77872657775879,82.03215789794922,-0.9999988675117493,0.9998040795326233,8.940696716308594e-07
169,2,1.7861902713775635,0.9900000095367432,82.80421447753906,85.83676147460938,103.39122772216797,20.527490615844727,82.86373901367188,-0.9999999403953552,0.9999485015869141,2.22623348236084e-05
169,3,1.9836628437042236,0.9900000095367432,85.83676147460938,87.27294158935547,103.51527404785156,19.92695426940918,83.58832550048828,-0.9999999403953552,0.9999997615814209,1.8149614334106445e-05
169,4,2.1016011238098145,0.9900000095367432,87.27294158935547,88.12788391113281,103.36161804199219,19.078458786010742,84.28315734863281,-0.9999997615814209,0.9991756677627563,4.798173904418945e-06
169,5,2.1895389556884766,0.9900000095367432,88.12788391113281,88.9004135131836,103.02783966064453,18.050886154174805,84.9769515991211,-0.9999989867210388,0.9999868869781494,1.7881393432617188e-07
169,6,2.265110731124878,0.9900000095367432,88.9004135131836,89.66871643066406,102.53878784179688,16.864803314208984,85.67398071289062,-0.9999971389770508,0.9999784231185913,4.5299530029296875e-06
169,7,2.328221321105957,0.9900000095367432,89.66871643066406,90.45606994628906,101.89800262451172,15.523330688476562,86.37467193603516,-0.9999740719795227,0.9999885559082031,5.543231964111328e-06
169,8,2.3792521953582764,0.9900000095367432,90.45606994628906,91.21295166015625,101.1081314086914,14.029887199401855,87.0782470703125,-0.9999157190322876,0.9945467710494995,1.1771917343139648e-05
169,9,2.412484884262085,0.9900000095367432,91.21295166015625,91.91702270507812,100.17420959472656,12.387703895568848,87.78650665283203,-0.9996239542961121,0.9999687671661377,4.9442052841186523e-05
169,10,2.428497076034546,0.9900000095367432,91.91702270507812,92.52802276611328,99.10881042480469,10.606292724609375,88.50251770019531,-0.99771648645401,0.9998764991760254,3.9637088775634766e-06
169,11,2.4258968830108643,0.9900000095367432,92.52802276611328,93.01863861083984,97.92681884765625,8.695157051086426,89.2316665649414,-0.9867250919342041,0.9991709589958191,2.086162567138672e-07
169,12,2.4022812843322754,0.9900000095367432,93.01863861083984,93.3389663696289,96.6469955444336,6.66588020324707,89.98111724853516,-0.9207903742790222,0.9992382526397705,2.086162567138672e-07
169,13,2.355642795562744,0.9900000095367432,93.3389663696289,93.16793060302734,95.2944564819336,4.533331871032715,90.76112365722656,-0.4283148944377899,0.9999246597290039,3.5762786865234375e-07
169,14,2.3154585361480713,0.9900000095367432,93.16793060302734,92.52472686767578,93.9149398803711,2.3154585361480713,91.59947967529297,0.9844892621040344,0.999968409538269,1.1920928955078125e-07
170,0,-0.08790624141693115,0.9900000095367432,68.54644012451172,71.85574340820312,72.42005920410156,1.2051035165786743,71.21495056152344,-0.9987249374389648,0.9996621608734131,2.321600914001465e-05
170,1,-0.07837069034576416,0.9900000095367432,71.85574340820312,72.24921417236328,73.31324768066406,1.374811053276062,71.93843078613281,-0.9999845027923584,0.9999488592147827,8.255243301391602e-06
170,2,-0.07200229167938232,0.9900000095367432,72.24921417236328,72.32878875732422,74.23209381103516,1.5451161861419678,72.68696594238281,-0.9999963641166687,0.9949163198471069,5.304813385009766e-06
170,3,-0.0600593127310276,0.9900000095367432,72.32878875732422,72.88848114013672,75.19810485839844,1.7194242477416992,73.47867584228516,-0.9998307228088379,0.99986732006073,2.0563602447509766e-06
170,4,-0.036816004663705826,0.9900000095367432,72.88848114013672,73.34027862548828,76.1830825805664,1.8920612335205078,74.291015625,-0.9750048518180847,0.999725878238678,3.647804260253906e-05
170,5,-0.06406581401824951,0.9900000095367432,73.34027862548828,73.13922119140625,77.18187713623047,2.050906181335449,75.1309585571289,0.8903232216835022,0.9927947521209717,0.00028195977210998535
170,6,-0.07805526256561279,0.9900000095367432,73.13922119140625,74.72895812988281,78.28340911865234,2.2487740516662598,76.03462982177734,1.0,0.9939764738082886,1.1861324310302734e-05
170,7,-0.06517910957336426,0.9900000095367432,74.72895812988281,76.00041961669922,79.38583374023438,2.474034309387207,76.91179656982422,1.0,0.9938352108001709,2.422928810119629e-05
170,8,-0.034543756395578384,0.9900000095367432,76.00041961669922,77.49942779541016,80.47740173339844,2.699854850769043,77.77754211425781,1.0,0.9948737621307373,1.7881393432617188e-06
170,9,0.04891740903258324,0.9900000095367432,77.49942779541016,78.7222671508789,81.52655792236328,2.907388210296631,78.6191635131836,1.0,0.9971989393234253,1.4901161193847656e-07
170,10,0.24795639514923096,0.9900000095367432,78.7222671508789,79.91411590576172,82.48898315429688,3.0393099784851074,79.44967651367188,1.0,0.9990500211715698,3.2782554626464844e-07
170,11,0.4974510669708252,0.9900000095367432,79.91411590576172,80.9421615600586,83.2379379272461,2.9679465293884277,80.2699966430664,1.0,0.9997065663337708,0.0
170,12,0.7523691654205322,0.9900000095367432,80.9421615600586,81.91455078125,83.71488189697266,2.6267895698547363,81.08809661865234,1.0,0.9997332096099854,2.9802322387695312e-08
170,13,0.968487560749054,0.9900000095367432,81.91455078125,82.72715759277344,83.8997802734375,1.9930040836334229,81.90677642822266,1.0,0.9998781681060791,0.0
170,14,1.089331865310669,0.9900000095367432,82.72715759277344,83.57018280029297,83.82381439208984,1.089331865310669,82.73448181152344,1.0,0.9999984502792358,0.0
171,0,0.13518834114074707,0.9900000095367432,47.260643005371094,48.06531524658203,54.533973693847656,0.17010991275310516,54.363853454589844,1.0,0.4540603756904602,0.000694960355758667
171,1,-0.06585800647735596,0.9900000095367432,48.06531524658203,48.076744079589844,55.310523986816406,0.03713085502386093,55.27338790893555,1.0,0.8005237579345703,0.0014168620109558105
171,2,-0.07996702194213867,0.9900000095367432,48.076744079589844,51.31221008300781,56.349369049072266,0.10950437188148499,56.23986053466797,1.0,0.9310606718063354,4.172325134277344e-06
171,3,-0.0846564769744873,0.9900000095367432,51.31221008300781,55.35367965698242,57.29865264892578,0.2014581561088562,57.09718704223633,1.0,0.9995408058166504,4.559755325317383e-06
171,4,-0.08111989498138428,0.9900000095367432,55.35367965698242,57.127445220947266,58.10026550292969,0.3042154610157013,57.79604721069336,0.9998496174812317,0.9991856813430786,2.086162567138672e-07
171,5,-0.07563304901123047,0.9900000095367432,57.127445220947266,58.37367630004883,58.85547637939453,0.4097132980823517,58.44575881958008,0.8893979787826538,0.9998904466629028,1.043081283569336e-06
171,6,-0.07534909248352051,0.9900000095367432,58.37367630004883,59.88466262817383,59.58704376220703,0.5160514116287231,59.070987701416016,-0.04202033579349518,0.999981164932251,4.76837158203125e-07
171,7,-0.06863164901733398,0.9900000095367432,59.88466262817383,61.60146713256836,60.285064697265625,0.6288149952888489,59.65624237060547,-0.6523723602294922,0.9998509287834167,2.9802322387695312e-08
171,8,-0.05102980509400368,0.9900000095367432,61.60146713256836,63.32394790649414,60.929744720458984,0.7415700554847717,60.188167572021484,-0.9429218769073486,0.9999947547912598,5.960464477539063e-08
171,9,-0.021218422800302505,0.9900000095367432,63.32394790649414,64.7171401977539,61.50583267211914,0.8427430391311646,60.663082122802734,-0.9969409704208374,0.9999442100524902,8.940696716308594e-08
171,10,0.012069936841726303,0.9900000095367432,64.7171401977539,65.34851837158203,62.01334762573242,0.9186193346977234,61.094722747802734,-0.9993726015090942,0.9999141693115234,8.940696716308594e-08
171,11,0.05783319100737572,0.9900000095367432,65.34851837158203,65.05762481689453,62.484344482421875,0.9639015197753906,61.52043914794922,-0.9994387626647949,0.9999815225601196,3.129243850708008e-06
171,12,0.20268356800079346,0.9900000095367432,65.05762481689453,64.62918853759766,62.95178985595703,0.9633899927139282,61.988399505615234,-0.9985523819923401,0.9999897480010986,8.940696716308594e-08
171,13,0.3658030033111572,0.9900000095367432,64.62918853759766,64.23444366455078,63.31734085083008,0.8088319301605225,62.50851058959961,-0.9868848323822021,0.9999644160270691,7.748603820800781e-07
171,14,0.47105681896209717,0.9900000095367432,64.23444366455078,63.7194938659668,63.5533561706543,0.47105681896209717,63.082298278808594,-0.30333036184310913,0.9988802671432495,1.3560056686401367e-05
172,0,-0.11572563648223877,0.9900000095367432,47.484806060791016,43.59256362915039,40.64482879638672,-1.042773962020874,41.68760681152344,-1.0,0.9999995231628418,0.0
172,1,-0.11543965339660645,0.9900000095367432,43.59256362915039,43.468345642089844,41.044898986816406,-0.9856973886489868,42.03059768676758,-1.0,0.9999998807907104,0.0
172,2,-0.11512637138366699,0.9900000095367432,43.468345642089844,43.04958724975586,41.47650909423828,-0.9253139495849609,42.401824951171875,-1.0,1.0,0.0
172,3,-0.11467611789703369,0.9900000095367432,43.04958724975586,43.63624954223633,41.957130432128906,-0.8614434599876404,42.81857681274414,-1.0,0.9999999403953552,0.0
172,4,-0.114044189453125,0.9900000095367432,43.63624954223633,44.59652328491211,42.436805725097656,-0.7940109968185425,43.23081588745117,-1.0,0.9999997615814209,0.0
172,5,-0.11334061622619629,0.9900000095367432,44.59652328491211,45.68476486206055,42.895606994628906,-0.7229843735694885,43.618595123291016,-1.0,0.9999990463256836,0.0
172,6,-0.11253237724304199,0.9900000095367432,45.68476486206055,46.654022216796875,43.325416564941406,-0.6482123732566833,43.973628997802734,-1.0,0.9999992847442627,0.0
172,7,-0.11117947101593018,0.9900000095367432,46.654022216796875,47.42793655395508,43.73054122924805,-0.5695694088935852,44.300106048583984,-1.0,0.9999915957450867,0.0
172,8,-0.10784435272216797,0.9900000095367432,47.42793655395508,47.88089370727539,44.11912536621094,-0.48738962411880493,44.60651397705078,-1.0,0.9999974966049194,0.0
172,9,-0.10050737857818604,0.9900000095367432,47.88089370727539,47.90224075317383,44.50490951538086,-0.4035569131374359,44.90846252441406,-0.9999999403953552,0.9999980330467224,2.9802322387695312e-08
172,10,-0.09062850475311279,0.9900000095367432,47.90224075317383,47.471065521240234,44.90616989135742,-0.3222217559814453,45.2283935546875,-0.9999957084655762,0.9999983906745911,5.960464477539062e-07
172,11,-0.08155262470245361,0.9900000095367432,47.471065521240234,46.7702751159668,45.345008850097656,-0.24624483287334442,45.59125518798828,-0.9997485280036926,0.9999057054519653,6.854534149169922e-07
172,12,-0.07416915893554688,0.9900000095367432,46.7702751159668,45.99683380126953,45.83884811401367,-0.175111323595047,46.01395797729492,-0.9928374290466309,0.9999183416366577,8.940696716308594e-08
172,13,-0.06701576709747314,0.9900000095367432,45.99683380126953,45.4578742980957,46.39678192138672,-0.10732820630073547,46.50410842895508,-0.8785290122032166,0.9996411800384521,2.980232238769531e-07
172,14,-0.042862776666879654,0.9900000095367432,45.4578742980957,47.528926849365234,47.01077651977539,-0.042862776666879654,47.05363845825195,0.1945676952600479,0.9996536374092102,2.384185791015625e-07
173,0,-0.11863422393798828,0.9900000095367432,20.21480941772461,16.917829513549805,13.813364028930664,-1.2028863430023193,15.016247749328613,1.0,0.9989723563194275,1.7881393432617188e-07
173,1,-0.1190338134765625,0.9900000095367432,16.917829513549805,15.5639009475708,13.922982215881348,-1.1528464555740356,15.075826644897461,1.0,0.9998720288276672,5.960464477539063e-08
173,2,-0.11935961246490479,0.9900000095367432,15.5639009475708,16.19558334350586,14.11121940612793,-1.0992159843444824,15.210433959960938,1.0,0.9999592900276184,0.0
173,3,-0.11949396133422852,0.9900000095367432,16.19558334350586,16.23558807373047,14.278467178344727,-1.0418461561203003,15.320311546325684,1.0,0.9999963045120239,2.9802322387695312e-08
173,4,-0.11953508853912354,0.9900000095367432,16.23558807373047,15.880182266235352,14.454333305358887,-0.9807040691375732,15.435035705566406,0.9999995827674866,0.9999544620513916,0.0
173,5,-0.11945950984954834,0.9900000095367432,15.880182266235352,15.286972045898438,14.660074234008789,-0.9156501293182373,15.575722694396973,0.9999913573265076,0.999994158744812,0.0
173,6,-0.11930513381958008,0.9900000095367432,15.286972045898438,14.767903327941895,14.909971237182617,-0.8465610146522522,15.75653076171875,0.9997759461402893,0.999992847442627,0.0
173,7,-0.11906290054321289,0.9900000095367432,14.767903327941895,14.379080772399902,15.20283317565918,-0.7732651829719543,15.97609806060791,0.9923537373542786,0.9998844861984253,0.0
173,8,-0.11884307861328125,0.9900000095367432,14.379080772399902,14.296314239501953,15.534429550170898,-0.6955898404121399,16.23002052307129,0.8007254004478455,0.9999986290931702,2.9802322387695312e-08
173,9,-0.11896908283233643,0.9900000095367432,14.296314239501953,15.574360847473145,15.89112663269043,-0.6132341623306274,16.504362106323242,-0.29891395568847656,1.0,2.9802322387695312e-08
173,10,-0.1187591552734375,0.9900000095367432,15.574360847473145,16.306846618652344,16.203258514404297,-0.5255343914031982,16.72879409790039,-0.6317800283432007,0.999992311000824,0.0
173,11,-0.1185905933380127,0.9900000095367432,16.306846618652344,16.569583892822266,16.496362686157227,-0.4325096011161804,16.92887306213379,-0.8623213171958923,0.9999911189079285,0.0
173,12,-0.11833083629608154,0.9900000095367432,16.569583892822266,16.643226623535156,16.794002532958984,-0.33377885818481445,17.12778091430664,-0.9635636210441589,0.9999911785125732,0.0
173,13,-0.1181337833404541,0.9900000095367432,16.643226623535156,16.990764617919922,17.106319427490234,-0.22907817363739014,17.335397720336914,-0.9881929159164429,0.9999992251396179,0.0
173,14,-0.11796319484710693,0.9900000095367432,16.990764617919922,17.715007781982422,17.419893264770508,-0.11796319484710693,17.537857055664062,-0.9959688782691956,0.9999182224273682,2.9802322387695312e-08
174,0,-0.11118793487548828,0.9900000095367432,49.75706100463867,45.989498138427734,47.13859176635742,-0.5676429271697998,47.706241607666016,-1.0,1.0,0.0
174,1,-0.10652434825897217,0.9900000095367432,45.989498138427734,45.600276947021484,47.81849670410156,-0.4853322505950928,48.303836822509766,-1.0,1.0,0.0
174,2,-0.1058814525604248,0.9900000095367432,45.600276947021484,44.38832092285156,48.55694580078125,-0.4027729034423828,48.9597282409668,-1.0,0.9999988675117493,0.0
174,3,-0.10606265068054199,0.9900000095367432,44.38832092285156,44.02881622314453,49.40521240234375,-0.3156740367412567,49.72089767456055,-1.0,0.9999890923500061,0.0
174,4,-0.10535478591918945,0.9900000095367432,44.02881622314453,44.49957275390625,50.32626724243164,-0.2228722870349884,50.54914474487305,-1.0,0.999974250793457,0.0
174,5,-0.09876930713653564,0.9900000095367432,44.49957275390625,45.47023391723633,51.28005599975586,-0.12495214492082596,51.40501403808594,-1.0,0.9999935030937195,2.9802322387695312e-08
174,6,-0.08014559745788574,0.9900000095367432,45.47023391723633,46.48672103881836,52.23609924316406,-0.02783927321434021,52.26394271850586,-0.9999980926513672,0.999771237373352,3.8743019104003906e-07
174,7,-0.05264926329255104,0.9900000095367432,46.48672103881836,47.13447952270508,53.1793212890625,0.055615443736314774,53.12371063232422,-0.9996547102928162,0.9999464750289917,8.046627044677734e-07
174,8,-0.02257383242249489,0.9900000095367432,47.13447952270508,47.66292190551758,54.11888885498047,0.1151139885187149,54.00377655029297,-0.9234215021133423,0.9999574422836304,2.0563602447509766e-06
174,9,0.028049465268850327,0.9900000095367432,47.66292190551758,50.94013595581055,55.058109283447266,0.14639852941036224,54.91170883178711,0.7382726669311523,0.999630331993103,2.652406692504883e-06
174,10,0.022456761449575424,0.9900000095367432,50.94013595581055,52.984256744384766,55.8304328918457,0.1258363276720047,55.704593658447266,0.9999500513076782,0.9975264072418213,5.960464477539063e-08
174,11,0.02472519502043724,0.9900000095367432,52.984256744384766,55.190372467041016,56.54998016357422,0.10991978645324707,56.44005584716797,0.9999722838401794,0.9999988079071045,1.1920928955078125e-07
174,12,0.029004570096731186,0.9900000095367432,55.190372467041016,56.82180404663086,57.1965217590332,0.09058436751365662,57.10593795776367,0.9999741911888123,0.9996602535247803,0.0
174,13,0.03189372643828392,0.9900000095367432,56.82180404663086,58.0820426940918,57.793556213378906,0.06547559797763824,57.72808074951172,0.9999308586120605,0.9999686479568481,0.0
174,14,0.03570639714598656,0.9900000095367432,58.0820426940918,58.91238021850586,58.35895919799805,0.03570639714598656,58.3232536315918,0.9997654557228088,0.999972939491272,0.0
175,0,-0.1098867654800415,0.9900000095367432,66.10320281982422,65.28201293945312,63.98036193847656,0.039513394236564636,63.940879821777344,-0.9990211725234985,0.9999997019767761,0.0
175,1,-0.09719729423522949,0.9900000095367432,65.28201293945312,64.8693618774414,64.70897674560547,0.15885183215141296,64.55015563964844,-0.9999997019767761,0.9999979734420776,0.0
175,2,-0.06752502918243408,0.9900000095367432,64.8693618774414,65.68427276611328,65.49191284179688,0.27224788069725037,65.21969604492188,-0.9999998807907104,0.9999696016311646,0.0
175,3,-0.02377176657319069,0.9900000095367432,65.68427276611328,66.18291473388672,66.24994659423828,0.36126837134361267,65.88870239257812,-0.9999983310699463,0.9999997019767761,2.9802322387695312e-08
175,4,0.02006816491484642,0.9900000095367432,66.18291473388672,66.51905822753906,66.98316955566406,0.4093993902206421,66.57379150390625,-0.9996433854103088,0.999962329864502,1.4901161193847656e-07
175,5,0.06601607799530029,0.9900000095367432,66.51905822753906,66.77742004394531,67.69847106933594,0.4139619469642639,67.28453063964844,-0.8070464730262756,0.9999653100967407,5.662441253662109e-07
175,6,0.17959856986999512,0.9900000095367432,66.77742004394531,68.6100082397461,68.39656829833984,0.36995837092399597,68.02662658691406,0.9812553524971008,0.9999923706054688,2.9802322387695312e-08
175,7,0.13226234912872314,0.9900000095367432,68.6100082397461,68.87726593017578,68.9216079711914,0.2024027705192566,68.7192153930664,0.9999946355819702,0.9999263286590576,8.940696716308594e-08
175,8,0.0823822021484375,0.9900000095367432,68.87726593017578,69.77306365966797,69.51612854003906,0.07457780838012695,69.44155883789062,0.9999483227729797,0.9999991655349731,5.960464477539063e-08
175,9,0.0283886156976223,0.9900000095367432,69.77306365966797,70.58979034423828,70.15414428710938,-0.008298132568597794,70.16246032714844,0.9973474144935608,0.999737560749054,0.0
175,10,-0.02371228113770485,0.9900000095367432,70.58979034423828,71.0412368774414,70.84696197509766,-0.03900770843029022,70.88597869873047,0.6567692756652832,0.9999643564224243,1.2516975402832031e-06
175,11,-0.0732947587966919,0.9900000095367432,71.0412368774414,72.1063003540039,71.61524200439453,-0.016263078898191452,71.63150787353516,-0.9158130288124084,0.9999867677688599,0.0
175,12,-0.04599059000611305,0.9900000095367432,72.1063003540039,73.7642593383789,72.42878723144531,0.06063974276185036,72.36814880371094,-0.9672535061836243,0.9999394416809082,0.0
175,13,0.024890299886465073,0.9900000095367432,73.7642593383789,75.0844497680664,73.1775131225586,0.11337621510028839,73.06413269042969,-0.5357934832572937,0.9999896287918091,0.0
175,14,0.09408390522003174,0.9900000095367432,75.0844497680664,74.4794692993164,73.8287582397461,0.09408390522003174,73.73467254638672,0.9618706703186035,0.9999374151229858,2.9802322387695312e-08
176,0,1.9867489337921143,0.9900000095367432,81.70626068115234,76.66854858398438,79.45620727539062,15.87671947479248,63.57949447631836,-0.9739789366722107,0.999740719795227,0.0
176,1,1.7844221591949463,0.9900000095367432,76.66854858398438,75.04232025146484,78.33531188964844,14.768709182739258,63.56661605834961,-0.9580152630805969,0.9999990463256836,0.0
176,2,1.543548583984375,0.9900000095367432,75.04232025146484,73.70667266845703,77.44422912597656,13.8057279586792,63.63851547241211,-0.9488712549209595,0.9999985098838806,4.470348358154297e-07
176,3,1.393294095993042,0.9900000095367432,73.70667266845703,73.9742202758789,76.82317352294922,13.03793716430664,63.785255432128906,-0.9750768542289734,0.9999974966049194,5.960464477539063e-08
176,4,1.421248435974121,0.9900000095367432,73.9742202758789,74.1802749633789,76.30851745605469,12.381332397460938,63.92720031738281,-0.9892079830169678,0.9999868869781494,2.9802322387695312e-08
176,5,1.4264743328094482,0.9900000095367432,74.1802749633789,73.34147644042969,75.7207260131836,11.653465270996094,64.0672836303711,-0.9924125671386719,0.9999827146530151,8.940696716308594e-08
176,6,1.4234857559204102,0.9900000095367432,73.34147644042969,71.84706115722656,75.13433837890625,10.873993873596191,64.26036834716797,-0.9962027072906494,0.9996591806411743,8.940696716308594e-08
176,7,1.4295730590820312,0.9900000095367432,71.84706115722656,70.50353240966797,74.59268951416016,10.04838752746582,64.54432678222656,-0.9985322952270508,0.998764157295227,1.9669532775878906e-06
176,8,1.455193281173706,0.9900000095367432,70.50353240966797,69.43325805664062,74.08100891113281,9.164077758789062,64.91696166992188,-0.9996358156204224,0.9999166131019592,4.5299530029296875e-06
176,9,1.4896812438964844,0.9900000095367432,69.43325805664062,68.72408294677734,73.56605529785156,8.19658088684082,65.36949920654297,-0.9999262690544128,0.9983183145523071,1.0728836059570312e-06
176,10,1.5307228565216064,0.9900000095367432,68.72408294677734,68.32508850097656,73.01918029785156,7.1312055587768555,65.88798522949219,-0.9999874234199524,0.9998501539230347,1.4573335647583008e-05
176,11,1.5739846229553223,0.9900000095367432,68.32508850097656,68.21785736083984,72.41506958007812,5.954792499542236,66.46028137207031,-0.9999979138374329,0.9995310306549072,8.940696716308594e-08
176,12,1.6163454055786133,0.9900000095367432,68.21785736083984,68.33450317382812,71.73237609863281,4.657956123352051,67.07442474365234,-0.9999998807907104,0.9999219179153442,1.0311603546142578e-05
176,13,1.652740716934204,0.9900000095367432,68.33450317382812,68.638427734375,70.95531463623047,3.2340359687805176,67.72128295898438,-1.0,0.9999613761901855,5.513429641723633e-06
176,14,1.6813344955444336,0.9900000095367432,68.638427734375,69.08390808105469,70.07440185546875,1.6813344955444336,68.39306640625,-1.0,0.9999955892562866,4.589557647705078e-06
177,0,0.17333054542541504,0.9900000095367432,58.43370819091797,54.46562194824219,51.8789176940918,0.4059999883174896,51.47290802001953,-0.9997297525405884,0.9999990463256836,0.0
177,1,0.09732067584991455,0.9900000095367432,54.46562194824219,53.746124267578125,52.110084533691406,0.24738909304141998,51.86268997192383,-0.9955225586891174,1.0,0.0
177,2,0.021463748067617416,0.9900000095367432,53.746124267578125,52.611637115478516,52.47456741333008,0.1595623791217804,52.314998626708984,-0.9648379683494568,0.9999996423721313,0.0
177,3,-0.024558905512094498,0.9900000095367432,52.611637115478516,51.96659469604492,53.002471923828125,0.1468353271484375,52.85563659667969,-0.9427083730697632,0.9999715089797974,0.0
177,4,-0.0503774918615818,0.9900000095367432,51.96659469604492,51.5544319152832,53.64665985107422,0.18223734200000763,53.464420318603516,-0.8424249291419983,0.9999643564224243,0.0
177,5,-0.045637015253305435,0.9900000095367432,51.5544319152832,51.06373596191406,54.38074493408203,0.24733102321624756,54.13341522216797,-0.4173503816127777,0.9999951124191284,0.0
177,6,0.003613825887441635,0.9900000095367432,51.06373596191406,50.364524841308594,55.18205642700195,0.3115024268627167,54.87055969238281,0.7880605459213257,0.9999825954437256,0.0
177,7,-0.0035089291632175446,0.9900000095367432,50.364524841308594,50.31621170043945,56.01850128173828,0.3273669481277466,55.691139221191406,0.9856477379798889,0.9999998807907104,0.0
177,8,-0.0034238137304782867,0.9900000095367432,50.31621170043945,51.62566375732422,56.9179801940918,0.35180848836898804,56.56616973876953,0.9018079042434692,0.999997615814209,0.0
177,9,-0.01084781065583229,0.9900000095367432,51.62566375732422,53.104854583740234,57.80535125732422,0.37770578265190125,57.427642822265625,0.37848401069641113,0.9999985694885254,0.0
177,10,0.014145847409963608,0.9900000095367432,53.104854583740234,54.98379898071289,58.67890167236328,0.4131351411342621,58.26576614379883,0.45657163858413696,0.9999998807907104,0.0
177,11,0.06258654594421387,0.9900000095367432,54.98379898071289,56.75454330444336,59.48225021362305,0.42423105239868164,59.05801773071289,0.6979841589927673,0.9999997615814209,0.0
177,12,0.09110486507415771,0.9900000095367432,56.75454330444336,58.35703659057617,60.19171905517578,0.3845236599445343,59.80719757080078,0.4592885375022888,0.9999971389770508,0.0
177,13,0.13347232341766357,0.9900000095367432,58.35703659057617,60.15919876098633,60.8314094543457,0.3119817078113556,60.51942825317383,0.47298815846443176,0.9999995231628418,0.0
177,14,0.1898026466369629,0.9900000095367432,60.15919876098633,61.799861907958984,61.37166976928711,0.1898026466369629,61.18186569213867,0.5647373199462891,0.9999997615814209,0.0
178,0,-0.11871528625488281,0.9900000095367432,36.885711669921875,37.13800048828125,41.408103942871094,-1.1821545362472534,42.59025955200195,0.9710699915885925,0.9995789527893066,0.00021529197692871094
178,1,-0.11871492862701416,0.9900000095367432,37.13800048828125,38.01426315307617,42.19934844970703,-1.1307169198989868,43.3300666809082,0.999431848526001,0.9944201111793518,1.9371509552001953e-05
178,2,-0.11853969097137451,0.9900000095367432,38.01426315307617,39.3076286315918,42.994529724121094,-1.0760254859924316,44.070556640625,0.9971118569374084,0.9996151924133301,1.2218952178955078e-06
178,3,-0.11840677261352539,0.9900000095367432,39.3076286315918,40.59052658081055,43.771759033203125,-1.0180604457855225,44.78982162475586,0.9416859745979309,0.9999992847442627,1.430511474609375e-06
178,4,-0.1187368631362915,0.9900000095367432,40.59052658081055,41.821258544921875,44.53050231933594,-0.9565696120262146,45.4870719909668,0.23563902080059052,0.9999420642852783,1.7881393432617188e-07
178,5,-0.11902940273284912,0.9900000095367432,41.821258544921875,45.11114501953125,45.2728157043457,-0.8908376097679138,46.16365432739258,-0.7087815403938293,0.9999539852142334,5.960464477539063e-08
178,6,-0.11838757991790771,0.9900000095367432,45.11114501953125,47.84259796142578,45.88925552368164,-0.8206360936164856,46.70989227294922,-0.9690958261489868,0.9999724626541138,6.556510925292969e-07
178,7,-0.11760520935058594,0.9900000095367432,47.84259796142578,49.080928802490234,46.40025329589844,-0.7466757297515869,47.14692687988281,-0.9986115097999573,0.9998401403427124,9.238719940185547e-07
178,8,-0.11694443225860596,0.9900000095367432,49.080928802490234,49.43799591064453,46.8775634765625,-0.6688681244850159,47.54643249511719,-0.9955030083656311,0.9996300935745239,8.940696716308594e-07
178,9,-0.11637306213378906,0.9900000095367432,49.43799591064453,49.61347579956055,47.365577697753906,-0.5868407487869263,47.95241928100586,-0.9574459791183472,0.9984394907951355,1.996755599975586e-06
178,10,-0.11561918258666992,0.9900000095367432,49.61347579956055,49.33757019042969,47.8746223449707,-0.5002314448356628,48.374855041503906,-0.5254743099212646,0.9994446039199829,5.364418029785156e-06
178,11,-0.11338484287261963,0.9900000095367432,49.33757019042969,48.97920608520508,48.429595947265625,-0.4089444577693939,48.83854293823242,0.8675650358200073,0.9997111558914185,4.0203332901000977e-05
178,12,-0.11259400844573975,0.9900000095367432,48.97920608520508,49.55014419555664,49.036163330078125,-0.31425797939300537,49.35042190551758,0.9987050294876099,0.9992660880088806,2.86102294921875e-06
178,13,-0.11107683181762695,0.9900000095367432,49.55014419555664,50.158512115478516,49.650211334228516,-0.2144220769405365,49.8646354675293,0.9976920485496521,0.9994489550590515,1.7881393432617188e-06
178,14,-0.10988330841064453,0.9900000095367432,50.158512115478516,50.888240814208984,50.269474029541016,-0.10988330841064453,50.379356384277344,0.9848271608352661,0.9998705387115479,5.960464477539062e-07
179,0,-0.11933553218841553,0.9900000095367432,51.48430252075195,50.2657585144043,58.97761917114258,-0.7658106088638306,59.74342727661133,-1.0,0.9999998807907104,0.0
179,1,-0.11856675148010254,0.9900000095367432,50.2657585144043,52.63241195678711,60.19011306762695,-0.6873738169670105,60.87748718261719,-1.0,0.9999999403953552,0.0
179,2,-0.11797583103179932,0.9900000095367432,52.63241195678711,54.19423294067383,61.35393142700195,-0.6047922372817993,61.9587287902832,-1.0,0.9999986290931702,0.0
179,3,-0.11682510375976562,0.9900000095367432,54.19423294067383,55.52243423461914,62.508548736572266,-0.517614483833313,63.02617263793945,-1.0,0.999999463558197,5.960464477539063e-08
179,4,-0.11546516418457031,0.9900000095367432,55.52243423461914,57.43571090698242,63.66508483886719,-0.4261450171470642,64.09123992919922,-1.0,0.9999998807907104,2.682209014892578e-07
179,5,-0.11310470104217529,0.9900000095367432,57.43571090698242,59.438961029052734,64.79264068603516,-0.33033478260040283,65.12298583984375,-1.0,0.9999998807907104,5.960464477539063e-08
179,6,-0.10865414142608643,0.9900000095367432,59.438961029052734,61.96366500854492,65.88359069824219,-0.23097297549247742,66.11457061767578,-1.0,0.9999998211860657,2.9802322387695312e-08
179,7,-0.09640395641326904,0.9900000095367432,61.96366500854492,64.34691619873047,66.90595245361328,-0.13005724549293518,67.0360107421875,-1.0,0.9999716877937317,4.76837158203125e-07
179,8,-0.06990694999694824,0.9900000095367432,64.34691619873047,66.6097412109375,67.85453033447266,-0.0357823446393013,67.89031219482422,-1.0,0.9988992214202881,1.1920928955078125e-07
179,9,-0.03931749239563942,0.9900000095367432,66.6097412109375,68.47821807861328,68.7158432006836,0.036283474415540695,68.67955780029297,-1.0,0.9999912977218628,2.086162567138672e-07
179,10,-0.013905290514230728,0.9900000095367432,68.47821807861328,69.97842407226562,69.50077819824219,0.08038380742073059,69.42040252685547,-1.0,0.9999123811721802,1.671910285949707e-05
179,11,0.006835456937551498,0.9900000095367432,69.97842407226562,71.08661651611328,70.22940826416016,0.10025422275066376,70.12915802001953,-1.0,0.9994198083877563,1.710653305053711e-05
179,12,0.023265596479177475,0.9900000095367432,71.08661651611328,71.94982147216797,70.92375183105469,0.09932883083820343,70.82442474365234,-1.0,0.9999867677688599,3.3915042877197266e-05
179,13,0.03664946183562279,0.9900000095367432,71.94982147216797,72.54752349853516,71.59912109375,0.08087531477212906,71.51824951171875,-0.9999998807907104,0.9999184608459473,3.466010093688965e-05
179,14,0.04702376946806908,0.9900000095367432,72.54752349853516,72.95404815673828,72.27153015136719,0.04702376946806908,72.2245101928711,-0.9999983906745911,0.9998326301574707,1.913309097290039e-05
180,0,-0.04275179281830788,0.9900000095367432,40.28815841674805,41.82033157348633,37.82489776611328,-0.7979856729507446,38.622894287109375,0.9999985098838806,0.998120903968811,2.9802322387695312e-08
180,1,-0.04944003000855446,0.9900000095367432,41.82033157348633,41.181758880615234,38.06224822998047,-0.8030131459236145,38.865272521972656,1.0,0.9999339580535889,1.1920928955078125e-07
180,2,-0.05635714903473854,0.9900000095367432,41.181758880615234,40.77700424194336,38.35533142089844,-0.8012473583221436,39.15658950805664,1.0,0.9999722838401794,2.980232238769531e-07
180,3,-0.06611120700836182,0.9900000095367432,40.77700424194336,40.85062789916992,38.69561767578125,-0.7920151352882385,39.48764419555664,1.0,0.9998953938484192,2.682209014892578e-07
180,4,-0.07535207271575928,0.9900000095367432,40.85062789916992,40.8562126159668,39.06393051147461,-0.7718276977539062,39.83576583862305,1.0,0.9996459484100342,0.0
180,5,-0.08476996421813965,0.9900000095367432,40.8562126159668,41.057518005371094,39.46507263183594,-0.7405375838279724,40.20561599731445,0.9999999403953552,0.9999749660491943,0.0
180,6,-0.09220874309539795,0.9900000095367432,41.057518005371094,41.19792556762695,39.891014099121094,-0.6972542405128479,40.58827209472656,0.9999997019767761,0.9999816417694092,0.0
180,7,-0.09771132469177246,0.9900000095367432,41.19792556762695,41.48257827758789,40.34442138671875,-0.6433232426643372,40.98774719238281,0.999997615814209,0.9999433755874634,0.0
180,8,-0.10103702545166016,0.9900000095367432,41.48257827758789,41.82980728149414,40.817378997802734,-0.5801296234130859,41.39751434326172,0.9999898672103882,0.999977707862854,0.0
180,9,-0.1023327112197876,0.9900000095367432,41.82980728149414,42.34758377075195,41.305519104003906,-0.5094019770622253,41.81492614746094,0.9999845027923584,0.9999938607215881,0.0
180,10,-0.10149240493774414,0.9900000095367432,42.34758377075195,42.907073974609375,41.79867172241211,-0.43282216787338257,42.23149490356445,0.9999836087226868,0.999885082244873,0.0
180,11,-0.09920036792755127,0.9900000095367432,42.907073974609375,43.422935485839844,42.29267883300781,-0.352291077375412,42.64496612548828,0.9999800324440002,0.9999990463256836,0.0
180,12,-0.09670412540435791,0.9900000095367432,43.422935485839844,43.796077728271484,42.788352966308594,-0.2691023051738739,43.05744934082031,0.9999549388885498,0.9999998807907104,0.0
180,13,-0.09492349624633789,0.9900000095367432,43.796077728271484,44.096675872802734,43.293087005615234,-0.1833048164844513,43.47639083862305,0.9998876452445984,1.0,0.0
180,14,-0.09397268295288086,0.9900000095367432,44.096675872802734,44.34950637817383,43.812042236328125,-0.09397268295288086,43.90601348876953,0.9996466040611267,0.9999921917915344,0.0
181,0,-0.006043437868356705,0.9900000095367432,34.6297492980957,36.56163787841797,38.27182388305664,-0.8390029072761536,39.110816955566406,0.47580066323280334,0.9998675584793091,8.940696716308594e-08
181,1,-0.032458189874887466,0.9900000095367432,36.56163787841797,37.673709869384766,38.77518844604492,-0.8856559991836548,39.66083526611328,0.9999884963035583,0.9993923902511597,1.7881393432617188e-07
181,2,-0.06089067831635475,0.9900000095367432,37.673709869384766,38.708438873291016,39.27995300292969,-0.9071747660636902,40.1871223449707,0.9999990463256836,0.9999001026153564,2.3543834686279297e-06
181,3,-0.07851505279541016,0.9900000095367432,38.708438873291016,39.56737518310547,39.792423248291016,-0.8998236060142517,40.69224548339844,0.9999961256980896,0.9996902346611023,5.960464477539063e-08
181,4,-0.08986127376556396,0.9900000095367432,39.56737518310547,40.6734504699707,40.31084442138672,-0.8732679486274719,41.184120178222656,0.9999349117279053,0.9998593926429749,2.9802322387695312e-08
181,5,-0.09687244892120361,0.9900000095367432,40.6734504699707,41.775089263916016,40.815921783447266,-0.8329682946205139,41.648895263671875,0.9956589937210083,0.9999951124191284,0.0
181,6,-0.10255956649780273,0.9900000095367432,41.775089263916016,42.75627136230469,41.302425384521484,-0.78266441822052,42.0850944519043,0.8732216954231262,0.9999971389770508,0.0
181,7,-0.10960960388183594,0.9900000095367432,42.75627136230469,42.36294937133789,41.77410888671875,-0.7231311798095703,42.49724578857422,0.11383078992366791,0.9999898672103882,0.0
181,8,-0.11101531982421875,0.9900000095367432,42.36294937133789,42.9920539855957,42.3038330078125,-0.652335524559021,42.95616912841797,0.24263745546340942,0.9999881982803345,0.0
181,9,-0.1085740327835083,0.9900000095367432,42.9920539855957,44.00068664550781,42.835453033447266,-0.5755664110183716,43.41101837158203,0.7941767573356628,0.9999934434890747,0.0
181,10,-0.11027824878692627,0.9900000095367432,44.00068664550781,44.34593963623047,43.34502029418945,-0.4965362548828125,43.841556549072266,0.5712735652923584,0.9999990463256836,0.0
181,11,-0.11207294464111328,0.9900000095367432,44.34593963623047,44.675907135009766,43.87046813964844,-0.41069433093070984,44.28116226196289,0.29996463656425476,0.9999998807907104,0.0
181,12,-0.1116788387298584,0.9900000095367432,44.675907135009766,45.53107833862305,44.4136962890625,-0.31751343607902527,44.7312126159668,0.5922871828079224,0.9999989867210388,0.0
181,13,-0.11219310760498047,0.9900000095367432,45.53107833862305,45.813079833984375,44.945865631103516,-0.2188565582036972,45.16472625732422,0.552491307258606,0.9999979734420776,0.0
181,14,-0.11341142654418945,0.9900000095367432,45.813079833984375,46.071537017822266,45.49740982055664,-0.11341142654418945,45.61082077026367,0.32440847158432007,0.9999994039535522,0.0
182,0,-0.09104335308074951,0.9900000095367432,63.06610107421875,62.11945343017578,60.3665771484375,0.28091010451316833,60.08566665649414,-0.9999997615814209,0.9999998807907104,0.0
182,1,-0.07809853553771973,0.9900000095367432,62.11945343017578,63.718265533447266,61.012977600097656,0.3954848051071167,60.617496490478516,-0.9999988079071045,0.9999997615814209,0.0
182,2,-0.07203197479248047,0.9900000095367432,63.718265533447266,64.23373413085938,61.60236358642578,0.5035442113876343,61.09882354736328,-0.9999728798866272,0.9999998807907104,0.0
182,3,-0.06171107664704323,0.9900000095367432,64.23373413085938,65.06800842285156,62.19546127319336,0.6119895577430725,61.583473205566406,-0.9998458623886108,0.9999999403953552,0.0
182,4,-0.04039430990815163,0.9900000095367432,65.06800842285156,65.87747955322266,62.77119445800781,0.7163217663764954,62.054874420166016,-0.999109148979187,0.9999985098838806,0.0
182,5,0.013772722333669662,0.9900000095367432,65.87747955322266,66.62882995605469,63.31808090209961,0.8045890927314758,62.513492584228516,-0.9925265312194824,0.9999963641166687,0.0
182,6,0.09707760810852051,0.9900000095367432,66.62882995605469,67.42318725585938,63.80242919921875,0.8408467769622803,62.96158218383789,-0.9045920968055725,0.9999995231628418,0.0
182,7,0.22938203811645508,0.9900000095367432,67.42318725585938,67.76412963867188,64.18702697753906,0.7908231616020203,63.396209716796875,0.482051819562912,0.9999788999557495,0.0
182,8,0.19653642177581787,0.9900000095367432,67.76412963867188,67.2336654663086,64.43734741210938,0.5969603061676025,63.84038543701172,0.9977196455001831,0.9999757409095764,0.0
182,9,0.12886428833007812,0.9900000095367432,67.2336654663086,66.62226104736328,64.76634216308594,0.42575642466545105,64.34058380126953,0.9883042573928833,0.9999445676803589,0.0
182,10,0.04054426774382591,0.9900000095367432,66.62226104736328,66.40264129638672,65.22028350830078,0.3156748116016388,64.90460205078125,0.4931538999080658,0.9999998807907104,0.0
182,11,0.006132837384939194,0.9900000095367432,66.40264129638672,66.9709243774414,65.80841064453125,0.2925364673137665,65.515869140625,-0.39378711581230164,0.9999927878379822,0.0
182,12,0.0783834457397461,0.9900000095367432,66.9709243774414,67.57825469970703,66.44041442871094,0.3045227527618408,66.13589477539062,0.27162009477615356,0.9999971389770508,0.0
182,13,0.1253066062927246,0.9900000095367432,67.57825469970703,67.76416015625,67.00362396240234,0.2404458224773407,66.76318359375,0.6634086966514587,0.9999991059303284,0.0
182,14,0.12242341041564941,0.9900000095367432,67.76416015625,68.10138702392578,67.54279327392578,0.12242341041564941,67.42037200927734,0.03588145971298218,0.9999633431434631,0.0
183,0,0.5340917110443115,0.9900000095367432,60.96931838989258,57.78476333618164,53.0841178894043,1.6391890048980713,51.44491958618164,1.0,0.988893985748291,4.410743713378906e-05
183,1,0.3686116933822632,0.9900000095367432,57.78476333618164,55.75448226928711,52.83325958251953,1.1750104427337646,51.658241271972656,1.0,0.980048418045044,5.9604644775390625e-06
183,2,0.27611804008483887,0.9900000095367432,55.75448226928711,54.6209716796875,52.84933853149414,0.857414960861206,51.99191665649414,1.0,0.9851806163787842,7.897615432739258e-06
183,3,0.19382119178771973,0.9900000095367432,54.6209716796875,53.559635162353516,53.02443313598633,0.6180722117424011,52.40635681152344,1.0,0.9926202297210693,4.9620866775512695e-05
183,4,0.11970317363739014,0.9900000095367432,53.559635162353516,52.70160675048828,53.35396957397461,0.451090931892395,52.90287780761719,1.0,0.9996345043182373,2.3543834686279297e-06
183,5,0.07533156871795654,0.9900000095367432,52.70160675048828,51.88612365722656,53.82832717895508,0.35235273838043213,53.47596740722656,1.0,0.9989786148071289,1.1920928955078125e-07
183,6,0.049799200147390366,0.9900000095367432,51.88612365722656,51.393253326416016,54.42278289794922,0.2945466935634613,54.12823486328125,1.0,0.99949049949646,4.76837158203125e-07
183,7,0.036005016416311264,0.9900000095367432,51.393253326416016,51.369110107421875,55.10793685913086,0.26023125648498535,54.84770584106445,1.0,0.9995033740997314,0.0
183,8,0.031082626432180405,0.9900000095367432,51.369110107421875,51.83413314819336,55.85238265991211,0.23841172456741333,55.61396789550781,1.0,0.9998852014541626,8.940696716308594e-08
183,9,0.031409259885549545,0.9900000095367432,51.83413314819336,52.665687561035156,56.62467956542969,0.22044560313224792,56.404232025146484,1.0,0.9996874332427979,0.0
183,10,0.033798571676015854,0.9900000095367432,52.665687561035156,53.809181213378906,57.40171813964844,0.2009955644607544,57.200721740722656,1.0,0.9997568130493164,0.0
183,11,0.03724038228392601,0.9900000095367432,53.809181213378906,55.21353530883789,58.165191650390625,0.177774578332901,57.98741912841797,1.0,0.9999945163726807,5.960464477539063e-08
183,12,0.04267847165465355,0.9900000095367432,55.21353530883789,56.86061477661133,58.89939498901367,0.1494249701499939,58.74997329711914,0.9999999403953552,0.9998307228088379,0.0
183,13,0.051597949117422104,0.9900000095367432,56.86061477661133,58.72036361694336,59.587581634521484,0.1134997308254242,59.474082946777344,0.9999992251396179,0.9999993443489075,0.0
183,14,0.0658179521560669,0.9900000095367432,58.72036361694336,60.7536506652832,60.21193313598633,0.0658179521560669,60.146114349365234,0.9999884963035583,0.9999951720237732,0.0
184,0,-0.11732673645019531,0.9900000095367432,17.45669174194336,15.575864791870117,18.269046783447266,-1.2012046575546265,19.470245361328125,1.0,0.9480729103088379,2.0831823348999023e-05
184,1,-0.11771786212921143,0.9900000095367432,15.575864791870117,19.00269317626953,18.72978973388672,-1.1524486541748047,19.882232666015625,1.0,0.9957892298698425,2.980232238769531e-07
184,2,-0.11835289001464844,0.9900000095367432,19.00269317626953,21.6510009765625,19.039737701416016,-1.1001921892166138,20.139925003051758,1.0,0.9994773864746094,3.5762786865234375e-07
184,3,-0.11881804466247559,0.9900000095367432,21.6510009765625,23.520278930664062,19.2305850982666,-1.043954610824585,20.2745361328125,1.0,0.9999053478240967,0.0
184,4,-0.11914467811584473,0.9900000095367432,23.520278930664062,25.02315902709961,19.33561897277832,-0.9836646914482117,20.31928062438965,1.0,0.9999866485595703,0.0
184,5,-0.11931467056274414,0.9900000095367432,25.02315902709961,25.845067977905273,19.368545532226562,-0.9192131757736206,20.287755966186523,1.0,0.9999759197235107,0.0
184,6,-0.1194000244140625,0.9900000095367432,25.845067977905273,25.989479064941406,19.360475540161133,-0.8505034446716309,20.210979461669922,0.9999992251396179,0.999994695186615,0.0
184,7,-0.11943066120147705,0.9900000095367432,25.989479064941406,25.4825382232666,19.34438705444336,-0.7773561477661133,20.12174415588379,0.9999927878379822,0.9999992847442627,0.0
184,8,-0.11942565441131592,0.9900000095367432,25.4825382232666,24.56883430480957,19.353994369506836,-0.699548602104187,20.053544998168945,0.9999768733978271,0.9999995827674866,0.0
184,9,-0.11938309669494629,0.9900000095367432,24.56883430480957,23.49943733215332,19.412294387817383,-0.6168240308761597,20.02912139892578,0.9999603629112244,0.9999938011169434,0.0
184,10,-0.11930787563323975,0.9900000095367432,23.49943733215332,22.53076934814453,19.530521392822266,-0.5289111137390137,20.05943489074707,0.9999650716781616,0.9999781847000122,0.0
184,11,-0.11921167373657227,0.9900000095367432,22.53076934814453,21.78760528564453,19.707130432128906,-0.43551647663116455,20.142648696899414,0.9999675154685974,0.9999589920043945,0.0
184,12,-0.11911559104919434,0.9900000095367432,21.78760528564453,21.28766441345215,19.933923721313477,-0.3363155722618103,20.270240783691406,0.999962568283081,0.9999520182609558,0.0
184,13,-0.11903667449951172,0.9900000095367432,21.28766441345215,20.982372283935547,20.201278686523438,-0.23094099760055542,20.432218551635742,0.9999331831932068,0.9998931288719177,0.0
184,14,-0.11898386478424072,0.9900000095367432,20.982372283935547,20.82880210876465,20.501529693603516,-0.11898386478424072,20.620513916015625,0.9998729825019836,0.9999997019767761,0.0
185,0,-0.11826169490814209,0.9900000095367432,49.560970306396484,48.533111572265625,47.05243682861328,-1.0400882959365845,48.09252166748047,-0.9999902248382568,0.9998988509178162,5.5670738220214844e-05
185,1,-0.11770713329315186,0.9900000095367432,48.533111572265625,50.34729766845703,47.60054397583008,-0.980145275592804,48.580684661865234,-0.999972403049469,0.9999066591262817,0.0008973479270935059
185,2,-0.11684417724609375,0.9900000095367432,50.34729766845703,51.14323425292969,48.087249755859375,-0.9169996380805969,49.004249572753906,-0.9998044371604919,0.9956768751144409,1.6987323760986328e-06
185,3,-0.1159127950668335,0.9900000095367432,51.14323425292969,52.01254653930664,48.56193542480469,-0.8507766723632812,49.41271209716797,-0.9974736571311951,0.9976018071174622,8.881092071533203e-06
185,4,-0.11456620693206787,0.9900000095367432,52.01254653930664,52.45691680908203,49.01991271972656,-0.7813544869422913,49.801265716552734,-0.9818586111068726,0.9993205070495605,0.0004499852657318115
185,5,-0.11287307739257812,0.9900000095367432,52.45691680908203,52.86455154418945,49.4820442199707,-0.7089720964431763,50.191017150878906,-0.8951863646507263,0.9986593723297119,0.00039058923721313477
185,6,-0.1079108715057373,0.9900000095367432,52.86455154418945,52.63200759887695,49.950157165527344,-0.6338107585906982,50.58396911621094,-0.18551111221313477,0.9966887831687927,3.758072853088379e-05
185,7,-0.09259307384490967,0.9900000095367432,52.63200759887695,52.709957122802734,50.45484924316406,-0.5591704845428467,51.01401901245117,0.9627816081047058,0.9971944689750671,1.2665987014770508e-05
185,8,-0.08263766765594482,0.9900000095367432,52.709957122802734,52.86384201049805,50.97107696533203,-0.49609512090682983,51.4671745300293,0.9988747239112854,0.9971117973327637,0.0002314150333404541
185,9,-0.07507145404815674,0.9900000095367432,52.86384201049805,53.09882354736328,51.50128173828125,-0.43961453437805176,51.94089889526367,0.9974717497825623,0.9992692470550537,5.841255187988281e-06
185,10,-0.07288849353790283,0.9900000095367432,53.09882354736328,53.205631256103516,52.04461669921875,-0.38760560750961304,52.43222427368164,0.9913745522499084,0.9963039755821228,3.2782554626464844e-07
185,11,-0.07723581790924072,0.9900000095367432,53.205631256103516,53.11717224121094,52.6143798828125,-0.3346274495124817,52.94900894165039,0.9530468583106995,0.9998646974563599,1.9073486328125e-06
185,12,-0.09010744094848633,0.9900000095367432,53.11717224121094,52.9825325012207,53.22947311401367,-0.2736753225326538,53.503150939941406,0.6205224990844727,0.9998982548713684,0.0
185,13,-0.10341203212738037,0.9900000095367432,52.9825325012207,53.83487319946289,53.90424728393555,-0.19518116116523743,54.099430084228516,-0.22167553007602692,0.9999938607215881,1.7881393432617188e-07
185,14,-0.09757483005523682,0.9900000095367432,53.83487319946289,55.24098587036133,54.590999603271484,-0.09757483005523682,54.688575744628906,-0.17292672395706177,0.9997397661209106,2.086162567138672e-07
186,0,-0.08655369281768799,0.9900000095367432,34.326385498046875,32.15367889404297,25.915937423706055,-1.0133936405181885,26.929330825805664,1.0,0.9964426755905151,1.1920928955078125e-07
186,1,-0.09688270092010498,0.9900000095367432,32.15367889404297,31.238313674926758,25.95522117614746,-0.9854756593704224,26.94069480895996,1.0,0.9998403787612915,8.940696716308594e-08
186,2,-0.0987163782119751,0.9900000095367432,31.238313674926758,30.658294677734375,26.0561466217041,-0.9448091387748718,27.000953674316406,1.0,0.9999446868896484,0.0
186,3,-0.09942805767059326,0.9900000095367432,30.658294677734375,30.50088119506836,26.19593620300293,-0.8996201753616333,27.09555435180664,0.9999999403953552,0.9992026090621948,0.0
186,4,-0.09936511516571045,0.9900000095367432,30.50088119506836,29.978200912475586,26.35361099243164,-0.8508156538009644,27.204425811767578,0.9999691247940063,0.9999889135360718,2.9802322387695312e-08
186,5,-0.09957432746887207,0.9900000095367432,29.978200912475586,29.238161087036133,26.548702239990234,-0.7989904880523682,27.34769058227539,0.9910531044006348,0.9999600648880005,0.0
186,6,-0.10224533081054688,0.9900000095367432,29.238161087036133,28.93743896484375,26.79530906677246,-0.7436642050743103,27.538970947265625,0.07622376084327698,0.9999982118606567,0.0
186,7,-0.10293519496917725,0.9900000095367432,28.93743896484375,28.12616539001465,27.076183319091797,-0.6819977164268494,27.7581787109375,0.04636390134692192,0.9999982118606567,0.0
186,8,-0.10363888740539551,0.9900000095367432,28.12616539001465,27.309303283691406,27.418258666992188,-0.6156964898109436,28.033952713012695,0.16158117353916168,0.9999998807907104,0.0
186,9,-0.10627245903015137,0.9900000095367432,27.309303283691406,27.356266021728516,27.82571792602539,-0.5444525480270386,28.370166778564453,-0.514045238494873,0.999994158744812,0.0
186,10,-0.10618948936462402,0.9900000095367432,27.356266021728516,26.728286743164062,28.259281158447266,-0.4659011960029602,28.725181579589844,-0.2060648500919342,0.9999562501907349,0.0
186,11,-0.10708093643188477,0.9900000095367432,26.728286743164062,26.882225036621094,28.753238677978516,-0.382468581199646,29.135705947875977,-0.42117244005203247,0.9999779462814331,0.0
186,12,-0.1068263053894043,0.9900000095367432,26.882225036621094,27.701284408569336,29.271289825439453,-0.2928098142147064,29.56410026550293,-0.7550787329673767,0.9998689889907837,1.1920928955078125e-07
186,13,-0.10398650169372559,0.9900000095367432,27.701284408569336,29.189716339111328,29.778738021850586,-0.19774961471557617,29.97648811340332,-0.9119718670845032,0.9999384880065918,1.4901161193847656e-07
186,14,-0.09969496726989746,0.9900000095367432,29.189716339111328,30.64305877685547,30.23693084716797,-0.09969496726989746,30.336626052856445,-0.9800460934638977,0.9994393587112427,0.0
187,0,0.003819461911916733,0.9900000095367432,79.30587005615234,73.83745574951172,65.61536407470703,6.40879487991333,59.20656967163086,-1.0,0.9999999403953552,0.0
187,1,0.1242990493774414,0.9900000095367432,73.83745574951172,70.27586364746094,65.876220703125,6.810181140899658,59.06604766845703,-1.0,1.0,0.0
187,2,0.2511333227157593,0.9900000095367432,70.27586364746094,67.58492279052734,66.21293640136719,7.108859062194824,59.10408401489258,-1.0,0.9999974370002747,0.0
187,3,0.35612380504608154,0.9900000095367432,67.58492279052734,66.02855682373047,66.57772064208984,7.291574001312256,59.28615951538086,-1.0,0.9999992847442627,0.0
187,4,0.45481228828430176,0.9900000095367432,66.02855682373047,65.37923431396484,66.93586730957031,7.374216079711914,59.561668395996094,-1.0,0.9999999403953552,0.0
187,5,0.5802638530731201,0.9900000095367432,65.37923431396484,65.32659149169922,67.24591827392578,7.357154846191406,59.88877487182617,-1.0,0.9999881386756897,0.0
187,6,0.7433376312255859,0.9900000095367432,65.32659149169922,66.7677230834961,67.4449691772461,7.205626010894775,60.23934555053711,-1.0,0.9999540448188782,2.9802322387695312e-08
187,7,0.8760871887207031,0.9900000095367432,66.7677230834961,68.37606811523438,67.40736389160156,6.871119976043701,60.536251068115234,-0.9999997615814209,0.9999657869338989,1.9252300262451172e-05
187,8,0.954189121723175,0.9900000095367432,68.37606811523438,68.37828826904297,67.14159393310547,6.374303817749023,60.76728820800781,-0.9996892213821411,0.9999918341636658,1.2308359146118164e-05
187,9,0.9993775486946106,0.9900000095367432,68.37828826904297,67.13343048095703,66.77584838867188,5.76301383972168,61.0128288269043,-0.7972723841667175,0.9996182918548584,8.940696716308594e-07
187,10,1.100092887878418,0.9900000095367432,67.13343048095703,67.03545379638672,66.40442657470703,5.065003871917725,61.339420318603516,0.9732828140258789,0.9984175562858582,2.9802322387695312e-08
187,11,1.089411973953247,0.9900000095367432,67.03545379638672,65.95195007324219,65.90757751464844,4.215747833251953,61.691829681396484,0.9999889731407166,0.99985671043396,1.430511474609375e-06
187,12,1.13279390335083,0.9900000095367432,65.95195007324219,65.12478637695312,65.44768524169922,3.3241207599639893,62.12356185913086,0.9999898672103882,0.999970555305481,2.9802322387695312e-08
187,13,1.1779563426971436,0.9900000095367432,65.12478637695312,64.60316467285156,64.95610046386719,2.3299593925476074,62.62614059448242,0.9999582767486572,0.9995250701904297,1.7881393432617188e-07
187,14,1.2248835563659668,0.9900000095367432,64.60316467285156,63.826229095458984,64.41284942626953,1.2248835563659668,63.18796920776367,0.9997923970222473,0.9999382495880127,0.0
188,0,0.7528659105300903,0.9900000095367432,87.29647064208984,85.0370101928711,83.16136169433594,7.553207874298096,75.60814666748047,0.9999998211860657,0.999930739402771,8.940696716308594e-08
188,1,0.7110002040863037,0.9900000095367432,85.0370101928711,84.84587097167969,83.1463623046875,7.230560302734375,75.91580200195312,0.999999463558197,0.9999592900276184,0.0
188,2,0.7199124097824097,0.9900000095367432,84.84587097167969,83.01451110839844,83.18499755859375,6.9320149421691895,76.25298309326172,0.9999731183052063,0.9999967813491821,0.0
188,3,0.7156593799591064,0.9900000095367432,83.01451110839844,83.35753631591797,83.31298828125,6.605106353759766,76.7078857421875,0.9997349381446838,0.9999881982803345,2.086162567138672e-07
188,4,0.7321343421936035,0.9900000095367432,83.35753631591797,83.41130065917969,83.43553924560547,6.262038230895996,77.17350769042969,0.9972460865974426,0.9999786615371704,0.0
188,5,0.7458736896514893,0.9900000095367432,83.41130065917969,83.97452545166016,83.5455093383789,5.879749298095703,77.66576385498047,0.9705373644828796,0.9999997615814209,0.0
188,6,0.7761664390563965,0.9900000095367432,83.97452545166016,84.23247528076172,83.61817932128906,5.458666801452637,78.15951538085938,0.5945239067077637,0.9999995231628418,0.0
188,7,0.7537558078765869,0.9900000095367432,84.23247528076172,84.62401580810547,83.649658203125,4.978734970092773,78.67092895507812,-0.31074169278144836,0.9999979734420776,0.0
188,8,0.7010785341262817,0.9900000095367432,84.62401580810547,84.9747543334961,83.68635559082031,4.492269515991211,79.19408416748047,0.0925297737121582,0.9999659657478333,0.0
188,9,0.7267383337020874,0.9900000095367432,84.9747543334961,83.95706939697266,83.7629165649414,4.0310378074646,79.73188018798828,0.30346935987472534,0.9999837279319763,0.0
188,10,0.7654216289520264,0.9900000095367432,83.95706939697266,83.4824447631836,83.87060546875,3.513343334197998,80.35726928710938,-0.0643935352563858,0.999999463558197,0.0
188,11,0.7727190256118774,0.9900000095367432,83.4824447631836,83.27428436279297,83.96895599365234,2.921766757965088,81.04719543457031,-0.22769086062908173,0.9999993443489075,0.0
188,12,0.8006150722503662,0.9900000095367432,83.27428436279297,82.81700897216797,84.07672119140625,2.285005807876587,81.7917251586914,-0.16830839216709137,1.0,0.0
188,13,0.8088085651397705,0.9900000095367432,82.81700897216797,83.3266830444336,84.18571472167969,1.5782995223999023,82.607421875,-0.4627459943294525,0.9999966621398926,2.9802322387695312e-08
188,14,0.8181722164154053,0.9900000095367432,83.3266830444336,84.29080963134766,84.26606750488281,0.8181722164154053,83.4478988647461,-0.5571667551994324,0.9999988079071045,0.0
189,0,-0.11968553066253662,0.9900000095367432,8.014603614807129,8.843060493469238,7.632448196411133,-1.203909158706665,8.836358070373535,1.0,0.9998435974121094,2.9802322387695312e-08
189,1,-0.11974966526031494,0.9900000095367432,8.843060493469238,7.685874938964844,7.777142524719238,-1.1528161764144897,8.929959297180176,1.0,0.9998225569725037,8.940696716308594e-08
189,2,-0.11976408958435059,0.9900000095367432,7.685874938964844,6.771115303039551,7.9919633865356445,-1.098422646522522,9.090386390686035,1.0,0.9997527599334717,2.9802322387695312e-08
189,3,-0.11963963508605957,0.9900000095367432,6.771115303039551,6.73543119430542,8.268535614013672,-1.0405726432800293,9.30910873413086,1.0,0.9996072053909302,0.0
189,4,-0.11941051483154297,0.9900000095367432,6.73543119430542,8.0029296875,8.564350128173828,-0.9791950583457947,9.543545722961426,1.0,0.9994755983352661,2.9802322387695312e-08
189,5,-0.119087815284729,0.9900000095367432,8.0029296875,9.891220092773438,8.811925888061523,-0.9141781330108643,9.726103782653809,1.0,0.9988642334938049,0.0
189,6,-0.11876463890075684,0.9900000095367432,9.891220092773438,11.735502243041992,8.975436210632324,-0.8453910946846008,9.82082748413086,1.0,0.9999362230300903,1.1920928955078125e-07
189,7,-0.11852061748504639,0.9900000095367432,11.735502243041992,13.044344902038574,9.051880836486816,-0.7725959420204163,9.824477195739746,1.0,0.9996198415756226,0.0
189,8,-0.11840391159057617,0.9900000095367432,13.044344902038574,13.68680477142334,9.064016342163086,-0.6954548954963684,9.75947093963623,0.9999998211860657,0.9999374151229858,0.0
189,9,-0.11838960647583008,0.9900000095367432,13.68680477142334,13.702860832214355,9.042980194091797,-0.6135576963424683,9.656538009643555,0.999998927116394,0.9997197389602661,0.0
189,10,-0.11843669414520264,0.9900000095367432,13.702860832214355,13.249762535095215,9.019753456115723,-0.526494562625885,9.546247482299805,0.9999958872795105,0.999950647354126,0.0
189,11,-0.11851394176483154,0.9900000095367432,13.249762535095215,12.488404273986816,9.01895523071289,-0.43387332558631897,9.452828407287598,0.9999856352806091,0.999992847442627,0.0
189,12,-0.1186060905456543,0.9900000095367432,12.488404273986816,11.551509857177734,9.058259963989258,-0.3353103697299957,9.393569946289062,0.9999423623085022,0.9999991655349731,2.9802322387695312e-08
189,13,-0.1186990737915039,0.9900000095367432,11.551509857177734,10.535204887390137,9.149458885192871,-0.23041391372680664,9.379873275756836,0.9997290968894958,0.9999953508377075,0.0
189,14,-0.1187824010848999,0.9900000095367432,10.535204887390137,9.513937950134277,9.300016403198242,-0.1187824010848999,9.418798446655273,0.9990362524986267,0.9999872446060181,0.0
190,0,-0.10398364067077637,0.9900000095367432,63.35807800292969,58.52494812011719,53.59013748168945,-0.8628987073898315,54.45303726196289,0.9999998807907104,0.9999800324440002,0.0
190,1,-0.10581803321838379,0.9900000095367432,58.52494812011719,55.931705474853516,54.010780334472656,-0.8069272637367249,54.81770706176758,1.0,0.99996018409729,0.0
190,2,-0.10463941097259521,0.9900000095367432,55.931705474853516,54.86614990234375,54.59646987915039,-0.7454643845558167,55.34193420410156,1.0,0.9999998807907104,0.0
190,3,-0.10346150398254395,0.9900000095367432,54.86614990234375,54.7811393737793,55.27404022216797,-0.6813662648200989,55.955406188964844,1.0,0.9999322891235352,0.0
190,4,-0.10209918022155762,0.9900000095367432,54.7811393737793,55.060890197753906,55.99769973754883,-0.6144654750823975,56.61216354370117,1.0,0.9999969601631165,0.0
190,5,-0.10072672367095947,0.9900000095367432,55.060890197753906,55.62911605834961,56.750972747802734,-0.5447807312011719,57.295745849609375,1.0,0.9999039173126221,0.0
190,6,-0.0988316535949707,0.9900000095367432,55.62911605834961,56.301151275634766,57.520530700683594,-0.47214677929878235,57.99266815185547,1.0,0.999994158744812,0.0
190,7,-0.09609401226043701,0.9900000095367432,56.301151275634766,57.07783889770508,58.301387786865234,-0.3969326317310333,58.69831466674805,1.0,0.9999995231628418,0.0
190,8,-0.09186351299285889,0.9900000095367432,57.07783889770508,57.91081619262695,59.087852478027344,-0.3198709487915039,59.407718658447266,1.0,0.9999995231628418,0.0
190,9,-0.08545756340026855,0.9900000095367432,57.91081619262695,58.81650924682617,59.875732421875,-0.2424321472644806,60.1181640625,1.0,0.9999801516532898,0.0
190,10,-0.07589221000671387,0.9900000095367432,58.81650924682617,59.782169342041016,60.65898132324219,-0.1669054627418518,60.82588577270508,1.0,0.9999983310699463,0.0
190,11,-0.06198501959443092,0.9900000095367432,59.782169342041016,60.8144645690918,61.430789947509766,-0.09677112847566605,61.527557373046875,1.0,0.9999902248382568,0.0
190,12,-0.04225302115082741,0.9900000095367432,60.8144645690918,61.89960861206055,62.182308197021484,-0.0369868241250515,62.21929168701172,0.9999999403953552,0.9999616146087646,0.0
190,13,-0.014960531145334244,0.9900000095367432,61.89960861206055,63.03269577026367,62.90327072143555,0.0055993590503931046,62.89767074584961,0.9999998807907104,0.9999979138374329,0.0
190,14,0.021860595792531967,0.9900000095367432,63.03269577026367,64.20134735107422,63.58119583129883,0.021860595792531967,63.55933380126953,0.9999996423721313,0.9999985694885254,0.0
191,0,0.008760329335927963,0.9900000095367432,64.51593780517578,66.75481414794922,64.47514343261719,0.363544225692749,64.11161041259766,0.871188223361969,0.9999597072601318,2.9802322387695312e-08
191,1,0.015593763440847397,0.9900000095367432,66.75481414794922,67.61251831054688,65.0313949584961,0.3772290050983429,64.65416717529297,0.7450963854789734,0.9996521472930908,8.940696716308594e-08
191,2,-0.06459975242614746,0.9900000095367432,67.61251831054688,65.64918518066406,65.57041931152344,0.384513795375824,65.18590545654297,-0.8586124777793884,0.9999943375587463,0.0
191,3,-0.04000532999634743,0.9900000095367432,65.64918518066406,65.7412338256836,66.33214569091797,0.47752636671066284,65.8546142578125,-0.9938613772392273,0.9999988675117493,0.0
191,4,0.02218889817595482,0.9900000095367432,65.7412338256836,66.9521484375,67.11106872558594,0.5502729415893555,66.560791015625,-0.790285587310791,0.9999932050704956,0.0
191,5,0.2172321081161499,0.9900000095367432,66.9521484375,70.11895751953125,67.80941009521484,0.561492919921875,67.24790954589844,0.9599535465240479,0.9999642372131348,2.9802322387695312e-08
191,6,0.1780543327331543,0.9900000095367432,70.11895751953125,70.13822174072266,68.17787170410156,0.3660402297973633,67.81182098388672,0.9997247457504272,0.9999955892562866,0.0
191,7,0.12199258804321289,0.9900000095367432,70.13822174072266,70.78052520751953,68.61029052734375,0.19987866282463074,68.410400390625,0.9980852007865906,0.9999994039535522,0.0
191,8,0.06573832035064697,0.9900000095367432,70.78052520751953,71.46768951416016,69.09587097167969,0.08281348645687103,69.01304626464844,0.8554603457450867,0.9999959468841553,0.0
191,9,-0.04329049959778786,0.9900000095367432,71.46768951416016,71.42340850830078,69.63581085205078,0.018155410885810852,69.61763763427734,-0.4333905279636383,0.9999925494194031,0.0
191,10,0.04040300473570824,0.9900000095367432,71.42340850830078,71.8780288696289,70.32817077636719,0.06533323973417282,70.26282501220703,0.5518032312393188,0.9999991655349731,0.0
191,11,0.016574975103139877,0.9900000095367432,71.8780288696289,72.61997985839844,70.95140838623047,0.02650742419064045,70.92489624023438,0.6131811738014221,0.9999935626983643,0.0
191,12,-0.004012588411569595,0.9900000095367432,72.61997985839844,72.7579116821289,71.6003646850586,0.010560818016529083,71.58980560302734,0.34192413091659546,0.9999936819076538,0.0
191,13,0.009983297437429428,0.9900000095367432,72.7579116821289,73.1385269165039,72.30500793457031,0.015495381318032742,72.28952026367188,0.4414582848548889,0.9999992847442627,0.0
191,14,0.005860801786184311,0.9900000095367432,73.1385269165039,73.7509765625,73.01931762695312,0.005860801786184311,73.01345825195312,0.31377261877059937,0.9999998807907104,0.0
192,0,-0.11911118030548096,0.9900000095367432,44.77695083618164,44.0808219909668,45.337364196777344,-1.1052947044372559,46.44266128540039,-1.0,0.9999995231628418,0.0
192,1,-0.11887943744659424,0.9900000095367432,44.0808219909668,46.44133377075195,46.01219940185547,-1.0485737323760986,47.06077575683594,-1.0,1.0,0.0
192,2,-0.11874425411224365,0.9900000095367432,46.44133377075195,46.471519470214844,46.60524368286133,-0.9885107278823853,47.59375762939453,-1.0,0.9999996423721313,0.0
192,3,-0.11852157115936279,0.9900000095367432,46.471519470214844,46.49160385131836,47.234073638916016,-0.9247915744781494,48.158870697021484,-1.0,0.9999998807907104,0.0
192,4,-0.11824393272399902,0.9900000095367432,46.49160385131836,46.5872917175293,47.90139389038086,-0.857278048992157,48.7586784362793,-1.0,1.0,0.0
192,5,-0.11790728569030762,0.9900000095367432,46.5872917175293,46.851158142089844,48.6056022644043,-0.7857885360717773,49.391395568847656,-1.0,0.9999998807907104,0.0
192,6,-0.11737275123596191,0.9900000095367432,46.851158142089844,47.31342697143555,49.340118408203125,-0.7101342678070068,50.050254821777344,-1.0,0.9999998807907104,2.086162567138672e-07
192,7,-0.11561334133148193,0.9900000095367432,47.31342697143555,47.777103424072266,50.09619903564453,-0.6302620768547058,50.726463317871094,-1.0,0.9999989867210388,5.960464477539063e-08
192,8,-0.10831880569458008,0.9900000095367432,47.777103424072266,48.00990295410156,50.87384033203125,-0.5472075939178467,51.42104721069336,-1.0,0.9999995231628418,5.960464477539063e-08
192,9,-0.09796023368835449,0.9900000095367432,48.00990295410156,48.81674575805664,51.68067169189453,-0.46665477752685547,52.1473274230957,-1.0,0.999993622303009,3.933906555175781e-06
192,10,-0.0934603214263916,0.9900000095367432,48.81674575805664,50.048011779785156,52.48506164550781,-0.39201971888542175,52.8770866394043,-1.0,0.9986878633499146,1.6987323760986328e-06
192,11,-0.09149837493896484,0.9900000095367432,50.048011779785156,51.41571044921875,53.27075958251953,-0.3174475431442261,53.58821105957031,-1.0,0.9996887445449829,5.4836273193359375e-06
192,12,-0.08923661708831787,0.9900000095367432,51.41571044921875,52.93318557739258,54.0320930480957,-0.24024367332458496,54.2723388671875,-1.0,0.9995995759963989,1.1563301086425781e-05
192,13,-0.08553135395050049,0.9900000095367432,52.93318557739258,54.53137969970703,54.759315490722656,-0.16056039929389954,54.91987991333008,-1.0,0.9999997019767761,8.96751880645752e-05
192,14,-0.07977569103240967,0.9900000095367432,54.53137969970703,56.085121154785156,55.44449234008789,-0.07977569103240967,55.524269104003906,-1.0,0.9999722838401794,2.6166439056396484e-05
193,0,-0.11901748180389404,0.9900000095367432,45.68160629272461,44.53213119506836,45.62140655517578,-1.0218992233276367,46.643314361572266,-1.0,1.0,0.0
193,1,-0.11889362335205078,0.9900000095367432,44.53213119506836,46.9274787902832,46.29035949707031,-0.9600018262863159,47.250370025634766,-1.0,0.9999998807907104,0.0
193,2,-0.1188199520111084,0.9900000095367432,46.9274787902832,47.279354095458984,46.875431060791016,-0.8943202495574951,47.76976013183594,-1.0,0.9999964833259583,0.0
193,3,-0.11871623992919922,0.9900000095367432,47.279354095458984,47.93773651123047,47.478919982910156,-0.8245617151260376,48.303489685058594,-0.9999999403953552,0.9999998807907104,0.0
193,4,-0.11845946311950684,0.9900000095367432,47.93773651123047,48.734107971191406,48.0858268737793,-0.7505002021789551,48.836334228515625,-0.9999998807907104,0.9999988079071045,0.0
193,5,-0.11786317825317383,0.9900000095367432,48.734107971191406,49.87800216674805,48.68893814086914,-0.6720263361930847,49.3609733581543,-0.9999995231628418,0.9999995231628418,0.0
193,6,-0.1149975061416626,0.9900000095367432,49.87800216674805,50.36631393432617,49.26936721801758,-0.5892218351364136,49.85860061645508,-0.9999976754188538,0.9999761581420898,0.0
193,7,-0.10894536972045898,0.9900000095367432,50.36631393432617,50.90592575073242,49.85777282714844,-0.5042257308959961,50.36200714111328,-0.9999696612358093,0.9999942779541016,2.9802322387695312e-08
193,8,-0.10336184501647949,0.9900000095367432,50.90592575073242,51.74777603149414,50.44856643676758,-0.42028746008872986,50.86886215209961,-0.9979455471038818,0.9998607039451599,1.7881393432617188e-07
193,9,-0.0971832275390625,0.9900000095367432,51.74777603149414,52.23365783691406,51.026493072509766,-0.33697569370269775,51.36347961425781,-0.8088526725769043,0.9999982118606567,1.6987323760986328e-06
193,10,-0.050402406603097916,0.9900000095367432,52.23365783691406,53.15993118286133,51.60883712768555,-0.2549627423286438,51.863807678222656,0.910936713218689,0.9998202323913574,8.046627044677734e-07
193,11,-0.05021262541413307,0.9900000095367432,53.15993118286133,53.41605758666992,52.1295280456543,-0.2175016850233078,52.34703826904297,0.9994140267372131,0.9986193180084229,3.2782554626464844e-06
193,12,-0.054125312715768814,0.9900000095367432,53.41605758666992,53.59241485595703,52.66948318481445,-0.17787247896194458,52.84736251831055,0.9988847970962524,0.9999790787696838,0.0
193,13,-0.06273066997528076,0.9900000095367432,53.59241485595703,54.20579528808594,53.23847579956055,-0.13157592713832855,53.370052337646484,0.9923456311225891,0.9992644190788269,0.0
193,14,-0.07320070266723633,0.9900000095367432,54.20579528808594,54.43790817260742,53.82032775878906,-0.07320070266723633,53.89352798461914,0.9047187566757202,0.9999992251396179,0.0
194,0,0.9959767460823059,0.9900000095367432,58.14754104614258,59.15713119506836,53.83268356323242,4.931386947631836,48.90128707885742,-1.0,0.9988951683044434,0.0006533563137054443
194,1,1.1610777378082275,0.9900000095367432,59.15713119506836,56.38185501098633,53.06584930419922,4.184380531311035,48.8814582824707,-0.9999999403953552,0.996540904045105,1.2040138244628906e-05
194,2,0.8662419319152832,0.9900000095367432,56.38185501098633,54.74887466430664,52.22101593017578,3.214569568634033,49.006439208984375,-0.999936044216156,0.9993770122528076,1.0222196578979492e-05
194,3,0.6263048648834229,0.9900000095367432,54.74887466430664,52.91484069824219,51.72217559814453,2.4968929290771484,49.225276947021484,-0.7434116005897522,0.9993497133255005,1.1920928955078125e-07
194,4,0.5194220542907715,0.9900000095367432,52.91484069824219,55.04242706298828,51.54342269897461,1.988929271697998,49.55448532104492,0.9986333847045898,0.9994792938232422,1.4901161193847656e-06
194,5,0.4127153158187866,0.9900000095367432,55.04242706298828,54.51626968383789,51.35502624511719,1.5624743700027466,49.79254150390625,1.0,0.9998413920402527,0.0
194,6,0.35294413566589355,0.9900000095367432,54.51626968383789,54.03878402709961,51.29585647583008,1.2224977016448975,50.0733528137207,1.0,0.9998486042022705,2.6226043701171875e-06
194,7,0.29385995864868164,0.9900000095367432,54.03878402709961,53.80113220214844,51.321632385253906,0.9245651960372925,50.397056579589844,1.0,0.9996421337127686,6.318092346191406e-06
194,8,0.24178063869476318,0.9900000095367432,53.80113220214844,53.50388717651367,51.42436599731445,0.6706063747406006,50.75374984741211,1.0,0.9999386072158813,0.0
194,9,0.1878591775894165,0.9900000095367432,53.50388717651367,53.545372009277344,51.604618072509766,0.45595505833625793,51.14865493774414,1.0,0.9999778270721436,1.1920928955078125e-07
194,10,0.13828611373901367,0.9900000095367432,53.545372009277344,53.72547149658203,51.85142135620117,0.2850567698478699,51.56635665893555,0.9999992847442627,0.9995790719985962,0.0
194,11,0.09525513648986816,0.9900000095367432,53.72547149658203,54.12835693359375,52.157066345214844,0.1560559868812561,52.001007080078125,0.9999246597290039,0.9999961853027344,0.0
194,12,0.06749391555786133,0.9900000095367432,54.12835693359375,54.52058410644531,52.50659942626953,0.0646473616361618,52.44194793701172,0.9898748993873596,0.9999921321868896,0.0
194,13,-0.0035395659506320953,0.9900000095367432,54.52058410644531,53.89875030517578,52.88711929321289,-0.0030266372486948967,52.89014434814453,0.3693828582763672,0.9998711943626404,0.0
194,14,0.0005453787744045258,0.9900000095367432,53.89875030517578,53.93880844116211,53.399967193603516,0.0005453787744045258,53.39942169189453,0.26833394169807434,0.9999967813491821,0.0
195,0,0.6803741455078125,0.9900000095367432,59.346435546875,58.9914665222168,52.22624969482422,4.7476348876953125,47.47861862182617,-0.9963101744651794,0.9996672868728638,0.00011444091796875
195,1,0.6658496856689453,0.9900000095367432,58.9914665222168,58.55073928833008,51.70207214355469,4.324572563171387,47.377498626708984,-0.9998403191566467,0.9999103546142578,1.3113021850585938e-06
195,2,0.6479902267456055,0.9900000095367432,58.55073928833008,58.55869674682617,51.183372497558594,3.8901889324188232,47.293182373046875,-0.9997376203536987,0.9997112154960632,6.139278411865234e-06
195,3,0.6188057661056519,0.9900000095367432,58.55869674682617,58.11531448364258,50.650421142578125,3.4473137855529785,47.20310974121094,-0.9969117641448975,0.9997683763504028,3.096461296081543e-05
195,4,0.5833381414413452,0.9900000095367432,58.11531448364258,57.484779357910156,50.13813018798828,3.007451057434082,47.13067626953125,-0.9704169034957886,0.9986933469772339,5.1468610763549805e-05
195,5,0.558523416519165,0.9900000095367432,57.484779357910156,56.58785629272461,49.6643180847168,2.577472686767578,47.086849212646484,-0.7412752509117126,0.9924525618553162,6.139278411865234e-06
195,6,0.5947438478469849,0.9900000095367432,56.58785629272461,54.8379020690918,49.234127044677734,2.146676540374756,47.08745574951172,0.5254871845245361,0.9996521472930908,2.3305416107177734e-05
195,7,0.5385302305221558,0.9900000095367432,54.8379020690918,53.39687728881836,48.8303108215332,1.6501142978668213,47.180206298828125,0.9940049052238464,0.999349057674408,3.069639205932617e-06
195,8,0.4668785333633423,0.9900000095367432,53.39687728881836,52.483394622802734,48.536563873291016,1.1819075345993042,47.35466003417969,0.9867644309997559,0.9999107718467712,4.172325134277344e-07
195,9,0.35599780082702637,0.9900000095367432,52.483394622802734,51.91421890258789,48.3484992980957,0.7602647542953491,47.588233947753906,0.6430850028991699,0.9968737959861755,5.21540641784668e-06
195,10,0.01885830983519554,0.9900000095367432,51.91421890258789,52.07566452026367,48.29637908935547,0.42984259128570557,47.866539001464844,-0.8155770301818848,0.9976282715797424,2.2351741790771484e-06
195,11,0.05768107995390892,0.9900000095367432,52.07566452026367,52.60988235473633,48.59093475341797,0.4369848668575287,48.15395736694336,-0.9573882818222046,0.9997036457061768,3.6656856536865234e-06
195,12,0.12452483177185059,0.9900000095367432,52.60988235473633,52.32052993774414,48.83473205566406,0.4033001661300659,48.43144226074219,-0.42716851830482483,0.9913693070411682,4.827976226806641e-06
195,13,0.2012782096862793,0.9900000095367432,52.32052993774414,50.826847076416016,49.03811264038086,0.2964118421077728,48.741703033447266,0.9793958067893982,0.9990071058273315,2.9802322387695312e-08
195,14,0.10115218162536621,0.9900000095367432,50.826847076416016,49.64667892456055,49.25136184692383,0.10115218162536621,49.150211334228516,0.9981796145439148,0.9987108707427979,1.4007091522216797e-06
196,0,-0.0315023697912693,0.9900000095367432,76.78243255615234,71.45198822021484,73.71324157714844,2.437511444091797,71.27572631835938,-1.0,1.0,0.0
196,1,-0.030799154192209244,0.9900000095367432,71.45198822021484,72.0548324584961,74.6495132446289,2.625214099884033,72.02429962158203,-1.0,1.0,0.0
196,2,-0.024056199938058853,0.9900000095367432,72.0548324584961,73.00667572021484,75.612548828125,2.8240437507629395,72.78849792480469,-1.0,0.9999908208847046,0.0
196,3,0.010118838399648666,0.9900000095367432,73.00667572021484,74.10551452636719,76.57923889160156,3.028282880783081,73.55094909667969,-1.0,0.9999998807907104,0.0
196,4,0.08283591270446777,0.9900000095367432,74.10551452636719,74.91104888916016,77.5129165649414,3.209106206893921,74.30380249023438,-0.9999998211860657,0.9999949932098389,0.0
196,5,0.19744038581848145,0.9900000095367432,74.91104888916016,75.5246810913086,78.38594818115234,3.3240513801574707,75.0618896484375,-0.9999768733978271,0.9999185800552368,0.0
196,6,0.3102724552154541,0.9900000095367432,75.5246810913086,76.03834533691406,79.16004943847656,3.324413537979126,75.83563995361328,-0.9989814162254333,0.9999690055847168,2.9802322387695312e-08
196,7,0.40035462379455566,0.9900000095367432,76.03834533691406,76.48540496826172,79.83612823486328,3.2048282623291016,76.63130187988281,-0.9827466011047363,0.9996460676193237,1.7881393432617188e-07
196,8,0.46309351921081543,0.9900000095367432,76.48540496826172,76.87989044189453,80.4356689453125,2.98189640045166,77.45377349853516,-0.779777467250824,0.9998323321342468,7.450580596923828e-06
196,9,0.5541155338287354,0.9900000095367432,76.87989044189453,77.66443634033203,80.98566436767578,2.6781527996063232,78.3075180053711,0.6131731867790222,0.9998359680175781,3.427267074584961e-06
196,10,0.5711050033569336,0.9900000095367432,77.66443634033203,78.05683135986328,81.43238067626953,2.2584128379821777,79.17398071289062,0.9996772408485413,0.9998125433921814,5.960464477539063e-08
196,11,0.5693458318710327,0.9900000095367432,78.05683135986328,78.76106262207031,81.86865234375,1.7940541505813599,80.0746078491211,0.9957624673843384,0.9999750852584839,5.960464477539063e-08
196,12,0.5103011131286621,0.9900000095367432,78.76106262207031,79.62129211425781,82.29732513427734,1.3021886348724365,80.99514770507812,0.1420557200908661,0.9998329877853394,0.0
196,13,0.3823246955871582,0.9900000095367432,79.62129211425781,81.25342559814453,82.7706298828125,0.8419856429100037,81.92864990234375,-0.9940137267112732,0.9999686479568481,0.0
196,14,0.48874104022979736,0.9900000095367432,81.25342559814453,83.67203521728516,83.32405090332031,0.48874104022979736,82.83531188964844,-0.9999294877052307,0.999964714050293,0.0
197,0,-0.11618292331695557,0.9900000095367432,53.9861946105957,56.60660171508789,58.10751724243164,0.015643000602722168,58.09186935424805,0.9999733567237854,0.9757052063941956,8.940696716308594e-08
197,1,-0.11439728736877441,0.9900000095367432,56.60660171508789,59.19582748413086,58.927886962890625,0.140165776014328,58.7877082824707,0.9999998211860657,0.9994255304336548,4.976987838745117e-06
197,2,-0.11134850978851318,0.9900000095367432,59.19582748413086,60.7905387878418,59.66197967529297,0.27066779136657715,59.39129638671875,0.9999983310699463,0.9966080188751221,2.4437904357910156e-06
197,3,-0.10788512229919434,0.9900000095367432,60.7905387878418,61.790225982666016,60.35533905029297,0.40618425607681274,59.94913864135742,0.9999322295188904,0.9999027252197266,1.7881393432617188e-07
197,4,-0.10386347770690918,0.9900000095367432,61.790225982666016,62.203853607177734,61.0362663269043,0.546591579914093,60.489654541015625,0.9951002597808838,0.9994205236434937,0.0
197,5,-0.10247659683227539,0.9900000095367432,62.203853607177734,62.734161376953125,61.73422622680664,0.6916055679321289,61.0426025390625,0.5524476170539856,0.9999890327453613,0.0
197,6,-0.10110783576965332,0.9900000095367432,62.734161376953125,64.38712310791016,62.446956634521484,0.8443191051483154,61.60261917114258,-0.3676612079143524,0.9999572038650513,0.0
197,7,-0.07882952690124512,0.9900000095367432,64.38712310791016,65.08403778076172,63.1163215637207,1.005238652229309,62.11106491088867,0.32716816663742065,0.9999950528144836,0.0
197,8,-0.0676126480102539,0.9900000095367432,65.08403778076172,65.3059310913086,63.767669677734375,1.1526509523391724,62.6150016784668,0.0018739454681053758,0.9999490976333618,5.960464477539063e-08
197,9,-0.00474727526307106,0.9900000095367432,65.3059310913086,65.24935150146484,64.43661499023438,1.2974625825881958,63.13913345336914,0.6622565388679504,0.9999802112579346,0.0
197,10,0.022678490728139877,0.9900000095367432,65.24935150146484,66.2842788696289,65.08401489257812,1.3845932483673096,63.699405670166016,-0.11050596833229065,0.9999828934669495,2.9802322387695312e-08
197,11,0.24544310569763184,0.9900000095367432,66.2842788696289,66.09195709228516,65.68873596191406,1.448075294494629,64.24065399169922,0.7970060110092163,0.9999985694885254,0.0
197,12,0.28620362281799316,0.9900000095367432,66.09195709228516,66.78692626953125,66.10498046875,1.27871572971344,64.82626342773438,0.18274039030075073,0.9999991655349731,0.0
197,13,0.5105525255203247,0.9900000095367432,66.78692626953125,66.3029556274414,66.4676513671875,1.055302619934082,65.41234588623047,0.7709373831748962,0.9999990463256836,0.0
197,14,0.5792132616043091,0.9900000095367432,66.3029556274414,66.72825622558594,66.64019012451172,0.5792132616043091,66.06097412109375,0.6727427244186401,0.9999998807907104,0.0
198,0,-0.09369003772735596,0.9900000095367432,57.2631721496582,55.481170654296875,50.34053039550781,0.5272599458694458,49.81327438354492,-0.9977672100067139,0.9999996423721313,0.0
198,1,-0.08249521255493164,0.9900000095367432,55.481170654296875,56.193626403808594,50.70484161376953,0.6602338552474976,50.04460906982422,-0.9826524257659912,1.0,0.0
198,2,-0.07351064682006836,0.9900000095367432,56.193626403808594,56.13923645019531,51.04280090332031,0.7897172570228577,50.253082275390625,-0.8880928754806519,1.0,0.0
198,3,-0.061844829469919205,0.9900000095367432,56.13923645019531,56.68841552734375,51.395450592041016,0.9178393483161926,50.47760772705078,-0.4988999366760254,0.9999999403953552,0.0
198,4,0.027666326612234116,0.9900000095367432,56.68841552734375,57.62495803833008,51.729103088378906,1.0416631698608398,50.687435150146484,0.5887760519981384,1.0,0.0
198,5,0.04605996236205101,0.9900000095367432,57.62495803833008,57.13202667236328,51.93939208984375,1.0781465768814087,50.861244201660156,0.829288899898529,0.999999463558197,0.0
198,6,0.014328476041555405,0.9900000095367432,57.13202667236328,55.20566177368164,52.169376373291016,1.0973807573318481,51.071990966796875,0.029365722090005875,0.9999999403953552,0.0
198,7,0.03454231843352318,0.9900000095367432,55.20566177368164,55.414249420166016,52.549034118652344,1.1515707969665527,51.397457122802734,0.07367098331451416,0.9999995231628418,0.0
198,8,0.10753464698791504,0.9900000095367432,55.414249420166016,56.06684494018555,52.92023849487305,1.1876964569091797,51.73253631591797,0.5695450305938721,0.9999992847442627,0.0
198,9,0.14129483699798584,0.9900000095367432,56.06684494018555,55.608394622802734,53.202972412109375,1.148497462272644,52.05447006225586,0.398930162191391,0.9999962449073792,0.0
198,10,0.17803776264190674,0.9900000095367432,55.608394622802734,55.168922424316406,53.491825103759766,1.070922613143921,52.4208984375,0.12753823399543762,0.9999880790710449,0.0
198,11,0.20078635215759277,0.9900000095367432,55.168922424316406,55.309104919433594,53.78301239013672,0.9493725895881653,52.83363723754883,0.20159325003623962,0.9999934434890747,0.0
198,12,0.24675166606903076,0.9900000095367432,55.309104919433594,55.47306823730469,54.06105422973633,0.7959449291229248,53.26511001586914,0.44400104880332947,0.999993085861206,0.0
198,13,0.28925836086273193,0.9900000095367432,55.47306823730469,55.21519088745117,54.29918670654297,0.5839375257492065,53.71525192260742,0.3838682770729065,1.0,0.0
198,14,0.3133218288421631,0.9900000095367432,55.21519088745117,54.7549934387207,54.5207633972168,0.3133218288421631,54.20744323730469,0.12572021782398224,0.9999953508377075,0.0
199,0,-0.06089496985077858,0.9900000095367432,84.98865509033203,83.35982513427734,82.42112731933594,4.650121212005615,77.77103424072266,-0.9997032284736633,0.9999904632568359,1.4901161193847656e-07
199,1,0.027847524732351303,0.9900000095367432,83.35982513427734,83.69090270996094,83.31282806396484,5.009055137634277,78.30380249023438,0.9402291178703308,0.9999656081199646,5.960464477539063e-08
199,2,0.07571268081665039,0.9900000095367432,83.69090270996094,84.52217102050781,84.14915466308594,5.296340465545654,78.85284423828125,0.9999999403953552,0.9999125003814697,5.662441253662109e-07
199,3,0.2526618242263794,0.9900000095367432,84.52217102050781,86.00586700439453,84.94375610351562,5.550906658172607,79.39286804199219,1.0,0.9973031282424927,1.1920928955078125e-07
199,4,0.408058762550354,0.9900000095367432,86.00586700439453,88.36874389648438,85.52238464355469,5.633433818817139,79.88896942138672,1.0,0.9999642372131348,2.9802322387695312e-08
199,5,0.5716007947921753,0.9900000095367432,88.36874389648438,89.99105834960938,85.84803771972656,5.555954456329346,80.29209899902344,0.9999997615814209,0.9999865293502808,0.0
199,6,0.7037485837936401,0.9900000095367432,89.99105834960938,90.8526382446289,85.93501281738281,5.299684524536133,80.63534545898438,0.9998137354850769,0.9999661445617676,0.0
199,7,0.7646121978759766,0.9900000095367432,90.8526382446289,90.47735595703125,85.84163665771484,4.886693954467773,80.95496368408203,0.6842901706695557,0.999998927116394,0.0
199,8,0.7519611120223999,0.9900000095367432,90.47735595703125,88.10773468017578,85.69739532470703,4.382862091064453,81.3145523071289,-0.905004620552063,0.9999998807907104,0.0
199,9,0.7132300138473511,0.9900000095367432,88.10773468017578,88.4554214477539,85.68218994140625,3.860607147216797,81.82160186767578,-0.8063694834709167,0.9999997615814209,0.0
199,10,0.759915828704834,0.9900000095367432,88.4554214477539,90.26575469970703,85.68891143798828,3.3464934825897217,82.3424301147461,0.44590792059898376,0.9999955892562866,0.0
199,11,0.8003089427947998,0.9900000095367432,90.26575469970703,89.0118637084961,85.5511245727539,2.750215530395508,82.8009262084961,0.9679100513458252,0.9999971985816956,0.0
199,12,0.7085449695587158,0.9900000095367432,89.0118637084961,85.83650970458984,85.42768096923828,2.07326602935791,83.35443115234375,-0.33010920882225037,1.0,0.0
199,13,0.7731872797012329,0.9900000095367432,85.83650970458984,84.7154312133789,85.56112670898438,1.451059103012085,84.11007690429688,0.24489057064056396,0.9999980330467224,0.0
199,14,0.7207568883895874,0.9900000095367432,84.7154312133789,85.8308334350586,85.69328308105469,0.7207568883895874,84.97252655029297,-0.00848992820829153,0.9999949932098389,0.0
200,0,-0.11874139308929443,0.9900000095367432,56.381839752197266,56.73301696777344,58.103057861328125,-0.9127343893051147,59.015785217285156,-0.9996466040611267,0.9999998807907104,0.0
200,1,-0.11883103847503662,0.9900000095367432,56.73301696777344,58.83108139038086,58.91920471191406,-0.8442243337631226,59.763423919677734,-0.9998038411140442,0.9999997615814209,0.0
200,2,-0.11888301372528076,0.9900000095367432,58.83108139038086,60.22176742553711,59.676658630371094,-0.7712847590446472,60.44793701171875,-0.9993399381637573,0.9999838471412659,0.0
200,3,-0.11806654930114746,0.9900000095367432,60.22176742553711,61.5050048828125,60.40889358520508,-0.6936753988265991,61.102561950683594,-0.9969674348831177,0.9999963045120239,2.9802322387695312e-08
200,4,-0.1130141019821167,0.9900000095367432,61.5050048828125,61.825279235839844,61.11904525756836,-0.6120243072509766,61.73106384277344,-0.9833511114120483,0.9999982714653015,1.4901161193847656e-07
200,5,-0.10492908954620361,0.9900000095367432,61.825279235839844,62.798316955566406,61.85189437866211,-0.530579686164856,62.38247299194336,-0.7982810139656067,0.9999126195907593,1.4901161193847656e-07
200,6,-0.06276988983154297,0.9900000095367432,62.798316955566406,64.27482604980469,62.57130432128906,-0.4525790512561798,63.02388000488281,0.6628892421722412,0.9999372363090515,3.5762786865234375e-07
200,7,-0.03999197855591774,0.9900000095367432,64.27482604980469,64.78858947753906,63.213687896728516,-0.4144701361656189,63.628150939941406,0.9965251088142395,0.9989361763000488,5.662441253662109e-07
200,8,-0.04070198908448219,0.9900000095367432,64.78858947753906,64.85513305664062,63.8454475402832,-0.39816921949386597,64.24360656738281,0.9725977182388306,0.9999958872795105,0.0
200,9,-0.07847988605499268,0.9900000095367432,64.85513305664062,64.82821655273438,64.5144271850586,-0.3800821304321289,64.89450073242188,0.20762012898921967,0.9998666048049927,2.9802322387695312e-08
200,10,-0.09851193428039551,0.9900000095367432,64.82821655273438,66.10323333740234,65.26731872558594,-0.3206828832626343,65.5879898071289,-0.5433622598648071,0.9999756813049316,0.0
200,11,-0.07084977626800537,0.9900000095367432,66.10323333740234,67.17562866210938,66.02203369140625,-0.2362263947725296,66.25824737548828,0.009333834983408451,0.9998950958251953,3.069639205932617e-06
200,12,-0.04295206442475319,0.9900000095367432,67.17562866210938,67.5594711303711,66.73863220214844,-0.17583903670310974,66.91446685791016,0.7061988115310669,0.999996542930603,0.0
200,13,-0.05816531553864479,0.9900000095367432,67.5594711303711,67.5928955078125,67.4507064819336,-0.1412939727306366,67.59199523925781,0.5817375779151917,0.9999991655349731,0.0
200,14,-0.08838772773742676,0.9900000095367432,67.5928955078125,69.0006332397461,68.22224426269531,-0.08838772773742676,68.31063079833984,-0.5425924062728882,0.9999980330467224,0.0
201,0,-0.07535898685455322,0.9900000095367432,31.610197067260742,35.879886627197266,37.59333038330078,-0.9484941363334656,38.541831970214844,0.9999991059303284,0.999925971031189,0.0
201,1,-0.08103072643280029,0.9900000095367432,35.879886627197266,37.474544525146484,38.16335678100586,-0.9283733367919922,39.09173583984375,1.0,0.9999873042106628,0.0
201,2,-0.08657443523406982,0.9900000095367432,37.474544525146484,40.18739318847656,38.69154739379883,-0.9009490609169006,39.59250259399414,1.0,0.9999960660934448,0.0
201,3,-0.0916522741317749,0.9900000095367432,40.18739318847656,42.588417053222656,39.11626434326172,-0.8658953905105591,39.9821662902832,1.0,0.9999982118606567,0.0
201,4,-0.09707581996917725,0.9900000095367432,42.588417053222656,44.612545013427734,39.446876525878906,-0.8232249617576599,40.27010726928711,0.9999987483024597,0.9999988675117493,0.0
201,5,-0.10197365283966064,0.9900000095367432,44.612545013427734,45.74399185180664,39.69763946533203,-0.7720884084701538,40.46973419189453,0.999724805355072,0.9999990463256836,0.0
201,6,-0.10785877704620361,0.9900000095367432,45.74399185180664,45.52767562866211,39.90992736816406,-0.712509036064148,40.622440338134766,0.8380630612373352,0.9999995231628418,0.0
201,7,-0.11495459079742432,0.9900000095367432,45.52767562866211,41.11436080932617,40.153289794921875,-0.6429029703140259,40.79619598388672,-0.8884378671646118,0.9999978542327881,0.0
201,8,-0.11422967910766602,0.9900000095367432,41.11436080932617,42.386146545410156,40.65187072753906,-0.5613486766815186,41.21322250366211,-0.9957590699195862,0.9999999403953552,0.0
201,9,-0.1116950511932373,0.9900000095367432,42.386146545410156,42.42928695678711,41.11428451538086,-0.47540566325187683,41.58969497680664,-0.9881212115287781,0.9999997615814209,0.0
201,10,-0.10460472106933594,0.9900000095367432,42.42928695678711,42.32817459106445,41.600990295410156,-0.3867204785346985,41.98771667480469,-0.9228861331939697,0.9999998211860657,0.0
201,11,-0.09227585792541504,0.9900000095367432,42.32817459106445,42.8384895324707,42.11627197265625,-0.2999635934829712,42.416236877441406,-0.21223899722099304,0.9999985098838806,1.4901161193847656e-07
201,12,-0.0692596435546875,0.9900000095367432,42.8384895324707,44.31709671020508,42.624183654785156,-0.2208269238471985,42.845008850097656,0.9887351393699646,0.9999983310699463,0.0
201,13,-0.07878530025482178,0.9900000095367432,44.31709671020508,44.026371002197266,43.06193161010742,-0.1611560583114624,43.223087310791016,0.999170184135437,0.9999494552612305,0.0
201,14,-0.08758187294006348,0.9900000095367432,44.026371002197266,44.08119583129883,43.55280303955078,-0.08758187294006348,43.640384674072266,0.9827904105186462,0.9999405145645142,0.0
202,0,-0.08674013614654541,0.9900000095367432,75.23591613769531,65.41963195800781,60.5519905090332,2.2270002365112305,58.32498550415039,-1.0,0.9999974966049194,0.0
202,1,-0.08645319938659668,0.9900000095367432,65.41963195800781,62.74289321899414,61.03185272216797,2.4601173400878906,58.57173538208008,-1.0,0.9999992847442627,0.0
202,2,-0.0445249117910862,0.9900000095367432,62.74289321899414,60.935489654541016,61.682647705078125,2.7076773643493652,58.974971771240234,-1.0,0.9999932050704956,5.960464477539063e-08
202,3,0.12162518501281738,0.9900000095367432,60.935489654541016,60.525047302246094,62.4251594543457,2.926318407058716,59.498844146728516,-1.0,0.9966363906860352,1.4901161193847656e-07
202,4,0.318942666053772,0.9900000095367432,60.525047302246094,60.900386810302734,63.059593200683594,2.9821300506591797,60.07746124267578,-0.9999998807907104,0.9999673366546631,1.1920928955078125e-07
202,5,0.394400954246521,0.9900000095367432,60.900386810302734,61.397422790527344,63.50460433959961,2.831671714782715,60.67292785644531,-0.9999991655349731,0.9999889135360718,7.152557373046875e-07
202,6,0.40651464462280273,0.9900000095367432,61.397422790527344,61.568058013916016,63.87137985229492,2.5914628505706787,61.279911041259766,-0.9999943971633911,0.9999499917030334,1.1920928955078125e-07
202,7,0.3866147994995117,0.9900000095367432,61.568058013916016,61.783042907714844,64.239501953125,2.3231773376464844,61.91631317138672,-0.999962329864502,0.9994488954544067,1.6689300537109375e-06
202,8,0.35974907875061035,0.9900000095367432,61.783042907714844,62.09587860107422,64.64075469970703,2.059077739715576,62.58165740966797,-0.9994980096817017,0.9998652338981628,4.264712333679199e-05
202,9,0.33189260959625244,0.9900000095367432,62.09587860107422,62.60560989379883,65.07948303222656,1.8068352937698364,63.27263259887695,-0.9955737590789795,0.9987918138504028,1.0699033737182617e-05
202,10,0.3091695308685303,0.9900000095367432,62.60560989379883,63.226646423339844,65.54875946044922,1.568253755569458,63.98049545288086,-0.9682398438453674,0.9997203946113586,8.19861888885498e-05
202,11,0.29588091373443604,0.9900000095367432,63.226646423339844,63.916568756103516,66.03919982910156,1.3387391567230225,64.70045471191406,-0.8548887372016907,0.9607270956039429,6.237626075744629e-05
202,12,0.33407390117645264,0.9900000095367432,63.916568756103516,64.71163177490234,66.53848266601562,1.108833909034729,65.42964935302734,-0.15042492747306824,0.989086389541626,0.0005805790424346924
202,13,0.40866851806640625,0.9900000095367432,64.71163177490234,66.14957427978516,66.98690032958984,0.8237745761871338,66.16313171386719,0.9756370186805725,0.9829785227775574,2.3305416107177734e-05
202,14,0.44136738777160645,0.9900000095367432,66.14957427978516,67.54276275634766,67.30870056152344,0.44136738777160645,66.8673324584961,0.9980406165122986,0.9715813398361206,0.0001423656940460205
203,0,-0.11248993873596191,0.9900000095367432,44.191036224365234,43.72262191772461,42.18953323364258,-1.0819931030273438,43.27153396606445,0.9599201083183289,0.9998036623001099,1.5050172805786133e-05
203,1,-0.1118859052658081,0.9900000095367432,43.72262191772461,43.7237663269043,42.677040100097656,-1.0308380126953125,43.707881927490234,0.9994122385978699,0.9998183250427246,5.918741226196289e-05
203,2,-0.11107301712036133,0.9900000095367432,43.7237663269043,44.044334411621094,43.19468688964844,-0.9770888686180115,44.171775817871094,0.9969319701194763,0.9998880624771118,1.0728836059570312e-06
203,3,-0.1106957197189331,0.9900000095367432,44.044334411621094,44.26267623901367,43.72734069824219,-0.9208036661148071,44.64814376831055,0.95401930809021,0.9996533393859863,1.6391277313232422e-06
203,4,-0.11232972145080566,0.9900000095367432,44.26267623901367,44.543582916259766,44.281795501708984,-0.8613587617874146,45.14316177368164,0.3689539432525635,0.9999951124191284,2.9802322387695312e-08
203,5,-0.11416494846343994,0.9900000095367432,44.543582916259766,46.24538040161133,44.8582878112793,-0.7964157462120056,45.65470504760742,-0.6559960842132568,0.999672532081604,3.8743019104003906e-07
203,6,-0.11023426055908203,0.9900000095367432,46.24538040161133,47.84901809692383,45.383636474609375,-0.725412905216217,46.10905075073242,-0.7385292649269104,0.9999915361404419,1.1920928955078125e-07
203,7,-0.10837876796722412,0.9900000095367432,47.84901809692383,48.458927154541016,45.853633880615234,-0.6540974378585815,46.50773239135742,-0.8811542391777039,0.9999709129333496,6.556510925292969e-07
203,8,-0.10661876201629639,0.9900000095367432,48.458927154541016,48.37149429321289,46.31929397583008,-0.5802431106567383,46.899539947509766,-0.6427304148674011,0.9999033808708191,2.2739171981811523e-05
203,9,-0.0992048978805542,0.9900000095367432,48.37149429321289,47.2076530456543,46.817142486572266,-0.5035878419876099,47.32073211669922,0.6031003594398499,0.9999839067459106,5.21540641784668e-06
203,10,-0.09604573249816895,0.9900000095367432,47.2076530456543,46.97663116455078,47.399864196777344,-0.42996594309806824,47.82982635498047,0.9947547316551208,0.9996631145477295,1.1622905731201172e-06
203,11,-0.09394490718841553,0.9900000095367432,46.97663116455078,47.05388641357422,48.02824783325195,-0.3550454378128052,48.3832893371582,0.9839986562728882,0.9999855756759644,5.662441253662109e-07
203,12,-0.09518563747406006,0.9900000095367432,47.05388641357422,47.35627365112305,48.690086364746094,-0.2776188552379608,48.96770095825195,0.6447121500968933,0.9999455809593201,8.940696716308594e-08
203,13,-0.10072934627532959,0.9900000095367432,47.35627365112305,48.823543548583984,49.37919616699219,-0.19397470355033875,49.57316970825195,-0.40405476093292236,0.9999815225601196,3.5762786865234375e-07
203,14,-0.09914445877075195,0.9900000095367432,48.823543548583984,50.646183013916016,50.04057693481445,-0.09914445877075195,50.13972091674805,-0.704033374786377,0.999956488609314,5.960464477539063e-08
204,0,-0.116585373878479,0.9900000095367432,50.60642623901367,50.3648796081543,54.68321228027344,-0.954428493976593,55.63763427734375,-0.9189386367797852,0.9999996423721313,0.0
204,1,-0.11709868907928467,0.9900000095367432,50.3648796081543,52.527896881103516,55.61587905883789,-0.8908485770225525,56.50672149658203,-0.994645893573761,0.9999955892562866,0.0
204,2,-0.11774122714996338,0.9900000095367432,52.527896881103516,53.44368362426758,56.49425506591797,-0.822700560092926,57.31694793701172,-0.9939186573028564,0.9999947547912598,0.0
204,3,-0.11777937412261963,0.9900000095367432,53.44368362426758,54.932735443115234,57.38068389892578,-0.7495580315589905,58.13023376464844,-0.9966436624526978,0.9999929666519165,0.0
204,4,-0.11667048931121826,0.9900000095367432,54.932735443115234,56.47328567504883,58.2448616027832,-0.671747624874115,58.916603088378906,-0.9970149993896484,0.9999995231628418,0.0
204,5,-0.11154723167419434,0.9900000095367432,56.47328567504883,57.38904571533203,59.081443786621094,-0.5901936292648315,59.671634674072266,-0.9987363219261169,0.9999980330467224,0.0
204,6,-0.10500919818878174,0.9900000095367432,57.38904571533203,58.5321044921875,59.91730880737305,-0.508927583694458,60.426239013671875,-0.9944568872451782,0.9999971389770508,3.2782554626464844e-07
204,7,-0.09565258026123047,0.9900000095367432,58.5321044921875,59.934383392333984,60.738948822021484,-0.4294719099998474,61.16842269897461,-0.6195911765098572,0.9995231032371521,0.0
204,8,-0.04507899656891823,0.9900000095367432,59.934383392333984,61.709774017333984,61.52881622314453,-0.35493817925453186,61.88375473022461,0.977693498134613,0.9998932480812073,0.0
204,9,-0.047933343797922134,0.9900000095367432,61.709774017333984,62.6312370300293,62.221439361572266,-0.3294622004032135,62.550899505615234,0.9995818734169006,0.9989878535270691,1.4901161193847656e-07
204,10,-0.05170131102204323,0.9900000095367432,62.6312370300293,63.500038146972656,62.91241455078125,-0.2993395924568176,63.211753845214844,0.9980407953262329,0.9999881386756897,0.0
204,11,-0.06088471785187721,0.9900000095367432,63.500038146972656,64.5298080444336,63.605384826660156,-0.2633049190044403,63.86868667602539,0.9668419361114502,0.999782919883728,4.172325134277344e-07
204,12,-0.08133971691131592,0.9900000095367432,64.5298080444336,64.77540588378906,64.29776000976562,-0.2152261584997177,64.51298522949219,0.49531587958335876,0.9999996423721313,1.4901161193847656e-07
204,13,-0.08800983428955078,0.9900000095367432,64.77540588378906,65.41016387939453,65.04275512695312,-0.14235666394233704,65.18511199951172,0.24227674305438995,0.9999988079071045,2.9802322387695312e-08
204,14,-0.0577850379049778,0.9900000095367432,65.41016387939453,66.53166961669922,65.8085708618164,-0.0577850379049778,65.8663558959961,0.6871992349624634,0.9999991655349731,0.0
205,0,0.6574684381484985,0.9900000095367432,81.82605743408203,85.4802474975586,92.93568420410156,8.833382606506348,84.10230255126953,-1.0,0.9999699592590332,0.00010561943054199219
205,1,0.7317073345184326,0.9900000095367432,85.4802474975586,87.77286529541016,93.61717224121094,8.693157196044922,84.92401123046875,-1.0,0.9997664093971252,2.5510787963867188e-05
205,2,0.7713100910186768,0.9900000095367432,87.77286529541016,89.75859832763672,94.14216613769531,8.465124130249023,85.67704010009766,-1.0,0.9998013973236084,3.737211227416992e-05
205,3,0.8085699081420898,0.9900000095367432,89.75859832763672,91.44402313232422,94.55375671386719,8.180557250976562,86.3731918334961,-1.0,0.997961163520813,2.0265579223632812e-06
205,4,0.8415991067886353,0.9900000095367432,91.44402313232422,92.91683959960938,94.8630599975586,7.838369846343994,87.0246810913086,-1.0,0.9997334480285645,2.2679567337036133e-05
205,5,0.872643232345581,0.9900000095367432,92.91683959960938,94.0389175415039,95.07929229736328,7.43941593170166,87.6398696899414,-0.9999999403953552,0.998986542224884,1.049041748046875e-05
205,6,0.8983954191207886,0.9900000095367432,94.0389175415039,94.80694580078125,95.21714782714844,6.982214450836182,88.23493194580078,-0.9999976754188538,0.9999959468841553,5.009770393371582e-05
205,7,0.9199312925338745,0.9900000095367432,94.80694580078125,95.15482330322266,95.29591369628906,6.468707084655762,88.82720184326172,-0.9998027086257935,0.9999909400939941,1.0281801223754883e-05
205,8,0.933835506439209,0.9900000095367432,95.15482330322266,95.09085845947266,95.33845520019531,5.899815082550049,89.43863677978516,-0.9774990677833557,0.9971799254417419,7.748603820800781e-07
205,9,0.9360406398773193,0.9900000095367432,95.09085845947266,94.79615020751953,95.37227630615234,5.280148506164551,90.09212493896484,0.2544352114200592,0.9993880391120911,4.172325134277344e-07
205,10,0.9387964010238647,0.9900000095367432,94.79615020751953,94.6784439086914,95.42140197753906,4.618934631347656,90.80245971679688,0.9999977350234985,0.9993212223052979,3.8743019104003906e-07
205,11,0.9972208142280579,0.9900000095367432,94.6784439086914,94.4909896850586,95.47689056396484,3.912959098815918,91.56392669677734,1.0,0.9996347427368164,1.996755599975586e-06
205,12,1.0625240802764893,0.9900000095367432,94.4909896850586,94.7449722290039,95.483642578125,3.1002001762390137,92.38343811035156,1.0,0.9996253252029419,2.086162567138672e-07
205,13,1.109013319015503,0.9900000095367432,94.7449722290039,94.95995330810547,95.40802001953125,2.166588306427002,93.24142456054688,1.0,0.9998656511306763,1.1920928955078125e-07
205,14,1.1244816780090332,0.9900000095367432,94.95995330810547,95.09331512451172,95.26686096191406,1.1244816780090332,94.14237976074219,0.9999999403953552,0.9999449253082275,2.9802322387695312e-08
206,0,0.41743600368499756,0.9900000095367432,59.54074478149414,60.74068832397461,56.461509704589844,2.792725086212158,53.66878128051758,-1.0,0.9997876882553101,4.947185516357422e-06
206,1,0.40370309352874756,0.9900000095367432,60.74068832397461,60.471134185791016,56.392784118652344,2.525559902191162,53.867218017578125,-1.0,0.9961442351341248,3.254413604736328e-05
206,2,0.37866294384002686,0.9900000095367432,60.471134185791016,60.312652587890625,56.34849548339844,2.256094217300415,54.0923957824707,-0.9999996423721313,0.9994617700576782,0.0001221299171447754
206,3,0.35565924644470215,0.9900000095367432,60.312652587890625,60.0345344543457,56.336368560791016,1.996205449104309,54.34016036987305,-0.9999971389770508,0.9963686466217041,0.0001634359359741211
206,4,0.3263411521911621,0.9900000095367432,60.0345344543457,59.963504791259766,56.362571716308594,1.744334101676941,54.61823272705078,-0.999990701675415,0.9979099035263062,5.8710575103759766e-05
206,5,0.2980315685272217,0.9900000095367432,59.963504791259766,59.82663345336914,56.42534255981445,1.5077011585235596,54.917640686035156,-0.999937891960144,0.999996542930603,6.258487701416016e-06
206,6,0.26648950576782227,0.9900000095367432,59.82663345336914,59.7439079284668,56.529388427734375,1.286198377609253,55.24319076538086,-0.9999357461929321,0.9998258948326111,0.00033041834831237793
206,7,0.24293279647827148,0.9900000095367432,59.7439079284668,59.568729400634766,56.67790985107422,1.0842199325561523,55.593692779541016,-0.9997599124908447,0.8377453684806824,0.0001984238624572754
206,8,0.20541775226593018,0.9900000095367432,59.568729400634766,59.51042175292969,56.87009811401367,0.8945105671882629,55.9755859375,-0.9995412826538086,0.9985167980194092,0.0003832876682281494
206,9,0.17880642414093018,0.9900000095367432,59.51042175292969,59.4541130065918,57.11739730834961,0.7326877117156982,56.38471221923828,-0.9979642033576965,0.9578427076339722,0.000318378210067749
206,10,0.15304803848266602,0.9900000095367432,59.4541130065918,59.45536804199219,57.41160583496094,0.5889221429824829,56.82268142700195,-0.9930189251899719,0.9964867830276489,4.8160552978515625e-05
206,11,0.133353590965271,0.9900000095367432,59.45536804199219,59.5029296875,57.751747131347656,0.4634493589401245,57.28829574584961,-0.9884657859802246,0.9997472763061523,0.00010800361633300781
206,12,0.12380099296569824,0.9900000095367432,59.5029296875,59.53886795043945,58.13184356689453,0.3509790003299713,57.78086471557617,-0.9659153819084167,0.9351508021354675,6.288290023803711e-05
206,13,0.1177365779876709,0.9900000095367432,59.53886795043945,59.586143493652344,58.544246673583984,0.2415502369403839,58.30270004272461,-0.9005028605461121,0.9993516206741333,8.493661880493164e-06
206,14,0.13164663314819336,0.9900000095367432,59.586143493652344,59.449554443359375,58.9867057800293,0.13164663314819336,58.85506057739258,-0.6014881134033203,0.9989405870437622,9.08970832824707e-05
207,0,1.0735976696014404,0.9900000095367432,105.67132568359375,105.78719329833984,95.75416564941406,11.041781425476074,84.7123794555664,-0.9999465942382812,0.9999818801879883,0.0
207,1,1.2230823040008545,0.9900000095367432,105.78719329833984,104.1908950805664,95.10270690917969,10.5988130569458,84.50389862060547,-0.999367892742157,0.9999631643295288,2.9802322387695312e-08
207,2,1.249643087387085,0.9900000095367432,104.1908950805664,103.41696166992188,94.33512115478516,9.968878746032715,84.36624908447266,-0.9908668398857117,0.9998944997787476,0.0
207,3,1.2590231895446777,0.9900000095367432,103.41696166992188,100.69925689697266,93.53146362304688,9.270851135253906,84.26061248779297,0.016825716942548752,0.9999232292175293,0.0
207,4,1.1903040409088135,0.9900000095367432,100.69925689697266,97.77556610107422,92.81002044677734,8.51869010925293,84.29133605957031,0.9963890910148621,0.9999900460243225,5.960464477539062e-07
207,5,1.1084856986999512,0.9900000095367432,97.77556610107422,95.59795379638672,92.26988220214844,7.79201078414917,84.47787475585938,0.995846688747406,0.9999686479568481,2.9802322387695312e-08
207,6,1.0405511856079102,0.9900000095367432,95.59795379638672,94.69988250732422,91.89717864990234,7.106352806091309,84.79082489013672,0.42395666241645813,0.9999997615814209,0.0
207,7,0.962583601474762,0.9900000095367432,94.69988250732422,95.65911102294922,91.62039947509766,6.449549674987793,85.17085266113281,-0.9493029713630676,0.9999972581863403,2.9802322387695312e-08
207,8,1.118870735168457,0.9900000095367432,95.65911102294922,96.44647979736328,91.35851287841797,5.834094524383545,85.52442932128906,-0.9030756950378418,0.9999985694885254,2.9802322387695312e-08
207,9,1.1378066539764404,0.9900000095367432,96.44647979736328,94.8183822631836,90.87245178222656,5.013528823852539,85.85893249511719,0.3240547776222229,0.9999997615814209,0.0
207,10,1.0129566192626953,0.9900000095367432,94.8183822631836,90.95630645751953,90.42118835449219,4.120916366577148,86.30029296875,0.9922950267791748,0.9993349313735962,5.960464477539063e-08
207,11,0.8906955718994141,0.9900000095367432,90.95630645751953,88.59456634521484,90.27740478515625,3.304582357406616,86.97283935546875,0.8563047647476196,0.999943733215332,2.9802322387695312e-08
207,12,0.7712132930755615,0.9900000095367432,88.59456634521484,89.9717788696289,90.37882232666016,2.5665993690490723,87.8122329711914,-0.9526060223579407,0.9999986886978149,0.0
207,13,0.9684138894081116,0.9900000095367432,89.9717788696289,91.55345916748047,90.54121398925781,1.9089696407318115,88.63224792480469,-0.8694624304771423,0.9999749660491943,0.0
207,14,1.0000593662261963,0.9900000095367432,91.55345916748047,90.32413482666016,90.42095184326172,1.0000593662261963,89.42089080810547,0.7826693058013916,0.9999909400939941,2.9802322387695312e-08
208,0,-0.09406280517578125,0.9900000095367432,30.541065216064453,32.585811614990234,31.41269874572754,-1.025994062423706,32.43867492675781,-0.006409257650375366,0.9999555349349976,0.0
208,1,-0.09399473667144775,0.9900000095367432,32.585811614990234,32.370853424072266,31.784969329833984,-0.9908891320228577,32.775840759277344,0.06680819392204285,0.9999977946281433,2.9802322387695312e-08
208,2,-0.09805047512054443,0.9900000095367432,32.370853424072266,33.03965759277344,32.19203186035156,-0.9536357522010803,33.145652770996094,-0.10740838199853897,0.999971866607666,0.0
208,3,-0.09959757328033447,0.9900000095367432,33.03965759277344,32.875972747802734,32.593955993652344,-0.9097132086753845,33.503658294677734,0.23215146362781525,0.9999761581420898,2.9802322387695312e-08
208,4,-0.10182738304138184,0.9900000095367432,32.875972747802734,33.025508880615234,33.03157424926758,-0.8613669872283936,33.89292907714844,0.3256361186504364,0.9997117519378662,0.0
208,5,-0.10310816764831543,0.9900000095367432,33.025508880615234,33.41304397583008,33.491371154785156,-0.8075913190841675,34.298954010009766,0.23837065696716309,0.9999670386314392,0.0
208,6,-0.10318434238433838,0.9900000095367432,33.41304397583008,33.548221588134766,33.96122741699219,-0.7490516901016235,34.71027374267578,0.6282705664634705,0.9999870657920837,0.0
208,7,-0.10504162311553955,0.9900000095367432,33.548221588134766,34.19247055053711,34.45377731323242,-0.6867276430130005,35.140499114990234,0.01867840066552162,0.9999979138374329,0.0
208,8,-0.10339665412902832,0.9900000095367432,34.19247055053711,34.58983612060547,34.94554901123047,-0.6184859275817871,35.564029693603516,0.7458392381668091,0.9999989867210388,0.0
208,9,-0.10598206520080566,0.9900000095367432,34.58983612060547,34.9844856262207,35.44577407836914,-0.5476759672164917,35.99344253540039,-0.1475258767604828,0.9999998807907104,0.0
208,10,-0.10353624820709229,0.9900000095367432,34.9844856262207,35.78581619262695,35.95962142944336,-0.46963730454444885,36.42925262451172,0.6905919909477234,0.9999880790710449,0.0
208,11,-0.10679423809051514,0.9900000095367432,35.78581619262695,35.962669372558594,36.46119689941406,-0.3892621695995331,36.85045623779297,-0.25501975417137146,0.9999947547912598,0.0
208,12,-0.10416221618652344,0.9900000095367432,35.962669372558594,37.062618255615234,36.98866271972656,-0.3003380596637726,37.28900146484375,0.639215886592865,0.9999960660934448,0.0
208,13,-0.10872864723205566,0.9900000095367432,37.062618255615234,37.12395477294922,37.48881149291992,-0.20858675241470337,37.69739532470703,-0.5755168199539185,0.9999884366989136,0.0
208,14,-0.10617554187774658,0.9900000095367432,37.12395477294922,38.5135383605957,38.0222282409668,-0.10617554187774658,38.12840270996094,0.4860779047012329,0.9999375343322754,0.0
209,0,0.008460041135549545,0.9900000095367432,79.39774322509766,74.60436248779297,78.03148651123047,4.490983963012695,73.54051971435547,1.0,0.9980372190475464,1.1920928955078125e-07
209,1,0.04294824227690697,0.9900000095367432,74.60436248779297,75.18699645996094,79.03254699707031,4.766107559204102,74.26646423339844,1.0,0.9997240900993347,8.940696716308594e-08
209,2,0.16094744205474854,0.9900000095367432,75.18699645996094,75.9123306274414,80.02960968017578,5.021965980529785,75.00765991210938,1.0,0.9993326663970947,1.4603137969970703e-06
209,3,0.28294920921325684,0.9900000095367432,75.9123306274414,77.4897689819336,80.92610168457031,5.168547630310059,75.75757598876953,1.0,0.9999423027038574,0.0
209,4,0.4057861566543579,0.9900000095367432,77.4897689819336,79.11046600341797,81.66656494140625,5.194681644439697,76.47190856933594,1.0,0.9999889135360718,2.9802322387695312e-08
209,5,0.5135438442230225,0.9900000095367432,79.11046600341797,80.84996795654297,82.23797607421875,5.091861724853516,77.1461410522461,1.0,0.9999060034751892,0.0
209,6,0.6090342998504639,0.9900000095367432,80.84996795654297,82.08245086669922,82.63941192626953,4.867961883544922,77.77146911621094,0.9999973773956299,0.999997615814209,0.0
209,7,0.6707947254180908,0.9900000095367432,82.08245086669922,83.16307067871094,82.89984130859375,4.528365135192871,78.3714828491211,0.9958105087280273,0.9999936819076538,0.0
209,8,0.660330057144165,0.9900000095367432,83.16307067871094,83.53678894042969,83.05419921875,4.101616382598877,78.95259094238281,0.21142588555812836,0.9999997019767761,0.0
209,9,0.6898850202560425,0.9900000095367432,83.53678894042969,84.01042938232422,83.20977783203125,3.65899658203125,79.55078887939453,0.19118794798851013,0.9999998807907104,0.0
209,10,0.7297395467758179,0.9900000095367432,84.01042938232422,83.97286224365234,83.31884002685547,3.156949996948242,80.16190338134766,0.4663090407848358,0.99998939037323,0.0
209,11,0.6921461820602417,0.9900000095367432,83.97286224365234,83.9085922241211,83.39441680908203,2.580766201019287,80.81365203857422,-0.2738146185874939,0.9999994039535522,0.0
209,12,0.7343963384628296,0.9900000095367432,83.9085922241211,83.69166564941406,83.51812744140625,2.0081019401550293,81.51002502441406,0.12406201660633087,0.9999963045120239,0.0
209,13,0.7036442756652832,0.9900000095367432,83.69166564941406,83.79031372070312,83.61614990234375,1.354285717010498,82.26187133789062,-0.034763943403959274,0.9999957084655762,0.0
209,14,0.6918036937713623,0.9900000095367432,83.79031372070312,83.89503479003906,83.74788665771484,0.6918036937713623,83.05608367919922,-0.6419069170951843,0.999980092048645,0.0
210,0,0.599435567855835,0.9900000095367432,82.5737533569336,83.79720306396484,86.09650421142578,9.122537612915039,76.97398376464844,-1.0,0.9998898506164551,0.0007405281066894531
210,1,0.7123194932937622,0.9900000095367432,83.79720306396484,84.99559020996094,86.49560546875,9.062309265136719,77.43330383300781,-0.9999998807907104,0.9988474249839783,1.4334917068481445e-05
210,2,0.7889750003814697,0.9900000095367432,84.99559020996094,85.59526062011719,86.73684692382812,8.87824535369873,77.85860443115234,-0.9999991655349731,0.99968421459198,2.0176172256469727e-05
210,3,0.8529044389724731,0.9900000095367432,85.59526062011719,85.92302703857422,86.88027954101562,8.601032257080078,78.27925872802734,-0.999978244304657,0.9995410442352295,2.232193946838379e-05
210,4,0.9085887670516968,0.9900000095367432,85.92302703857422,85.9868392944336,86.94757080078125,8.238306999206543,78.70926666259766,-0.9997423887252808,0.9999406337738037,2.625584602355957e-05
210,5,0.9553149342536926,0.9900000095367432,85.9868392944336,85.8066635131836,86.95655059814453,7.793427467346191,79.16313171386719,-0.9948740005493164,0.9998444318771362,9.375810623168945e-05
210,6,0.994866669178009,0.9900000095367432,85.8066635131836,85.38092803955078,86.92589569091797,7.2707200050354,79.65518188476562,-0.8029620051383972,0.9979838132858276,2.6792287826538086e-05
210,7,1.0342204570770264,0.9900000095367432,85.38092803955078,85.2671127319336,86.8736572265625,6.672889709472656,80.20077514648438,0.9467189311981201,0.9998084306716919,1.1205673217773438e-05
210,8,1.0303277969360352,0.9900000095367432,85.2671127319336,85.47663116455078,86.78225708007812,5.995395660400391,80.786865234375,0.9999999403953552,0.9978295564651489,6.815791130065918e-05
210,9,1.0571441650390625,0.9900000095367432,85.47663116455078,85.69358825683594,86.67818450927734,5.279179096221924,81.39900970458984,1.0,0.9999159574508667,1.2040138244628906e-05
210,10,1.0590381622314453,0.9900000095367432,85.69358825683594,86.06890106201172,86.52760314941406,4.489138603210449,82.03846740722656,1.0,0.9995851516723633,4.887580871582031e-06
210,11,1.0537447929382324,0.9900000095367432,86.06890106201172,86.22132110595703,86.34573364257812,3.6471028327941895,82.6986312866211,1.0,0.9996300339698792,5.066394805908203e-07
210,12,1.0296642780303955,0.9900000095367432,86.22132110595703,86.39221954345703,86.14995574951172,2.757424831390381,83.39253234863281,0.9999991655349731,0.9998573064804077,5.960464477539063e-08
210,13,0.9851980805397034,0.9900000095367432,86.39221954345703,86.25055694580078,85.95840454101562,1.8370659351348877,84.121337890625,0.9998689889907837,0.999998152256012,0.0
210,14,0.905760645866394,0.9900000095367432,86.25055694580078,85.76131439208984,85.80946350097656,0.905760645866394,84.90370178222656,0.937620222568512,0.9999972581863403,0.0
211,0,0.3031761646270752,0.9900000095367432,81.82779693603516,82.03304290771484,85.03479766845703,5.297528266906738,79.73725128173828,1.0,0.999991774559021,0.0
211,1,0.34501779079437256,0.9900000095367432,82.03304290771484,82.34200286865234,85.77456665039062,5.3103156089782715,80.46424102783203,1.0,0.9999977350234985,0.0
211,2,0.3970475196838379,0.9900000095367432,82.34200286865234,83.73961639404297,86.5003890991211,5.279423713684082,81.22095489501953,1.0,0.9999923706054688,0.0
211,3,0.447354793548584,0.9900000095367432,83.73961639404297,84.80062103271484,87.14324951171875,5.191256046295166,81.95198822021484,0.9999999403953552,0.999998927116394,0.0
211,4,0.49014973640441895,0.9900000095367432,84.80062103271484,86.13239288330078,87.71745300292969,5.044020652770996,82.67343139648438,0.9999999403953552,0.9999749660491943,0.0
211,5,0.5358802080154419,0.9900000095367432,86.13239288330078,87.18445587158203,88.21238708496094,4.841968059539795,83.37041473388672,0.9999998211860657,0.9999998807907104,0.0
211,6,0.57636559009552,0.9900000095367432,87.18445587158203,88.29363250732422,88.63463592529297,4.578509330749512,84.05612182617188,0.9999997615814209,0.9998981952667236,0.0
211,7,0.6144638061523438,0.9900000095367432,88.29363250732422,89.1957015991211,88.982177734375,4.255336284637451,84.72683715820312,0.9999995231628418,0.9999986886978149,0.0
211,8,0.6447000503540039,0.9900000095367432,89.1957015991211,90.0340805053711,89.26371765136719,3.8712096214294434,85.39250183105469,0.9999992847442627,0.9999973773956299,0.0
211,9,0.6679191589355469,0.9900000095367432,90.0340805053711,90.67216491699219,89.48680114746094,3.4306321144104004,86.05615997314453,0.9999987483024597,0.9999994039535522,0.0
211,10,0.6805305480957031,0.9900000095367432,90.67216491699219,91.15471649169922,89.66571044921875,2.9374938011169434,86.72821807861328,0.9999978542327881,0.999998927116394,0.0
211,11,0.6820476055145264,0.9900000095367432,91.15471649169922,91.40325164794922,89.817138671875,2.3997483253479004,87.41739654541016,0.9999949932098389,0.9999983310699463,0.0
211,12,0.6713854074478149,0.9900000095367432,91.40325164794922,91.4232406616211,89.96346282958984,1.8263696432113647,88.13709259033203,0.9999869465827942,0.9999999403953552,0.0
211,13,0.6491683721542358,0.9900000095367432,91.4232406616211,91.16796112060547,90.12932586669922,1.2280534505844116,88.9012680053711,0.9999595880508423,0.9999994039535522,0.0
211,14,0.6155078411102295,0.9900000095367432,91.16796112060547,90.63356018066406,90.34273529052734,0.6155078411102295,89.72722625732422,0.9998477101325989,0.9999971389770508,0.0
212,0,-0.10894310474395752,0.9900000095367432,57.4988899230957,56.99526596069336,57.29450607299805,-0.5431276559829712,57.8376350402832,-0.892406165599823,0.9999999403953552,0.0
212,1,-0.10984337329864502,0.9900000095367432,56.99526596069336,57.937747955322266,58.03528594970703,-0.4616529047489166,58.4969367980957,-0.9604740738868713,1.0,0.0
212,2,-0.11051273345947266,0.9900000095367432,57.937747955322266,58.19660568237305,58.77427673339844,-0.3740665018558502,59.14834213256836,-0.9361865520477295,1.0,2.086162567138672e-07
212,3,-0.1103295087814331,0.9900000095367432,58.19660568237305,58.88522720336914,59.5471076965332,-0.28022727370262146,59.827335357666016,-0.9115837812423706,0.9999932050704956,0.0
212,4,-0.10845577716827393,0.9900000095367432,58.88522720336914,59.99945068359375,60.3323974609375,-0.18064621090888977,60.51304626464844,-0.8319498300552368,0.9999999403953552,0.0
212,5,-0.0964052677154541,0.9900000095367432,59.99945068359375,60.894710540771484,61.106727600097656,-0.0767575055360794,61.18349075317383,-0.6332950592041016,0.9999711513519287,0.0
212,6,-0.06381416320800781,0.9900000095367432,60.894710540771484,61.063106536865234,61.8701171875,0.02089075744152069,61.8492317199707,-0.33733224868774414,0.9999924898147583,0.0
212,7,-0.012525085359811783,0.9900000095367432,61.063106536865234,62.00537872314453,62.63828659057617,0.09006370604038239,62.5482292175293,0.25383979082107544,0.998569130897522,0.0
212,8,0.04077577218413353,0.9900000095367432,62.00537872314453,63.23885726928711,63.350921630859375,0.10907898843288422,63.241851806640625,0.7614142894744873,0.9999974966049194,0.0
212,9,-0.019278768450021744,0.9900000095367432,63.23885726928711,63.48398208618164,63.98705291748047,0.07262437045574188,63.91443634033203,0.18271835148334503,0.9999994039535522,0.0
212,10,-0.05249929800629616,0.9900000095367432,63.48398208618164,64.33673858642578,64.71438598632812,0.09771731495857239,64.61666870117188,-0.34358352422714233,0.9999188184738159,0.0
212,11,0.01930975541472435,0.9900000095367432,64.33673858642578,65.46221160888672,65.4781723022461,0.15971994400024414,65.31845092773438,0.15218067169189453,0.9999898672103882,2.9802322387695312e-08
212,12,0.04126858338713646,0.9900000095367432,65.46221160888672,66.4104232788086,66.1546859741211,0.14929312467575073,66.0053939819336,0.4448348879814148,0.999988853931427,1.4901161193847656e-07
212,13,0.06044184789061546,0.9900000095367432,66.4104232788086,66.9298324584961,66.80074310302734,0.11485862731933594,66.6858901977539,0.5555947422981262,0.9999836683273315,0.0
212,14,0.05785941705107689,0.9900000095367432,66.9298324584961,68.0627212524414,67.43995666503906,0.05785941705107689,67.38209533691406,0.46513620018959045,1.0,0.0
213,0,-0.11821937561035156,0.9900000095367432,50.29903030395508,50.38010787963867,50.97612762451172,-1.1352546215057373,52.111385345458984,-0.013978124596178532,0.9999758005142212,0.0
213,1,-0.11639463901519775,0.9900000095367432,50.38010787963867,51.24748611450195,51.67521286010742,-1.0813772678375244,52.756587982177734,0.31381291151046753,0.9999916553497314,0.0
213,2,-0.11730659008026123,0.9900000095367432,51.24748611450195,52.71916580200195,52.37092590332031,-1.026031494140625,53.39695739746094,0.06854373216629028,0.9999685287475586,0.0
213,3,-0.11510825157165527,0.9900000095367432,52.71916580200195,54.07646560668945,53.03416442871094,-0.966214656829834,54.00038146972656,0.1957828253507614,0.9999937415122986,2.9802322387695312e-08
213,4,-0.11532175540924072,0.9900000095367432,54.07646560668945,55.06583023071289,53.665592193603516,-0.9049509763717651,54.5705451965332,0.15648968517780304,0.9997203350067139,0.0
213,5,-0.11268556118011475,0.9900000095367432,55.06583023071289,55.940521240234375,54.285118103027344,-0.8395845293998718,55.12470626831055,0.3144671618938446,0.99997878074646,0.0
213,6,-0.11411905288696289,0.9900000095367432,55.940521240234375,57.10973358154297,54.89500045776367,-0.7728856801986694,55.66788864135742,0.12957149744033813,0.9999996423721313,0.0
213,7,-0.11027133464813232,0.9900000095367432,57.10973358154297,57.62702941894531,55.483455657958984,-0.7004429697990417,56.18389892578125,0.2949002683162689,0.999798059463501,0.0
213,8,-0.11317873001098633,0.9900000095367432,57.62702941894531,58.40618133544922,56.07781982421875,-0.6275083422660828,56.705326080322266,0.036606308072805405,0.9999827742576599,5.960464477539063e-08
213,9,-0.10703372955322266,0.9900000095367432,58.40618133544922,58.381717681884766,56.67186737060547,-0.5468683242797852,57.21873474121094,0.26629993319511414,0.999956488609314,0.0
213,10,-0.10748851299285889,0.9900000095367432,58.381717681884766,58.87663650512695,57.29825210571289,-0.46766039729118347,57.765907287597656,0.4234350025653839,0.9999802112579346,0.0
213,11,-0.10694992542266846,0.9900000095367432,58.87663650512695,59.60850143432617,57.938697814941406,-0.3829578757286072,58.321651458740234,0.289463073015213,0.9999096393585205,0.0
213,12,-0.10591042041778564,0.9900000095367432,59.60850143432617,60.1578369140625,58.58056640625,-0.2934693694114685,58.8740348815918,0.254297137260437,0.9999859929084778,5.960464477539063e-08
213,13,-0.10365092754364014,0.9900000095367432,60.1578369140625,60.25639724731445,59.233028411865234,-0.19942474365234375,59.43245315551758,0.35431233048439026,0.999995231628418,0.0
213,14,-0.10183286666870117,0.9900000095367432,60.25639724731445,60.62728500366211,59.9191780090332,-0.10183286666870117,60.02101135253906,0.435850590467453,0.9999880194664001,0.0
214,0,0.7862929105758667,0.9900000095367432,92.61115264892578,93.43057250976562,94.04389190673828,8.95471477508545,85.08919525146484,-0.9999812841415405,0.9999997615814209,0.0
214,1,0.850638747215271,0.9900000095367432,93.43057250976562,94.62611389160156,94.24006652832031,8.685190200805664,85.55490112304688,-0.9993922114372253,0.9999995231628418,0.0
214,2,0.8591930866241455,0.9900000095367432,94.62611389160156,95.03953552246094,94.31731414794922,8.330198287963867,85.98713684082031,-0.788223385810852,1.0,0.0
214,3,0.920276403427124,0.9900000095367432,95.03953552246094,97.14842987060547,94.36859893798828,7.943653106689453,86.42496490478516,0.9248449206352234,0.9999983310699463,0.0
214,4,0.9281905889511108,0.9900000095367432,97.14842987060547,97.2154312133789,94.2471923828125,7.467705249786377,86.77949523925781,0.9946165084838867,0.9999985694885254,0.0
214,5,0.9380263090133667,0.9900000095367432,97.2154312133789,95.6419677734375,94.10614776611328,6.9532318115234375,87.1529312133789,0.8982058763504028,0.9999986886978149,0.0
214,6,0.9192761182785034,0.9900000095367432,95.6419677734375,94.6321029663086,94.02854919433594,6.395752429962158,87.6328125,0.1502845287322998,1.0,0.0
214,7,0.8903317451477051,0.9900000095367432,94.6321029663086,94.41535186767578,94.01912689208984,5.822941303253174,88.19619750976562,0.372297078371048,1.0,0.0
214,8,0.8830952644348145,0.9900000095367432,94.41535186767578,94.27468872070312,94.0512924194336,5.244667053222656,88.80663299560547,0.5342620611190796,0.9999998807907104,0.0
214,9,0.8926013708114624,0.9900000095367432,94.27468872070312,93.95710754394531,94.1005859375,4.637503623962402,89.46308135986328,0.03807965666055679,0.9999988079071045,0.0
214,10,0.865452766418457,0.9900000095367432,93.95710754394531,93.98856353759766,94.15960693359375,3.981820583343506,90.17778015136719,-0.05690862610936165,0.9999998211860657,0.0
214,11,0.8676403760910034,0.9900000095367432,93.98856353759766,93.77144622802734,94.24957275390625,3.3135223388671875,90.93605041503906,0.09019090235233307,0.9999986886978149,0.0
214,12,0.8917200565338135,0.9900000095367432,93.77144622802734,93.9559097290039,94.35433197021484,2.600618839263916,91.75370788574219,-0.05189311504364014,0.9999994039535522,0.0
214,13,0.9320433139801025,0.9900000095367432,93.9559097290039,93.8807144165039,94.43040466308594,1.8170111179351807,92.61338806152344,-0.08960942924022675,0.999997615814209,0.0
214,14,0.9409546852111816,0.9900000095367432,93.8807144165039,94.4761734008789,94.47236633300781,0.9409546852111816,93.53141021728516,-0.2652888298034668,0.9999994039535522,0.0
215,0,-0.0990978479385376,0.9900000095367432,57.44053649902344,57.64475631713867,54.22806167602539,-0.9745110273361206,55.20257568359375,0.9288231730461121,0.9999991059303284,0.0
215,1,-0.1003803014755249,0.9900000095367432,57.64475631713867,57.66553497314453,54.730194091796875,-0.9307954907417297,55.66099166870117,0.9749146699905396,0.9999997019767761,0.0
215,2,-0.10089576244354248,0.9900000095367432,57.66553497314453,58.49760437011719,55.26435852050781,-0.8829507827758789,56.14731216430664,0.9533107876777649,0.9999998807907104,0.0
215,3,-0.09990966320037842,0.9900000095367432,58.49760437011719,58.99562454223633,55.7890739440918,-0.8315311074256897,56.62060546875,0.866097092628479,0.9999964237213135,0.0
215,4,-0.09979438781738281,0.9900000095367432,58.99562454223633,59.44590759277344,56.319725036621094,-0.7779068946838379,57.097633361816406,0.551946222782135,0.9999974966049194,0.0
215,5,-0.09995222091674805,0.9900000095367432,59.44590759277344,59.7625846862793,56.86012649536133,-0.7210127115249634,57.58114242553711,0.15214654803276062,0.9999998807907104,0.0
215,6,-0.1002962589263916,0.9900000095367432,59.7625846862793,60.184139251708984,57.418216705322266,-0.6603513956069946,58.07857131958008,-0.12455925345420837,0.9999977946281433,0.0
215,7,-0.10036587715148926,0.9900000095367432,60.184139251708984,60.187400817871094,57.98978805541992,-0.5954866409301758,58.58527755737305,-0.4107336401939392,0.9999961853027344,0.0
215,8,-0.10024309158325195,0.9900000095367432,60.187400817871094,60.44344711303711,58.5974235534668,-0.526444137096405,59.12387466430664,-0.4501537084579468,0.9999943971633911,0.0
215,9,-0.1003948450088501,0.9900000095367432,60.44344711303711,60.722496032714844,59.229896545410156,-0.45316433906555176,59.683067321777344,-0.3569888770580292,0.9999923706054688,0.0
215,10,-0.09753918647766113,0.9900000095367432,60.722496032714844,61.466434478759766,59.887855529785156,-0.375087171792984,60.2629508972168,0.04393470659852028,0.9999996423721313,0.0
215,11,-0.08863675594329834,0.9900000095367432,61.466434478759766,61.695045471191406,60.54524612426758,-0.29510682821273804,60.840362548828125,0.32374700903892517,0.9999780654907227,0.0
215,12,-0.08193302154541016,0.9900000095367432,61.695045471191406,61.962310791015625,61.22273254394531,-0.21953222155570984,61.4422721862793,0.2936437427997589,0.9999998807907104,0.0
215,13,-0.07919764518737793,0.9900000095367432,61.962310791015625,62.35822677612305,61.9218864440918,-0.14630430936813354,62.06819534301758,0.032048050314188004,0.9999951124191284,0.0
215,14,-0.07135212421417236,0.9900000095367432,62.35822677612305,63.346336364746094,62.64152145385742,-0.07135212421417236,62.71287536621094,0.18648365139961243,0.9999998807907104,0.0
216,0,-0.11809659004211426,0.9900000095367432,46.56646728515625,50.45698165893555,49.85076904296875,-1.065507411956787,50.91627883911133,-1.0,0.9999961853027344,1.0192394256591797e-05
216,1,-0.11768245697021484,0.9900000095367432,50.45698165893555,52.69092559814453,50.47447204589844,-1.0073480606079102,51.48182678222656,-1.0,0.9999863505363464,1.817941665649414e-06
216,2,-0.1169813871383667,0.9900000095367432,52.69092559814453,54.58689880371094,51.019622802734375,-0.9459496736526489,51.965579986572266,-1.0,0.9999613761901855,2.7507543563842773e-05
216,3,-0.1156313419342041,0.9900000095367432,54.58689880371094,56.11090850830078,51.49872589111328,-0.8814122676849365,52.380149841308594,-1.0,0.9999709129333496,1.4990568161010742e-05
216,4,-0.11320734024047852,0.9900000095367432,56.11090850830078,57.28047561645508,51.92649459838867,-0.8142274618148804,52.7407341003418,-1.0,0.9998412132263184,1.233816146850586e-05
216,5,-0.10917901992797852,0.9900000095367432,57.28047561645508,57.92020034790039,52.31719207763672,-0.7453696727752686,53.06257247924805,-0.9999998807907104,0.9999591708183289,9.387731552124023e-06
216,6,-0.10374248027801514,0.9900000095367432,57.92020034790039,58.05320358276367,52.69465637207031,-0.6764387488365173,53.37110137939453,-0.999994695186615,0.9999582171440125,5.4508447647094727e-05
216,7,-0.09773123264312744,0.9900000095367432,58.05320358276367,57.622764587402344,53.083213806152344,-0.6089274287223816,53.6921501159668,-0.9984713792800903,0.9998772740364075,2.9206275939941406e-05
216,8,-0.09447741508483887,0.9900000095367432,57.622764587402344,56.15626907348633,53.51262283325195,-0.5435366630554199,54.0561637878418,-0.4494355618953705,0.9999588131904602,0.00020709633827209473
216,9,-0.09362924098968506,0.9900000095367432,56.15626907348633,55.18666458129883,54.04292297363281,-0.47746866941452026,54.52039337158203,0.999264121055603,0.9991592168807983,2.428889274597168e-05
216,10,-0.09473872184753418,0.9900000095367432,55.18666458129883,55.06058120727539,54.65689468383789,-0.408122718334198,55.06501770019531,0.9999999403953552,0.9994581341743469,0.0003445446491241455
216,11,-0.09192347526550293,0.9900000095367432,55.06058120727539,55.459129333496094,55.317527770996094,-0.3332099914550781,55.65074157714844,1.0,0.9997208714485168,2.086162567138672e-07
216,12,-0.09080195426940918,0.9900000095367432,55.459129333496094,56.16170883178711,55.99598693847656,-0.2565513253211975,56.252540588378906,1.0,0.9998849630355835,2.384185791015625e-07
216,13,-0.0905606746673584,0.9900000095367432,56.16170883178711,56.97813034057617,56.679195404052734,-0.1762353777885437,56.85543441772461,0.9999995827674866,0.9984853863716125,1.0669231414794922e-05
216,14,-0.09109485149383545,0.9900000095367432,56.97813034057617,58.033836364746094,57.362403869628906,-0.09109485149383545,57.45349884033203,0.999965488910675,0.9996030330657959,2.9802322387695312e-08
217,0,0.1411963701248169,0.9900000095367432,62.82670211791992,63.71494674682617,68.4373550415039,3.3944926261901855,65.04285430908203,0.9956921339035034,0.9999933838844299,0.0
217,1,0.2051706314086914,0.9900000095367432,63.71494674682617,63.864410400390625,69.26344299316406,3.459113359451294,65.8043212890625,0.9993108510971069,0.9999943971633911,0.0
217,2,0.22373437881469727,0.9900000095367432,63.864410400390625,65.0545883178711,70.06590270996094,3.459800958633423,66.60609436035156,0.999775230884552,0.9999988079071045,0.0
217,3,0.26271820068359375,0.9900000095367432,65.0545883178711,65.67304229736328,70.83675384521484,3.440793752670288,67.39595031738281,0.999906599521637,0.9999991655349731,0.0
217,4,0.2938957214355469,0.9900000095367432,65.67304229736328,66.83049774169922,71.58236694335938,3.379133939743042,68.2032241821289,0.9999492168426514,0.9999943971633911,0.0
217,5,0.3326246738433838,0.9900000095367432,66.83049774169922,67.7630844116211,72.28108215332031,3.280423402786255,69.00065612792969,0.9999659657478333,0.9999979138374329,0.0
217,6,0.36442410945892334,0.9900000095367432,67.7630844116211,68.93780517578125,72.93374633789062,3.134288787841797,69.79945373535156,0.9999722838401794,0.9999991655349731,0.0
217,7,0.3945479393005371,0.9900000095367432,68.93780517578125,69.99951171875,73.53205871582031,2.9450981616973877,70.58695983886719,0.9999625086784363,0.9999991059303284,0.0
217,8,0.41692686080932617,0.9900000095367432,69.99951171875,71.14630889892578,74.08031463623047,2.7119088172912598,71.36840057373047,0.9999343156814575,0.9999998807907104,0.0
217,9,0.4362490177154541,0.9900000095367432,71.14630889892578,72.2115707397461,74.57910919189453,2.4401721954345703,72.13893127441406,0.999886155128479,0.9999988675117493,0.0
217,10,0.45166778564453125,0.9900000095367432,72.2115707397461,73.27210998535156,75.0328369140625,2.130699872970581,72.90213775634766,0.9996899962425232,0.9999991655349731,0.0
217,11,0.46639585494995117,0.9900000095367432,73.27210998535156,74.24942779541016,75.44306182861328,1.785254716873169,73.65780639648438,0.9991993308067322,0.9999895095825195,0.0
217,12,0.4808565378189087,0.9900000095367432,74.24942779541016,75.16770935058594,75.81214904785156,1.4022953510284424,74.40984344482422,0.9982592463493347,0.9999998807907104,0.0
217,13,0.49664807319641113,0.9900000095367432,75.16770935058594,75.9815902709961,76.140869140625,0.9797329902648926,75.1611328125,0.9951441884040833,0.9999999403953552,0.0
217,14,0.5136469602584839,0.9900000095367432,75.9815902709961,76.68395233154297,76.4307632446289,0.5136469602584839,75.9171142578125,0.9837945103645325,0.9999977350234985,0.0
218,0,-0.11869430541992188,0.9900000095367432,6.860254764556885,9.0918607711792,-11.366081237792969,-1.207779049873352,-10.158302307128906,0.999999463558197,0.9999471306800842,0.0
218,1,-0.11846232414245605,0.9900000095367432,9.0918607711792,8.624295234680176,-12.43746280670166,-1.1579848527908325,-11.279478073120117,0.9999565482139587,0.9998171925544739,3.8743019104003906e-07
218,2,-0.11868321895599365,0.9900000095367432,8.624295234680176,4.892992973327637,-13.552262306213379,-1.1052870750427246,-12.446974754333496,0.9997836947441101,0.999936580657959,5.960464477539063e-08
218,3,-0.11898517608642578,0.9900000095367432,4.892992973327637,0.06363936513662338,-14.540970802307129,-1.049020528793335,-13.491949081420898,0.9999675154685974,0.9992178082466125,2.9802322387695312e-08
218,4,-0.11930465698242188,0.9900000095367432,0.06363936513662338,-4.536176681518555,-15.33773136138916,-0.988873302936554,-14.348856925964355,0.999999463558197,0.9991596341133118,0.0
218,5,-0.11956334114074707,0.9900000095367432,-4.536176681518555,-8.453801155090332,-15.942462921142578,-0.9245812296867371,-15.0178804397583,1.0,0.9999977946281433,0.0
218,6,-0.11975574493408203,0.9900000095367432,-8.453801155090332,-11.471174240112305,-16.378986358642578,-0.8559467196464539,-15.52303695678711,1.0,0.9999598264694214,0.0
218,7,-0.11988890171051025,0.9900000095367432,-11.471174240112305,-13.625144958496094,-16.684110641479492,-0.7827655076980591,-15.901344299316406,1.0,0.9996283650398254,0.0
218,8,-0.11998116970062256,0.9900000095367432,-13.625144958496094,-15.084307670593262,-16.895030975341797,-0.7048129439353943,-16.190217971801758,1.0,0.9999913573265076,0.0
218,9,-0.1200491189956665,0.9900000095367432,-15.084307670593262,-16.061243057250977,-17.04239845275879,-0.6218306422233582,-16.420568466186523,1.0,0.9998995065689087,0.0
218,10,-0.12010347843170166,0.9900000095367432,-16.061243057250977,-16.703937530517578,-17.147600173950195,-0.5335263013839722,-16.61407470703125,1.0,0.9999873638153076,0.0
218,11,-0.12015092372894287,0.9900000095367432,-16.703937530517578,-17.107189178466797,-17.22557258605957,-0.4395776689052582,-16.785995483398438,1.0,0.9999704360961914,0.0
218,12,-0.12019240856170654,0.9900000095367432,-17.107189178466797,-17.33253288269043,-17.287202835083008,-0.3396350145339966,-16.947568893432617,1.0,0.9996154308319092,0.0
218,13,-0.12022709846496582,0.9900000095367432,-17.33253288269043,-17.43185806274414,-17.340831756591797,-0.23332546651363373,-17.107505798339844,1.0,0.9999228119850159,0.0
218,14,-0.12025344371795654,0.9900000095367432,-17.43185806274414,-17.446800231933594,-17.3925838470459,-0.12025344371795654,-17.27233123779297,1.0,0.9999878406524658,0.0
219,0,0.006870504468679428,0.9900000095367432,98.10321044921875,95.98397827148438,97.08219146728516,8.753702163696289,88.32850646972656,1.0,0.9998490810394287,0.0
219,1,0.40688657760620117,0.9900000095367432,95.98397827148438,97.82982635498047,98.16492462158203,9.300193786621094,88.86474609375,1.0,0.9999333620071411,0.0
219,2,0.7070513963699341,0.9900000095367432,97.82982635498047,101.13492584228516,98.79369354248047,9.45593547821045,89.33776092529297,1.0,0.9999998807907104,0.0
219,3,0.90323805809021,0.9900000095367432,101.13492584228516,103.5328369140625,98.96912384033203,9.302374839782715,89.666748046875,0.999984085559845,0.9999921321868896,0.0
219,4,1.005600929260254,0.9900000095367432,103.5328369140625,104.52810668945312,98.82085418701172,8.930501937866211,89.89034271240234,0.9326514601707458,0.9999996423721313,0.0
219,5,0.9379236698150635,0.9900000095367432,104.52810668945312,103.37598419189453,98.50198364257812,8.426263809204102,90.0757064819336,-0.8742832541465759,1.0,0.0
219,6,1.0593607425689697,0.9900000095367432,103.37598419189453,105.5995101928711,98.2955322265625,7.96208381652832,90.33342742919922,-0.5633000731468201,0.9999999403953552,0.0
219,7,1.146216869354248,0.9900000095367432,105.5995101928711,105.0791244506836,97.82987213134766,7.339418888092041,90.49043273925781,0.2870679795742035,0.9999994039535522,0.0
219,8,1.127760648727417,0.9900000095367432,105.0791244506836,103.21607971191406,97.26978302001953,6.585010528564453,90.68476104736328,-0.30570921301841736,0.9999874830245972,0.0
219,9,1.158360481262207,0.9900000095367432,103.21607971191406,102.26870727539062,96.79194641113281,5.802498817443848,90.98943328857422,-0.5337316989898682,0.9999995231628418,0.0
219,10,1.1362063884735107,0.9900000095367432,102.26870727539062,101.59508514404297,96.30120849609375,4.93794584274292,91.36324310302734,-0.5728448033332825,0.9999974370002747,0.0
219,11,1.1811368465423584,0.9900000095367432,101.59508514404297,99.71792602539062,95.83842468261719,4.042253494262695,91.79615020751953,0.014100953936576843,0.9999881386756897,0.0
219,12,1.1600868701934814,0.9900000095367432,99.71792602539062,96.75977325439453,95.39739227294922,3.042123317718506,92.35525512695312,0.5815118551254272,0.999998927116394,2.9802322387695312e-08
219,13,1.0373480319976807,0.9900000095367432,96.75977325439453,94.97482299804688,95.10652923583984,2.0011019706726074,93.10542297363281,-0.5592255592346191,0.9999960660934448,0.0
219,14,1.0247249603271484,0.9900000095367432,94.97482299804688,94.94645690917969,95.02172088623047,1.0247249603271484,93.99699401855469,-0.6990950107574463,0.9999423027038574,0.0
220,0,-0.04972553625702858,0.9900000095367432,63.52870178222656,72.34748077392578,71.94599914550781,1.3832676410675049,70.562744140625,-1.0,0.999981164932251,1.6093254089355469e-06
220,1,-0.011647704988718033,0.9900000095367432,72.34748077392578,74.74523162841797,72.74272155761719,1.5236502885818481,71.21908569335938,-1.0,0.9999906420707703,8.344650268554688e-07
220,2,0.00013589486479759216,0.9900000095367432,74.74523162841797,76.87300872802734,73.42316436767578,1.632427453994751,71.7907485961914,-1.0,0.9999697208404541,7.152557373046875e-07
220,3,0.02284371480345726,0.9900000095367432,76.87300872802734,77.9145278930664,74.02213287353516,1.735557198524475,72.28659057617188,-1.0,0.999938428401947,5.066394805908203e-07
220,4,0.04629027470946312,0.9900000095367432,77.9145278930664,79.30855560302734,74.58003234863281,1.821066975593567,72.75897216796875,-1.0,0.9999837875366211,8.940696716308594e-08
220,5,0.08390331268310547,0.9900000095367432,79.30855560302734,80.28646850585938,75.0749282836914,1.887056589126587,73.18787384033203,-0.9999995827674866,0.99970942735672,3.007054328918457e-05
220,6,0.1255742311477661,0.9900000095367432,80.28646850585938,81.0882339477539,75.50967407226562,1.9172283411026,73.59245300292969,-0.99998539686203,0.9998863935470581,1.5795230865478516e-06
220,7,0.17186760902404785,0.9900000095367432,81.0882339477539,81.28970336914062,75.88541412353516,1.9050017595291138,73.98041534423828,-0.9990203976631165,0.9999726414680481,7.599592208862305e-06
220,8,0.204359769821167,0.9900000095367432,81.28970336914062,80.9140396118164,76.22510528564453,1.842779517173767,74.38232421875,-0.9291433691978455,0.9999726414680481,3.8743019104003906e-07
220,9,0.16989243030548096,0.9900000095367432,80.9140396118164,80.20999908447266,76.57150268554688,1.7420731782913208,74.82942962646484,0.7457635402679443,0.9999639987945557,5.960464477539063e-08
220,10,0.1590890884399414,0.9900000095367432,80.20999908447266,79.27095794677734,77.0135269165039,1.6716434955596924,75.34188079833984,0.9999995827674866,0.9993541836738586,0.0
220,11,0.27600693702697754,0.9900000095367432,79.27095794677734,78.57283020019531,77.54441833496094,1.6082450151443481,75.93617248535156,1.0,0.998785138130188,2.9802322387695312e-08
220,12,0.40215301513671875,0.9900000095367432,78.57283020019531,78.6474609375,78.02132415771484,1.4165210723876953,76.60479736328125,1.0,0.9998836517333984,2.086162567138672e-07
220,13,0.5186060667037964,0.9900000095367432,78.6474609375,78.78705596923828,78.39035034179688,1.0785412788391113,77.31180572509766,0.9999998807907104,0.9995900392532349,5.960464477539063e-08
220,14,0.5953590869903564,0.9900000095367432,78.78705596923828,78.84463500976562,78.65155029296875,0.5953590869903564,78.05619049072266,0.9999732971191406,0.9999999403953552,0.0
221,0,1.141678810119629,0.9900000095367432,94.99756622314453,95.53719329833984,95.29619598388672,11.107647895812988,84.18856811523438,0.9129610061645508,0.9999996423721313,0.0
221,1,1.0152678489685059,0.9900000095367432,95.53719329833984,93.60940551757812,95.08285522460938,10.596458435058594,84.48641204833984,-0.20331203937530518,0.999999463558197,0.0
221,2,1.135408878326416,0.9900000095367432,93.60940551757812,93.73554229736328,95.09188842773438,10.187337875366211,84.9045639038086,0.7926613688468933,0.9999991655349731,0.0
221,3,1.026756763458252,0.9900000095367432,93.73554229736328,95.46824645996094,94.96711730957031,9.624591827392578,85.34253692626953,0.5675700902938843,0.9999992847442627,0.0
221,4,1.0113022327423096,0.9900000095367432,95.46824645996094,93.0448226928711,94.85877990722656,9.141770362854004,85.7170181274414,-0.31045177578926086,0.9999997615814209,0.0
221,5,1.1059587001800537,0.9900000095367432,93.0448226928711,93.87859344482422,94.88756561279297,8.644835472106934,86.24274444580078,0.7638672590255737,0.9999948740005493,0.0
221,6,1.048692226409912,0.9900000095367432,93.87859344482422,94.77513885498047,94.77365112304688,8.01581859588623,86.75784301757812,0.5262908935546875,0.9999996423721313,0.0
221,7,1.0554368495941162,0.9900000095367432,94.77513885498047,93.28194427490234,94.6662368774414,7.407896041870117,87.25834655761719,0.0023879690561443567,0.9999990463256836,0.0
221,8,1.0909030437469482,0.9900000095367432,93.28194427490234,93.61235046386719,94.6234359741211,6.754342079162598,87.86909484863281,0.5459623336791992,0.9999865293502808,2.9802322387695312e-08
221,9,1.0959217548370361,0.9900000095367432,93.61235046386719,93.62210083007812,94.5228271484375,6.021732330322266,88.5010986328125,0.18934786319732666,0.9999537467956543,0.0
221,10,1.122344732284546,0.9900000095367432,93.62210083007812,93.28929901123047,94.41000366210938,5.237438201904297,89.17256927490234,0.21256199479103088,0.9999927878379822,0.0
221,11,1.1411418914794922,0.9900000095367432,93.28929901123047,93.2876968383789,94.27946472167969,4.375431060791016,89.90403747558594,0.16052064299583435,0.9999834895133972,0.0
221,12,1.1752195358276367,0.9900000095367432,93.2876968383789,93.13536071777344,94.12076568603516,3.438904285430908,90.68186950683594,0.04791202023625374,0.999988317489624,0.0
221,13,1.2141196727752686,0.9900000095367432,93.13536071777344,93.1353988647461,93.92381286621094,2.406895160675049,91.51692199707031,-0.06447010487318039,0.999900758266449,0.0
221,14,1.268235445022583,0.9900000095367432,93.1353988647461,93.33818817138672,93.67304229736328,1.268235445022583,92.4048080444336,-0.03889026865363121,0.9999819993972778,0.0
222,0,0.5686883926391602,0.9900000095367432,86.48407745361328,88.3851318359375,90.2102279663086,8.772112846374512,81.4381103515625,-0.9999768137931824,0.9999997615814209,0.0
222,1,0.6536651849746704,0.9900000095367432,88.3851318359375,89.52371978759766,90.66079711914062,8.722407341003418,81.9383773803711,-0.9999721646308899,0.9999995827674866,0.0
222,2,0.684424877166748,0.9900000095367432,89.52371978759766,90.60982513427734,90.98959350585938,8.579204559326172,82.41036987304688,-0.9988086223602295,0.9999963641166687,0.0
222,3,0.7358373403549194,0.9900000095367432,90.60982513427734,91.5852279663086,91.24931335449219,8.394237518310547,82.85505676269531,-0.8638153076171875,0.9999812841415405,0.0
222,4,0.936638593673706,0.9900000095367432,91.5852279663086,92.34953308105469,91.41946411132812,8.142902374267578,83.27654266357422,0.981904923915863,0.9999996423721313,0.0
222,5,0.9159095287322998,0.9900000095367432,92.34953308105469,90.6761703491211,91.34664154052734,7.662162780761719,83.6844711303711,0.9999465942382812,0.9999983310699463,0.0
222,6,0.9256863594055176,0.9900000095367432,90.6761703491211,89.24846649169922,91.37934112548828,7.1730499267578125,84.2062759399414,0.999631404876709,0.9999926090240479,0.0
222,7,0.9303698539733887,0.9900000095367432,89.24846649169922,88.98194122314453,91.47884368896484,6.6425981521606445,84.83623504638672,0.9898198246955872,0.9999998807907104,0.0
222,8,0.9303689002990723,0.9900000095367432,88.98194122314453,88.90760803222656,91.59369659423828,6.073607921600342,85.52008056640625,0.7761049270629883,0.999998927116394,0.0
222,9,0.9598332047462463,0.9900000095367432,88.90760803222656,89.2073745727539,91.7197265625,5.468622207641602,86.25109100341797,0.5626224279403687,0.9999998807907104,0.0
222,10,1.0088932514190674,0.9900000095367432,89.2073745727539,89.64224243164062,91.80662536621094,4.794034004211426,87.01258087158203,0.6172279119491577,0.9999999403953552,0.0
222,11,1.0536808967590332,0.9900000095367432,89.64224243164062,90.13431549072266,91.82396697998047,4.024604797363281,87.79935455322266,0.47633084654808044,0.9999986886978149,0.0
222,12,1.0903294086456299,0.9900000095367432,90.13431549072266,90.65362548828125,91.76889038085938,3.158877372741699,88.6100082397461,0.5053415894508362,0.9999992847442627,0.0
222,13,1.1327567100524902,0.9900000095367432,90.65362548828125,90.82433319091797,91.6440200805664,2.1994128227233887,89.4446029663086,0.20032666623592377,0.9999998807907104,0.0
222,14,1.1341373920440674,0.9900000095367432,90.82433319091797,91.2353744506836,91.45716094970703,1.1341373920440674,90.3230209350586,0.2404702752828598,0.9999995231628418,0.0
223,0,-0.11837911605834961,0.9900000095367432,44.09945297241211,44.92719268798828,42.164798736572266,-1.1429861783981323,43.30778121948242,0.4976005256175995,0.9998196959495544,0.0009141862392425537
223,1,-0.11686158180236816,0.9900000095367432,44.92719268798828,47.2382926940918,42.593597412109375,-1.0894279479980469,43.683021545410156,0.9984051585197449,0.9984784126281738,1.1205673217773438e-05
223,2,-0.11590611934661865,0.9900000095367432,47.2382926940918,48.72737503051758,42.92627716064453,-1.034095048904419,43.960365295410156,0.9986720085144043,0.9995518922805786,1.850724220275879e-05
223,3,-0.11538422107696533,0.9900000095367432,48.72737503051758,49.487064361572266,43.20061492919922,-0.9762774705886841,44.176883697509766,0.9913890361785889,0.9992634057998657,4.798173904418945e-06
223,4,-0.11536407470703125,0.9900000095367432,49.487064361572266,49.608802795410156,43.45176696777344,-0.9153569936752319,44.36711883544922,0.9416558146476746,0.99945068359375,3.2782554626464844e-07
223,5,-0.11600208282470703,0.9900000095367432,49.608802795410156,49.202152252197266,43.71238327026367,-0.8506038188934326,44.56298065185547,0.6977081894874573,0.9999222159385681,2.980232238769531e-07
223,6,-0.11633849143981934,0.9900000095367432,49.202152252197266,48.70397186279297,44.01156997680664,-0.7810757756233215,44.79263687133789,0.45134085416793823,0.9941688776016235,1.4901161193847656e-07
223,7,-0.11470556259155273,0.9900000095367432,48.70397186279297,48.42177963256836,44.35625457763672,-0.7067914009094238,45.06303787231445,0.7443087697029114,0.9999914169311523,0.0
223,8,-0.11366188526153564,0.9900000095367432,48.42177963256836,48.11576461791992,44.735862731933594,-0.6295437216758728,45.36540222167969,0.75070720911026,0.9999932050704956,0.0
223,9,-0.11144602298736572,0.9900000095367432,48.11576461791992,48.263755798339844,45.15448760986328,-0.548518717288971,45.7030029296875,0.8175084590911865,0.9999889135360718,0.0
223,10,-0.10897684097290039,0.9900000095367432,48.263755798339844,48.490379333496094,45.589447021484375,-0.46472376585006714,46.054168701171875,0.7503765821456909,0.9999192953109741,0.0
223,11,-0.10563242435455322,0.9900000095367432,48.490379333496094,48.72172164916992,46.037376403808594,-0.37825295329093933,46.415626525878906,0.733180582523346,0.9999817609786987,0.0
223,12,-0.10337507724761963,0.9900000095367432,48.72172164916992,48.65471267700195,46.4979133605957,-0.289867639541626,46.787776947021484,0.6224106550216675,0.9999973177909851,0.0
223,13,-0.10227108001708984,0.9900000095367432,48.65471267700195,48.4164924621582,46.988704681396484,-0.1982908844947815,47.18699645996094,0.5077841877937317,0.9999924898147583,0.0
223,14,-0.10209441184997559,0.9900000095367432,48.4164924621582,48.10505294799805,47.52191162109375,-0.10209441184997559,47.62400436401367,0.49266329407691956,0.9999929666519165,0.0
224,0,0.5730991363525391,0.9900000095367432,68.72643280029297,68.61493682861328,65.84314727783203,7.2283711433410645,58.61479187011719,-0.9997439980506897,0.9999997615814209,0.0
224,1,0.5347738265991211,0.9900000095367432,68.61493682861328,69.32660675048828,65.78800201416016,7.07631254196167,58.71169662475586,-0.9994204640388489,0.9999991655349731,0.0
224,2,0.5060404539108276,0.9900000095367432,69.32660675048828,69.36531066894531,65.73265838623047,6.955384254455566,58.777278900146484,-0.9986340403556824,0.9999960660934448,0.0
224,3,0.5938235521316528,0.9900000095367432,69.36531066894531,68.68262481689453,65.70232391357422,6.857356548309326,58.844970703125,-0.9926732778549194,0.9999817609786987,0.0
224,4,0.733513355255127,0.9900000095367432,68.68262481689453,67.71934509277344,65.61266326904297,6.659790992736816,58.952877044677734,-0.895922839641571,0.9999973773956299,0.0
224,5,0.9106779098510742,0.9900000095367432,67.71934509277344,67.0723648071289,65.41950225830078,6.301198959350586,59.118309020996094,0.1878092885017395,0.9999758005142212,0.0
224,6,0.958552896976471,0.9900000095367432,67.0723648071289,66.47073364257812,65.05980682373047,5.731548309326172,59.3282585144043,0.9944542050361633,0.9997681379318237,2.9802322387695312e-08
224,7,0.9287155866622925,0.9900000095367432,66.47073364257812,66.47310638427734,64.65811157226562,5.074955463409424,59.583152770996094,0.9925357699394226,0.9999867081642151,0.0
224,8,0.8924251794815063,0.9900000095367432,66.47310638427734,66.39213562011719,64.2625961303711,4.408548355102539,59.85404968261719,0.5905051231384277,0.9998966455459595,0.0
224,9,0.6853666305541992,0.9900000095367432,66.39213562011719,66.02503204345703,63.884918212890625,3.738568067550659,60.14634704589844,-0.7293320894241333,0.9999961853027344,0.0
224,10,0.6169917583465576,0.9900000095367432,66.02503204345703,65.49504852294922,63.72282028198242,3.2463598251342773,60.47645950317383,-0.8448042273521423,0.9999985694885254,0.0
224,11,0.7876152992248535,0.9900000095367432,65.49504852294922,64.974365234375,63.651058197021484,2.795713186264038,60.8553466796875,-0.3174234926700592,0.999954879283905,0.0
224,12,0.9096980094909668,0.9900000095367432,64.974365234375,64.13481903076172,63.420745849609375,2.135138511657715,61.28561019897461,0.7217965722084045,0.9996969103813171,8.940696716308594e-08
224,13,0.8429652452468872,0.9900000095367432,64.13481903076172,63.383689880371094,63.09024429321289,1.3029670715332031,61.78727722167969,0.4545494318008423,0.999983549118042,2.9802322387695312e-08
224,14,0.4891035556793213,0.9900000095367432,63.383689880371094,62.99011993408203,62.84932327270508,0.4891035556793213,62.3602180480957,-0.9829172492027283,0.9999991655349731,2.9802322387695312e-08
225,0,-0.11902379989624023,0.9900000095367432,12.789318084716797,16.220197677612305,8.633050918579102,-1.2079613208770752,9.841010093688965,0.9999999403953552,0.9989681839942932,0.0
225,1,-0.11896336078643799,0.9900000095367432,16.220197677612305,17.126968383789062,8.452072143554688,-1.1578283309936523,9.60990047454834,0.9999991655349731,0.9999806880950928,2.9802322387695312e-08
225,2,-0.11922669410705566,0.9900000095367432,17.126968383789062,17.15489959716797,8.211856842041016,-1.1045879125595093,9.316444396972656,0.9999886751174927,0.9999964833259583,0.0
225,3,-0.11928451061248779,0.9900000095367432,17.15489959716797,16.109384536743164,7.955253601074219,-1.0476993322372437,9.002952575683594,0.9996747374534607,0.9999998807907104,0.0
225,4,-0.11937129497528076,0.9900000095367432,16.109384536743164,15.197038650512695,7.7375054359436035,-0.987150251865387,8.724654197692871,0.9961954355239868,0.999998927116394,0.0
225,5,-0.11940014362335205,0.9900000095367432,15.197038650512695,14.025482177734375,7.554091930389404,-0.9226783514022827,8.47676944732666,0.9588479399681091,0.9999996423721313,0.0
225,6,-0.11948502063751221,0.9900000095367432,14.025482177734375,12.920443534851074,7.420766353607178,-0.8540970087051392,8.274862289428711,0.8424843549728394,0.9999989867210388,0.0
225,7,-0.11957180500030518,0.9900000095367432,12.920443534851074,11.805388450622559,7.337255954742432,-0.7810866236686707,8.118342399597168,0.6972194910049438,0.9999993443489075,0.0
225,8,-0.11966633796691895,0.9900000095367432,11.805388450622559,10.84404468536377,7.307241439819336,-0.7033650875091553,8.01060676574707,0.5714147686958313,0.9999827146530151,0.0
225,9,-0.1197214126586914,0.9900000095367432,10.84404468536377,9.98473834991455,7.326026916503906,-0.6206259727478027,7.946652889251709,0.5360705256462097,0.9999955296516418,0.0
225,10,-0.11979758739471436,0.9900000095367432,9.98473834991455,9.11492919921875,7.391285419464111,-0.5325939059257507,7.923879623413086,0.45301252603530884,0.9999992847442627,0.0
225,11,-0.1199033260345459,0.9900000095367432,9.11492919921875,8.3637056350708,7.506532669067383,-0.4389115571975708,7.945444583892822,0.2560505270957947,0.9999867677688599,0.0
225,12,-0.12000954151153564,0.9900000095367432,8.3637056350708,7.978636741638184,7.668721675872803,-0.3391900658607483,8.007911682128906,0.011111599393188953,0.9999998807907104,0.0
225,13,-0.12010610103607178,0.9900000095367432,7.978636741638184,7.674811363220215,7.861550807952881,-0.23304682970046997,8.094597816467285,-0.5796077251434326,0.9999985098838806,0.0
225,14,-0.12008583545684814,0.9900000095367432,7.674811363220215,8.285614967346191,8.082673072814941,-0.12008583545684814,8.2027587890625,-0.9663082361221313,0.9999956488609314,0.0
226,0,-0.11652565002441406,0.9900000095367432,46.709285736083984,48.48075866699219,48.45240020751953,-1.1793057918548584,49.63170623779297,1.0,0.9952805638313293,0.00011712312698364258
226,1,-0.11619400978088379,0.9900000095367432,48.48075866699219,49.024349212646484,49.08998107910156,-1.1300160884857178,50.220001220703125,1.0,0.9836382269859314,1.043081283569336e-06
226,2,-0.11607468128204346,0.9900000095367432,49.024349212646484,49.66269302368164,49.73893737792969,-1.0779608488082886,50.816898345947266,1.0,0.9979374408721924,1.9371509552001953e-06
226,3,-0.11641442775726318,0.9900000095367432,49.66269302368164,50.511051177978516,50.39522171020508,-1.0227391719818115,51.417964935302734,1.0,0.9992184638977051,1.4901161193847656e-07
226,4,-0.11696040630340576,0.9900000095367432,50.511051177978516,51.22988510131836,51.04874038696289,-0.9636626839637756,52.01240539550781,1.0,0.9918670654296875,0.0
226,5,-0.11759722232818604,0.9900000095367432,51.22988510131836,52.11361312866211,51.70635223388672,-0.9002682566642761,52.606624603271484,1.0,0.9997047185897827,0.0
226,6,-0.1178504228591919,0.9900000095367432,52.11361312866211,52.927310943603516,52.35972595214844,-0.8321861624717712,53.191917419433594,0.9999997615814209,0.9999586343765259,0.0
226,7,-0.11779367923736572,0.9900000095367432,52.927310943603516,53.8240852355957,53.01188278198242,-0.7595276236534119,53.77141571044922,0.9999959468841553,0.9998818039894104,2.682209014892578e-07
226,8,-0.11741161346435547,0.9900000095367432,53.8240852355957,54.873600006103516,53.65803909301758,-0.6823327541351318,54.34037399291992,0.9999756813049316,0.9999998807907104,0.0
226,9,-0.1166846752166748,0.9900000095367432,54.873600006103516,56.066890716552734,54.289432525634766,-0.6006604433059692,54.89009475708008,0.9998522400856018,0.999970555305481,1.1920928955078125e-07
226,10,-0.1158289909362793,0.9900000095367432,56.066890716552734,56.9381103515625,54.89719009399414,-0.5145941376686096,55.411781311035156,0.9986118674278259,0.9999997615814209,0.0
226,11,-0.11532771587371826,0.9900000095367432,56.9381103515625,57.4172477722168,55.49663543701172,-0.42399272322654724,55.920623779296875,0.9774994254112244,0.9999891519546509,0.0
226,12,-0.11548209190368652,0.9900000095367432,57.4172477722168,57.518375396728516,56.10824966430664,-0.32819247245788574,56.436439514160156,0.7907648086547852,0.9999996423721313,0.0
226,13,-0.11630487442016602,0.9900000095367432,57.518375396728516,57.56541442871094,56.75339889526367,-0.22616733610630035,56.97956466674805,0.33944007754325867,0.9999988675117493,0.0
226,14,-0.1168128252029419,0.9900000095367432,57.56541442871094,58.13594055175781,57.43776321411133,-0.1168128252029419,57.5545768737793,0.2000032663345337,0.9999990463256836,0.0
227,0,-0.07767188549041748,0.9900000095367432,48.40870666503906,46.980220794677734,37.74704360961914,-0.5623246431350708,38.309364318847656,1.0,0.9999218583106995,0.0
227,1,-0.07378268241882324,0.9900000095367432,46.980220794677734,45.28025436401367,37.745025634765625,-0.515313982963562,38.26033401489258,1.0,0.9998614192008972,0.0
227,2,-0.06874585151672363,0.9900000095367432,45.28025436401367,44.8177604675293,37.828216552734375,-0.4694644510746002,38.297672271728516,1.0,0.9999871850013733,5.960464477539063e-08
227,3,-0.059189919382333755,0.9900000095367432,44.8177604675293,44.309024810791016,37.93565368652344,-0.4260697662830353,38.361717224121094,0.9999999403953552,0.9995682835578918,0.0
227,4,-0.05283499136567116,0.9900000095367432,44.309024810791016,44.228267669677734,38.06650161743164,-0.3900902271270752,38.45658874511719,0.9999994039535522,0.9999245405197144,0.0
227,5,-0.047943953424692154,0.9900000095367432,44.228267669677734,43.95319366455078,38.203121185302734,-0.3585914373397827,38.561710357666016,0.9999935626983643,0.9999899864196777,0.0
227,6,-0.046256426721811295,0.9900000095367432,43.95319366455078,43.74581527709961,38.357666015625,-0.33030036091804504,38.68796157836914,0.9999289512634277,0.9999992251396179,0.0
227,7,-0.045747045427560806,0.9900000095367432,43.74581527709961,43.434688568115234,38.531105041503906,-0.3020137548446655,38.83311462402344,0.999213457107544,0.9999995231628418,0.0
227,8,-0.045623186975717545,0.9900000095367432,43.434688568115234,43.11016845703125,38.73134994506836,-0.27247920632362366,39.00382614135742,0.9951724410057068,0.9999998807907104,8.940696716308594e-08
227,9,-0.045542482286691666,0.9900000095367432,43.11016845703125,42.71469497680664,38.96120834350586,-0.24120788276195526,39.202415466308594,0.9806207418441772,0.9999998211860657,0.0
227,10,-0.046166662126779556,0.9900000095367432,42.71469497680664,42.30177307128906,39.22634506225586,-0.20804402232170105,39.434383392333984,0.950749933719635,0.9999808073043823,0.0
227,11,-0.046874407678842545,0.9900000095367432,42.30177307128906,41.887611389160156,39.530643463134766,-0.1721184104681015,39.7027587890625,0.9095224738121033,0.9999999403953552,0.0
227,12,-0.047280553728342056,0.9900000095367432,41.887611389160156,41.54624557495117,39.87675094604492,-0.13316747546195984,40.00991439819336,0.8865042924880981,0.9999997615814209,0.0
227,13,-0.04722357168793678,0.9900000095367432,41.54624557495117,41.27373123168945,40.26314926147461,-0.09132049977779388,40.35446548461914,0.8314192891120911,0.9999964833259583,0.0
227,14,-0.046886686235666275,0.9900000095367432,41.27373123168945,41.14662170410156,40.688270568847656,-0.046886686235666275,40.73515701293945,0.7637501955032349,0.9999994039535522,0.0
228,0,-0.11746883392333984,0.9900000095367432,39.83639144897461,40.53959655761719,39.42536163330078,-1.1869535446166992,40.6123161315918,1.0,0.9966741800308228,3.2782554626464844e-07
228,1,-0.11811637878417969,0.9900000095367432,40.53959655761719,39.90138626098633,39.91081237792969,-1.1371448040008545,41.04795837402344,1.0,0.997246265411377,2.9802322387695312e-08
228,2,-0.11846470832824707,0.9900000095367432,39.90138626098633,40.32010269165039,40.46125411987305,-1.0834965705871582,41.54475784301758,1.0,0.9996793270111084,4.559755325317383e-06
228,3,-0.11880207061767578,0.9900000095367432,40.32010269165039,41.172569274902344,41.02485275268555,-1.0260839462280273,42.050941467285156,1.0,0.999858558177948,5.364418029785156e-07
228,4,-0.11904549598693848,0.9900000095367432,41.172569274902344,42.12717819213867,41.57959747314453,-0.9646803140640259,42.54428482055664,1.0,0.996627688407898,2.9802322387695312e-08
228,5,-0.1191558837890625,0.9900000095367432,42.12717819213867,43.33662033081055,42.11945724487305,-0.8991332650184631,43.01859664916992,1.0,0.9999743700027466,2.9802322387695312e-08
228,6,-0.11903297901153564,0.9900000095367432,43.33662033081055,44.4747200012207,42.62992858886719,-0.8293220400810242,43.459259033203125,1.0,0.9999876618385315,5.960464477539063e-08
228,7,-0.11872661113739014,0.9900000095367432,44.4747200012207,45.500389099121094,43.1126708984375,-0.7552249431610107,43.867897033691406,1.0,0.9999828338623047,2.9802322387695312e-08
228,8,-0.11822116374969482,0.9900000095367432,45.500389099121094,46.26387023925781,43.57163619995117,-0.6767659187316895,44.248409271240234,0.9999999403953552,0.9999822378158569,0.0
228,9,-0.11754107475280762,0.9900000095367432,46.26387023925781,46.79336166381836,44.0189208984375,-0.5938806533813477,44.61280822753906,0.9999995827674866,0.9999945759773254,0.0
228,10,-0.1166837215423584,0.9900000095367432,46.79336166381836,47.10010528564453,44.46591567993164,-0.5064747929573059,44.97239303588867,0.9999976754188538,0.9999966621398926,0.0
228,11,-0.11563336849212646,0.9900000095367432,47.10010528564453,47.240474700927734,44.92413330078125,-0.41445088386535645,45.338584899902344,0.999991774559021,0.9999854564666748,0.0
228,12,-0.11430108547210693,0.9900000095367432,47.240474700927734,47.24057388305664,45.402835845947266,-0.317721962928772,45.720558166503906,0.9999709129333496,1.0,0.0
228,13,-0.11257612705230713,0.9900000095367432,47.24057388305664,47.160587310791016,45.910396575927734,-0.21629011631011963,46.126686096191406,0.9999076724052429,0.9999982118606567,0.0
228,14,-0.11027538776397705,0.9900000095367432,47.160587310791016,47.033050537109375,46.45244598388672,-0.11027538776397705,46.562721252441406,0.9997589588165283,1.0,0.0
229,0,0.7007901668548584,0.9900000095367432,70.7008285522461,72.83479309082031,71.82263946533203,4.320733070373535,67.50191497802734,1.0,0.9998174905776978,5.960464477539063e-08
229,1,0.7266974449157715,0.9900000095367432,72.83479309082031,71.57325744628906,71.78790283203125,3.8489561080932617,67.93896484375,1.0,0.9994794726371765,2.905726432800293e-05
229,2,0.7182602882385254,0.9900000095367432,71.57325744628906,71.46814727783203,71.7898178100586,3.3197860717773438,68.47004699707031,1.0,0.9992794990539551,4.470348358154297e-07
229,3,0.6642637252807617,0.9900000095367432,71.46814727783203,71.70390319824219,71.80635833740234,2.7661092281341553,69.0402603149414,1.0,0.9992071390151978,0.0
229,4,0.5696910619735718,0.9900000095367432,71.70390319824219,71.9684829711914,71.86894989013672,2.2348170280456543,69.63414001464844,1.0,0.9998178482055664,1.1920928955078125e-07
229,5,0.45656466484069824,0.9900000095367432,71.9684829711914,72.2158203125,72.02212524414062,1.770469069480896,70.25167846679688,0.9999945163726807,0.9999906420707703,0.0
229,6,0.34805309772491455,0.9900000095367432,72.2158203125,72.53069305419922,72.29226684570312,1.3970274925231934,70.89525604248047,0.9979596138000488,0.9999996423721313,0.0
229,7,0.25039541721343994,0.9900000095367432,72.53069305419922,73.20889282226562,72.67830657958984,1.1153368949890137,71.56298065185547,0.8483602404594421,0.9995939135551453,0.0
229,8,0.17178606986999512,0.9900000095367432,73.20889282226562,73.9747085571289,73.15690612792969,0.9196613430976868,72.23725128173828,0.09601986408233643,0.9999932646751404,0.0
229,9,0.2281186580657959,0.9900000095367432,73.9747085571289,74.6063232421875,73.70906066894531,0.7951890230178833,72.91387176513672,0.7822837829589844,0.9998005628585815,0.0
229,10,0.1776432991027832,0.9900000095367432,74.6063232421875,74.98444366455078,74.20301055908203,0.6029456853866577,73.60005950927734,0.7257262468338013,0.9999957084655762,0.0
229,11,0.13650727272033691,0.9900000095367432,74.98444366455078,75.5678939819336,74.76197052001953,0.45220881700515747,74.30976104736328,-0.35482895374298096,0.999995231628418,0.0
229,12,0.12139129638671875,0.9900000095367432,75.5678939819336,76.83295440673828,75.36933135986328,0.3356741666793823,75.03365325927734,0.3357323706150055,0.9999711513519287,0.0
229,13,0.12470889091491699,0.9900000095367432,76.83295440673828,76.44776153564453,75.96460723876953,0.22783932089805603,75.73676300048828,0.4681851267814636,0.999990701675415,0.0
229,14,0.10965490341186523,0.9900000095367432,76.44776153564453,77.27739715576172,76.6142807006836,0.10965490341186523,76.50462341308594,-0.3810938894748688,0.9999579191207886,0.0
230,0,-0.10312891006469727,0.9900000095367432,35.98891830444336,35.60236358642578,36.31608200073242,-1.0948092937469482,37.4109001159668,0.9996784329414368,0.9999105930328369,0.0
230,1,-0.10257875919342041,0.9900000095367432,35.60236358642578,35.42495346069336,36.84943771362305,-1.0544182062149048,37.903865814208984,0.9979832172393799,0.9999997615814209,0.0
230,2,-0.10277390480041504,0.9900000095367432,35.42495346069336,36.031700134277344,37.42528533935547,-1.012056827545166,38.43735122680664,0.9865963459014893,0.9999991655349731,0.0
230,3,-0.10295379161834717,0.9900000095367432,36.031700134277344,36.77523422241211,38.005836486816406,-0.9668079614639282,38.97265625,0.9075466990470886,0.99998939037323,0.0
230,4,-0.10432267189025879,0.9900000095367432,36.77523422241211,37.906490325927734,38.58417892456055,-0.9185051918029785,39.50269317626953,0.6244879961013794,0.9999865293502808,0.0
230,5,-0.10659730434417725,0.9900000095367432,37.906490325927734,39.225040435791016,39.141021728515625,-0.8656911849975586,40.00672149658203,0.20090660452842712,0.9999986886978149,0.0
230,6,-0.10812985897064209,0.9900000095367432,39.225040435791016,40.62294387817383,39.666114807128906,-0.8071173429489136,40.47323989868164,0.0850624144077301,0.9999743700027466,0.0
230,7,-0.11034727096557617,0.9900000095367432,40.62294387817383,41.53588104248047,40.15248489379883,-0.7432084083557129,40.89569854736328,-0.2503609359264374,0.9999995231628418,0.0
230,8,-0.11215698719024658,0.9900000095367432,41.53588104248047,42.392940521240234,40.623931884765625,-0.6728985905647278,41.29683303833008,-0.45854267477989197,0.9999969005584717,0.0
230,9,-0.1136094331741333,0.9900000095367432,42.392940521240234,42.90345001220703,41.08201599121094,-0.5962164998054504,41.67823791503906,-0.5904412865638733,0.9999840259552002,0.0
230,10,-0.11488151550292969,0.9900000095367432,42.90345001220703,43.19681167602539,41.54376220703125,-0.5131388306617737,42.05690383911133,-0.7514771819114685,0.9999974966049194,0.0
230,11,-0.11577558517456055,0.9900000095367432,43.19681167602539,43.45034408569336,42.0206298828125,-0.423452764749527,42.44408416748047,-0.8259290456771851,0.999997615814209,0.0
230,12,-0.11633002758026123,0.9900000095367432,43.45034408569336,43.65616989135742,42.51527404785156,-0.3271421492099762,42.84241485595703,-0.8741463422775269,0.999996542930603,0.0
230,13,-0.11624801158905029,0.9900000095367432,43.65616989135742,43.88291549682617,43.030967712402344,-0.22414898872375488,43.2551155090332,-0.9073691964149475,0.9999982714653015,0.0
230,14,-0.11472725868225098,0.9900000095367432,43.88291549682617,44.12322235107422,43.567264556884766,-0.11472725868225098,43.68199157714844,-0.9366956949234009,0.9999834299087524,5.662441253662109e-07
231,0,-0.11549198627471924,0.9900000095367432,41.721736907958984,38.26457214355469,37.90446472167969,-1.1634114980697632,39.0678825378418,1.0,0.9972681999206543,4.0531158447265625e-06
231,1,-0.11496198177337646,0.9900000095367432,38.26457214355469,37.0960807800293,38.411338806152344,-1.11421537399292,39.52555465698242,1.0,0.9971692562103271,1.0102987289428711e-05
231,2,-0.11288285255432129,0.9900000095367432,37.0960807800293,37.046905517578125,39.01121139526367,-1.0624704360961914,40.07368087768555,1.0,0.9958419799804688,5.960464477539062e-07
231,3,-0.11129629611968994,0.9900000095367432,37.046905517578125,38.006839752197266,39.6494140625,-1.009662389755249,40.65907669067383,1.0,0.9983642101287842,2.086162567138672e-07
231,4,-0.11093413829803467,0.9900000095367432,38.006839752197266,39.198402404785156,40.27578353881836,-0.9552004933357239,41.23098373413086,1.0,0.9998806118965149,1.7881393432617188e-07
231,5,-0.11223697662353516,0.9900000095367432,39.198402404785156,40.80672836303711,40.87868118286133,-0.8976781964302063,41.7763557434082,1.0,0.9998149275779724,5.960464477539063e-08
231,6,-0.11431455612182617,0.9900000095367432,40.80672836303711,42.368896484375,41.43645477294922,-0.8351315259933472,42.27157974243164,0.999999463558197,0.9999488592147827,0.0
231,7,-0.11619842052459717,0.9900000095367432,42.368896484375,43.775089263916016,41.94950485229492,-0.7664188742637634,42.71591567993164,0.9997319579124451,0.9999994039535522,0.0
231,8,-0.11744177341461182,0.9900000095367432,43.775089263916016,44.64676284790039,42.423004150390625,-0.6913561820983887,43.11435317993164,0.9384066462516785,0.9999977946281433,0.0
231,9,-0.11911261081695557,0.9900000095367432,44.64676284790039,43.45846176147461,42.88190841674805,-0.6102226376533508,43.49211883544922,-0.2657680809497833,0.9999982714653015,0.0
231,10,-0.11827230453491211,0.9900000095367432,43.45846176147461,45.09966278076172,43.43415832519531,-0.5221797227859497,43.956329345703125,0.21984533965587616,1.0,0.0
231,11,-0.11772847175598145,0.9900000095367432,45.09966278076172,44.903724670410156,43.93407440185547,-0.429460346698761,44.363529205322266,0.419837087392807,0.9999998807907104,0.0
231,12,-0.11809957027435303,0.9900000095367432,44.903724670410156,44.59518814086914,44.47534942626953,-0.3314533531665802,44.806800842285156,0.03893240913748741,0.9999985694885254,0.0
231,13,-0.117759108543396,0.9900000095367432,44.59518814086914,45.308712005615234,45.0675048828125,-0.2268514335155487,45.29435348510742,-0.20749685168266296,0.9999939203262329,0.0
231,14,-0.11599397659301758,0.9900000095367432,45.308712005615234,46.23757553100586,45.65920639038086,-0.11599397659301758,45.77519989013672,0.10095126181840897,0.9999990463256836,0.0
232,0,0.4719240665435791,0.9900000095367432,54.11573028564453,50.01713943481445,54.835174560546875,3.329045057296753,51.506126403808594,-0.9997749924659729,0.9999141693115234,1.430511474609375e-06
232,1,0.44547319412231445,0.9900000095367432,50.01713943481445,50.781776428222656,55.17001724243164,3.037874698638916,52.13214111328125,-0.999663233757019,0.9999186396598816,2.7120113372802734e-06
232,2,0.5240479707717896,0.9900000095367432,50.781776428222656,52.35387420654297,55.51392364501953,2.7564077377319336,52.75751876831055,-0.9874857068061829,0.9999246001243591,1.1533498764038086e-05
232,3,0.596969485282898,0.9900000095367432,52.35387420654297,54.14699935913086,55.71330261230469,2.3735883235931396,53.339717864990234,-0.4689939618110657,0.9999567866325378,1.6987323760986328e-06
232,4,0.6229579448699951,0.9900000095367432,54.14699935913086,54.034908294677734,55.753379821777344,1.8890153169631958,53.8643684387207,0.873396098613739,0.9984480142593384,6.794929504394531e-06
232,5,0.5179915428161621,0.9900000095367432,54.034908294677734,53.484779357910156,55.77426528930664,1.3461534976959229,54.4281120300293,0.90519779920578,0.9998153448104858,2.9802322387695312e-08
232,6,0.2895393371582031,0.9900000095367432,53.484779357910156,53.04697036743164,55.93703079223633,0.8805549144744873,55.05647277832031,-0.021046599373221397,0.9999988079071045,2.980232238769531e-07
232,7,0.2610894441604614,0.9900000095367432,53.04697036743164,52.30349349975586,56.376041412353516,0.6284056901931763,55.74763488769531,0.38089123368263245,0.9998079538345337,1.1920928955078125e-06
232,8,0.2349259853363037,0.9900000095367432,52.30349349975586,53.239681243896484,56.912208557128906,0.3905542492866516,56.52165222167969,0.9241473078727722,0.9999569654464722,3.2782554626464844e-07
232,9,0.0759810209274292,0.9900000095367432,53.239681243896484,54.5338249206543,57.46084213256836,0.16547395288944244,57.29536437988281,0.31823500990867615,0.9999995827674866,0.0
232,10,0.10095620155334473,0.9900000095367432,54.5338249206543,53.3017463684082,58.14506530761719,0.09515463560819626,58.04990768432617,0.8865837454795837,0.9999998807907104,5.960464477539063e-08
232,11,0.030925747007131577,0.9900000095367432,53.3017463684082,56.972232818603516,58.91086959838867,-0.006168600171804428,58.91703414916992,0.88137286901474,0.9999986886978149,0.0
232,12,0.018337007611989975,0.9900000095367432,56.972232818603516,57.8107795715332,59.60639953613281,-0.03944109007716179,59.645835876464844,0.2988055944442749,0.9997449517250061,0.0
232,13,-0.03129864111542702,0.9900000095367432,57.8107795715332,60.19656753540039,60.315181732177734,-0.06143338233232498,60.37661361694336,0.778968095779419,0.9999980330467224,0.0
232,14,-0.032041195780038834,0.9900000095367432,60.19656753540039,61.64449691772461,60.99601364135742,-0.032041195780038834,61.028053283691406,0.4710845351219177,0.9999997615814209,0.0
233,0,0.3003021478652954,0.9900000095367432,69.9072036743164,69.92961883544922,65.86165618896484,2.2708587646484375,63.5908088684082,0.9999998807907104,0.9998373985290527,1.1920928955078125e-07
233,1,0.346982479095459,0.9900000095367432,69.92961883544922,68.6915283203125,66.0285415649414,2.0952224731445312,63.933326721191406,1.0,0.9998353719711304,1.2218952178955078e-06
233,2,0.3842921257019043,0.9900000095367432,68.6915283203125,68.2101058959961,66.22151184082031,1.858841061592102,64.36267852783203,1.0,0.9994603991508484,2.1457672119140625e-06
233,3,0.3678067922592163,0.9900000095367432,68.2101058959961,68.25543212890625,66.412353515625,1.5678350925445557,64.84453582763672,0.9999990463256836,0.999545693397522,0.0
233,4,0.30502450466156006,0.9900000095367432,68.25543212890625,68.18883514404297,66.63040924072266,1.275947093963623,65.35448455810547,0.9999293684959412,0.9999867677688599,0.0
233,5,0.2188786268234253,0.9900000095367432,68.18883514404297,68.1531982421875,66.93252563476562,1.0323472023010254,65.90019989013672,0.9891144633293152,0.9997999668121338,5.960464477539063e-08
233,6,0.10659325122833252,0.9900000095367432,68.1531982421875,68.4983139038086,67.34722137451172,0.8649320602416992,66.48231506347656,0.5109983682632446,0.9999992847442627,0.0
233,7,0.09945237636566162,0.9900000095367432,68.4983139038086,68.96483612060547,67.8893814086914,0.8063145279884338,67.08309173583984,0.3506840765476227,0.9999939203262329,0.0
233,8,0.1863083839416504,0.9900000095367432,68.96483612060547,69.27490234375,68.44888305664062,0.7515812516212463,67.69731903076172,0.8280457258224487,0.9999953508377075,0.0
233,9,0.13774311542510986,0.9900000095367432,69.27490234375,70.12165832519531,68.93510437011719,0.60103440284729,68.3340835571289,0.5301821827888489,0.9999938011169434,0.0
233,10,0.12400972843170166,0.9900000095367432,70.12165832519531,70.51396942138672,69.45916748046875,0.49260109663009644,68.96656799316406,0.2638898491859436,0.9999927282333374,0.0
233,11,0.15529656410217285,0.9900000095367432,70.51396942138672,70.887451171875,70.01033782958984,0.39191001653671265,69.61842346191406,0.8047990202903748,0.9999988079071045,0.0
233,12,0.11495792865753174,0.9900000095367432,70.887451171875,71.08504486083984,70.54344940185547,0.2515825927257538,70.29186248779297,0.20512761175632477,0.9999693632125854,0.0
233,13,0.07992267608642578,0.9900000095367432,71.08504486083984,71.89356231689453,71.14276885986328,0.14526811242103577,70.99749755859375,-0.3039257228374481,0.9999939799308777,0.0
233,14,0.06947946548461914,0.9900000095367432,71.89356231689453,72.42951965332031,71.77470397949219,0.06947946548461914,71.7052230834961,0.35093262791633606,0.9999998807907104,0.0
234,0,-0.07518279552459717,0.9900000095367432,67.09619903564453,68.32848358154297,63.77605438232422,0.16554485261440277,63.61052322387695,0.9815137386322021,0.9997090101242065,1.1920928955078125e-06
234,1,-0.06796026229858398,0.9900000095367432,68.32848358154297,68.8769760131836,64.29450225830078,0.25595709681510925,64.0385513305664,0.9999991059303284,0.999139666557312,1.4901161193847656e-07
234,2,-0.060357335954904556,0.9900000095367432,68.8769760131836,68.73055267333984,64.80919647216797,0.3444097340106964,64.46479034423828,0.9999991655349731,0.9995838403701782,8.940696716308594e-08
234,3,-0.060453180223703384,0.9900000095367432,68.73055267333984,68.8075180053711,65.3560791015625,0.4303743243217468,64.92570495605469,0.9999887943267822,0.9998968839645386,2.9802322387695312e-08
234,4,-0.06432604789733887,0.9900000095367432,68.8075180053711,68.56546783447266,65.9336166381836,0.5218793153762817,65.41173553466797,0.9990206956863403,0.9999834299087524,5.960464477539063e-08
234,5,-0.0811920166015625,0.9900000095367432,68.56546783447266,68.38333892822266,66.56454467773438,0.6232911944389343,65.94124603271484,0.5999889969825745,0.9999470710754395,0.0
234,6,-0.09964752197265625,0.9900000095367432,68.38333892822266,69.38390350341797,67.26290130615234,0.7490517497062683,66.51383972167969,-0.9454184174537659,0.9999967217445374,0.0
234,7,-0.07186174392700195,0.9900000095367432,69.38390350341797,72.10718536376953,67.97240447998047,0.9023915529251099,67.07000732421875,-0.9218133091926575,0.9999996423721313,0.0
234,8,0.0002737008035182953,0.9900000095367432,72.10718536376953,73.40938568115234,68.55391693115234,1.035888671875,67.51802062988281,-0.786016047000885,0.9999704360961914,0.0
234,9,0.22610986232757568,0.9900000095367432,73.40938568115234,73.00997161865234,69.0269775390625,1.1011323928833008,67.92584228515625,0.5310988426208496,0.9998248815536499,8.940696716308594e-08
234,10,0.2536735534667969,0.9900000095367432,73.00997161865234,71.90079498291016,69.31086730957031,0.9303801655769348,68.38048553466797,0.9993197321891785,0.9999902844429016,1.4901161193847656e-07
234,11,0.22092390060424805,0.9900000095367432,71.90079498291016,71.15592956542969,69.64179229736328,0.7195178866386414,68.92227172851562,0.9853412508964539,0.9999570846557617,0.0
234,12,0.030531641095876694,0.9900000095367432,71.15592956542969,71.01627349853516,70.06768035888672,0.5301371216773987,69.53752899169922,-0.4779631495475769,0.9999942779541016,0.0
234,13,0.21488940715789795,0.9900000095367432,71.01627349853516,71.7197036743164,70.73029327392578,0.5312126874923706,70.1990737915039,0.1013282760977745,0.9999995231628418,2.9802322387695312e-08
234,14,0.3363351821899414,0.9900000095367432,71.7197036743164,71.58126068115234,71.2017822265625,0.3363351821899414,70.86544799804688,0.6409943699836731,0.9999991655349731,0.0
235,0,-0.09894371032714844,0.9900000095367432,68.66045379638672,67.6721420288086,68.49271392822266,-0.22030897438526154,68.71302795410156,-0.9604435563087463,0.9999999403953552,0.0
235,1,-0.0967247486114502,0.9900000095367432,67.6721420288086,69.5208511352539,69.36936950683594,-0.1290433406829834,69.4984130859375,-0.9833996891975403,0.9999976754188538,0.0
235,2,-0.09916245937347412,0.9900000095367432,69.5208511352539,69.87004852294922,70.20182037353516,-0.03436320275068283,70.2361831665039,-0.9550082683563232,0.9999909400939941,0.0
235,3,-0.10035586357116699,0.9900000095367432,69.87004852294922,70.35506439208984,71.07115173339844,0.06889873743057251,71.00225830078125,-0.9437613487243652,0.9999958276748657,0.0
235,4,-0.09970855712890625,0.9900000095367432,70.35506439208984,71.26274871826172,71.97122192382812,0.1799623668193817,71.791259765625,-0.9221263527870178,0.9999978542327881,5.960464477539063e-08
235,5,-0.08956396579742432,0.9900000095367432,71.26274871826172,72.5176773071289,72.87976837158203,0.29736408591270447,72.58240509033203,-0.7360978722572327,0.9999987483024597,0.0
235,6,-0.020963434129953384,0.9900000095367432,72.5176773071289,73.43999481201172,73.76895141601562,0.4114067554473877,73.35755157470703,-0.01938108541071415,0.9999958276748657,0.0
235,7,0.07419097423553467,0.9900000095367432,73.43999481201172,73.82376861572266,74.5929183959961,0.4597237706184387,74.13319396972656,0.8164082765579224,0.99998939037323,4.470348358154297e-07
235,8,-0.005078677088022232,0.9900000095367432,73.82376861572266,73.91190338134766,75.34764099121094,0.4099232256412506,74.93771362304688,0.27729058265686035,0.9999514818191528,0.0
235,9,-0.05490172281861305,0.9900000095367432,73.91190338134766,74.73670959472656,76.22975158691406,0.44125667214393616,75.78849029541016,-0.6512124538421631,1.0,5.960464477539063e-08
235,10,0.15311241149902344,0.9900000095367432,74.73670959472656,76.67967987060547,77.17723846435547,0.5275474786758423,76.6496810913086,0.5808194279670715,0.9998018741607666,0.0
235,11,0.07877731323242188,0.9900000095367432,76.67967987060547,76.92649841308594,77.86122131347656,0.3981234133243561,77.46308898925781,0.5584517121315002,0.9999991655349731,0.0
235,12,-0.024700526148080826,0.9900000095367432,76.92649841308594,77.99236297607422,78.65452575683594,0.3395492732524872,78.31497192382812,-0.8245564103126526,0.9999924898147583,0.0
235,13,0.1466233730316162,0.9900000095367432,77.99236297607422,80.8359146118164,79.55194854736328,0.3872937560081482,79.1646499633789,-0.10525129735469818,0.9999964237213135,2.9802322387695312e-08
235,14,0.2558962106704712,0.9900000095367432,80.8359146118164,80.7256851196289,80.17432403564453,0.2558962106704712,79.91842651367188,0.54267418384552,0.9997785091400146,1.0728836059570312e-06
236,0,-0.11075794696807861,0.9900000095367432,47.43039321899414,43.332923889160156,39.157230377197266,-1.043823480606079,40.20105743408203,-0.9999998211860657,0.9996486902236938,8.940696716308594e-08
236,1,-0.10522747039794922,0.9900000095367432,43.332923889160156,41.77790832519531,39.4715690612793,-0.9920951128005981,40.46366500854492,-0.9999985098838806,0.9998669624328613,3.933906555175781e-06
236,2,-0.09996306896209717,0.9900000095367432,41.77790832519531,40.614681243896484,39.88175582885742,-0.9429746866226196,40.824729919433594,-0.9999097585678101,0.9915323257446289,3.8743019104003906e-07
236,3,-0.09763038158416748,0.9900000095367432,40.614681243896484,39.507789611816406,40.37351608276367,-0.8963440656661987,41.26985549926758,-0.9974367618560791,0.9993782043457031,1.1622905731201172e-05
236,4,-0.09868872165679932,0.9900000095367432,39.507789611816406,38.691654205322266,40.9521598815918,-0.8492436408996582,41.80140686035156,-0.8943613767623901,0.9972202777862549,2.384185791015625e-06
236,5,-0.08462190628051758,0.9900000095367432,38.691654205322266,40.54819869995117,41.61149597167969,-0.7980381846427917,42.40953826904297,0.5897262692451477,0.9997097253799438,4.470348358154297e-07
236,6,-0.08577632904052734,0.9900000095367432,40.54819869995117,42.40482711791992,42.19987487792969,-0.7585499882698059,42.958431243896484,0.9991862773895264,0.9993851184844971,2.086162567138672e-07
236,7,-0.09516370296478271,0.9900000095367432,42.40482711791992,44.482181549072266,42.72898864746094,-0.7153362035751343,43.44432830810547,0.9981255531311035,0.9997035264968872,1.2516975402832031e-06
236,8,-0.10437071323394775,0.9900000095367432,44.482181549072266,46.1634407043457,43.192222595214844,-0.6594072580337524,43.85163116455078,0.9529526233673096,0.9999487400054932,0.0
236,9,-0.11707258224487305,0.9900000095367432,46.1634407043457,44.32905960083008,43.6060676574707,-0.5901504755020142,44.19621658325195,-0.6259034872055054,0.9999866485595703,5.960464477539063e-08
236,10,-0.11727654933929443,0.9900000095367432,44.32905960083008,44.467620849609375,44.1561393737793,-0.5030068159103394,44.65914535522461,-0.9937137365341187,0.9999811053276062,0.0
236,11,-0.11609292030334473,0.9900000095367432,44.467620849609375,44.698822021484375,44.73393630981445,-0.4101332426071167,45.14406967163086,-0.9611020088195801,0.9999957084655762,0.0
236,12,-0.11406409740447998,0.9900000095367432,44.698822021484375,45.285884857177734,45.334861755371094,-0.31264254450798035,45.64750671386719,-0.3758983612060547,0.9997719526290894,0.0
236,13,-0.10781168937683105,0.9900000095367432,45.285884857177734,47.365257263183594,45.94075012207031,-0.21114136278629303,46.151893615722656,0.9703642129898071,0.9999815225601196,0.0
236,14,-0.10986673831939697,0.9900000095367432,47.365257263183594,47.04924011230469,46.46887969970703,-0.10986673831939697,46.5787467956543,0.9983601570129395,0.999976634979248,0.0
237,0,-0.11935782432556152,0.9900000095367432,8.935504913330078,11.455647468566895,7.953843116760254,-1.2024585008621216,9.156302452087402,0.9999762177467346,0.999927282333374,2.9802322387695312e-08
237,1,-0.11946392059326172,0.9900000095367432,11.455647468566895,10.666921615600586,7.981017112731934,-1.1516222953796387,9.132638931274414,0.9999998807907104,0.9999908804893494,0.0
237,2,-0.11961174011230469,0.9900000095367432,10.666921615600586,9.901680946350098,8.051535606384277,-1.0974570512771606,9.148991584777832,1.0,0.9999819993972778,0.0
237,3,-0.11958765983581543,0.9900000095367432,9.901680946350098,8.79539966583252,8.166947364807129,-1.039707899093628,9.20665454864502,1.0,0.9999987483024597,0.0
237,4,-0.11949789524078369,0.9900000095367432,8.79539966583252,8.018961906433105,8.347860336303711,-0.9783310294151306,9.326190948486328,1.0,0.9999991059303284,0.0
237,5,-0.11930525302886963,0.9900000095367432,8.018961906433105,7.465991973876953,8.580987930297852,-0.9131665825843811,9.49415397644043,1.0,0.999997079372406,0.0
237,6,-0.11908555030822754,0.9900000095367432,7.465991973876953,7.321769714355469,8.85776424407959,-0.8440843224525452,9.701847076416016,1.0,0.9999961853027344,0.0
237,7,-0.11884117126464844,0.9900000095367432,7.321769714355469,7.3881402015686035,9.159406661987305,-0.770865261554718,9.930270195007324,1.0,0.9999996423721313,0.0
237,8,-0.11862397193908691,0.9900000095367432,7.3881402015686035,7.660484313964844,9.47637939453125,-0.6932738423347473,10.169651985168457,1.0,0.9999966025352478,0.0
237,9,-0.11842787265777588,0.9900000095367432,7.660484313964844,8.027027130126953,9.798840522766113,-0.611004650592804,10.409844398498535,1.0,0.9999963045120239,0.0
237,10,-0.11826491355895996,0.9900000095367432,8.027027130126953,8.51002311706543,10.122201919555664,-0.5237392783164978,10.645940780639648,1.0,0.9999735951423645,0.0
237,11,-0.11811387538909912,0.9900000095367432,8.51002311706543,9.085176467895508,10.44042682647705,-0.4311263859272003,10.871552467346191,1.0,0.9999794960021973,0.0
237,12,-0.11796724796295166,0.9900000095367432,9.085176467895508,9.78230094909668,10.748351097106934,-0.3328149914741516,11.081165313720703,1.0,0.9999988079071045,0.0
237,13,-0.11780846118927002,0.9900000095367432,9.78230094909668,10.596034049987793,11.038909912109375,-0.22843992710113525,11.267349243164062,1.0,0.9999985694885254,0.0
237,14,-0.1176304817199707,0.9900000095367432,10.596034049987793,11.537861824035645,11.304853439331055,-0.1176304817199707,11.422483444213867,1.0,0.9999949932098389,0.0
238,0,-0.11706078052520752,0.9900000095367432,35.015499114990234,34.68894577026367,35.397579193115234,-1.0480906963348389,36.4456787109375,-0.9999495148658752,0.9999059438705444,9.238719940185547e-07
238,1,-0.11525464057922363,0.9900000095367432,34.68894577026367,34.12205123901367,35.93571472167969,-0.9899307489395142,36.92565155029297,-0.9990984797477722,0.9995032548904419,8.016824722290039e-06
238,2,-0.11279869079589844,0.9900000095367432,34.12205123901367,33.2266960144043,36.535804748535156,-0.9300118088722229,37.465824127197266,-0.9579955339431763,0.9999821186065674,1.5109777450561523e-05
238,3,-0.1061098575592041,0.9900000095367432,33.2266960144043,32.90141677856445,37.2183723449707,-0.868913471698761,38.08729553222656,0.04819280281662941,0.9998470544815063,2.9802322387695312e-08
238,4,-0.09413802623748779,0.9900000095367432,32.90141677856445,33.27788162231445,37.95413589477539,-0.8110617995262146,38.76520538330078,0.9997850060462952,0.9991834163665771,0.0
238,5,-0.09230160713195801,0.9900000095367432,33.27788162231445,33.518733978271484,38.70390319824219,-0.7622794508934021,39.4661865234375,0.9999997019767761,0.9998732209205627,2.9802322387695312e-08
238,6,-0.09045112133026123,0.9900000095367432,33.518733978271484,34.03684616088867,39.48646926879883,-0.7123634815216064,40.19883728027344,0.9999999403953552,0.9987223744392395,0.0
238,7,-0.08957719802856445,0.9900000095367432,34.03684616088867,35.22232437133789,40.289306640625,-0.6612571477890015,40.95056915283203,1.0,0.9999374151229858,0.0
238,8,-0.09019017219543457,0.9900000095367432,35.22232437133789,36.94402313232422,41.07961654663086,-0.6078468561172485,41.687469482421875,0.9999999403953552,0.9999954700469971,0.0
238,9,-0.09378290176391602,0.9900000095367432,36.94402313232422,39.287105560302734,41.829959869384766,-0.5504058599472046,42.38037109375,0.9999992847442627,0.9999977946281433,0.0
238,10,-0.0998380184173584,0.9900000095367432,39.287105560302734,41.92055130004883,42.508277893066406,-0.4855108857154846,42.99378967285156,0.9999715685844421,0.9999999403953552,0.0
238,11,-0.10558927059173584,0.9900000095367432,41.92055130004883,44.473358154296875,43.09734344482422,-0.4100721478462219,43.507415771484375,0.997592031955719,1.0,0.0
238,12,-0.11078202724456787,0.9900000095367432,44.473358154296875,46.01821517944336,43.59543228149414,-0.3237457275390625,43.9191780090332,0.859010636806488,1.0,0.0
238,13,-0.11596798896789551,0.9900000095367432,46.01821517944336,44.6308479309082,44.04924011230469,-0.22643667459487915,44.27567672729492,-0.11755260080099106,0.9999999403953552,0.0
238,14,-0.11745738983154297,0.9900000095367432,44.6308479309082,45.17954635620117,44.610294342041016,-0.11745738983154297,44.727752685546875,-0.4502755403518677,1.0,0.0
239,0,0.03728758916258812,0.9900000095367432,70.21981048583984,67.91851806640625,72.875732421875,1.495078682899475,71.38064575195312,1.0,0.998011589050293,6.109476089477539e-06
239,1,-0.010224346071481705,0.9900000095367432,67.91851806640625,67.92214965820312,73.87185668945312,1.5500171184539795,72.32182312011719,1.0,0.9998279809951782,8.940696716308594e-08
239,2,-0.005379561334848404,0.9900000095367432,67.92214965820312,69.49479675292969,74.9813232421875,1.6589488983154297,73.32235717773438,1.0,0.9999324679374695,0.0
239,3,0.006665226072072983,0.9900000095367432,69.49479675292969,70.78333282470703,76.07305145263672,1.7696208953857422,74.30342102050781,1.0,0.9999985694885254,0.0
239,4,0.028473492711782455,0.9900000095367432,70.78333282470703,71.8890609741211,77.1532211303711,1.8744876384735107,75.27873229980469,0.9999920129776001,0.9999912977218628,0.0
239,5,0.06190967187285423,0.9900000095367432,71.8890609741211,73.13196563720703,78.22035217285156,1.9628008604049683,76.25755310058594,0.9997729063034058,0.9999840259552002,2.9802322387695312e-08
239,6,0.11029338836669922,0.9900000095367432,73.13196563720703,74.5245590209961,79.25402069091797,2.0211496353149414,77.23287963867188,0.9991582036018372,0.9999785423278809,0.0
239,7,0.1671276092529297,0.9900000095367432,74.5245590209961,76.01953887939453,80.22835540771484,2.031744956970215,78.19660949707031,0.998323380947113,0.9999430179595947,0.0
239,8,0.2169055938720703,0.9900000095367432,76.01953887939453,77.56717681884766,81.12520599365234,1.9825807809829712,79.14262390136719,0.9987590312957764,0.9999961853027344,0.0
239,9,0.26093626022338867,0.9900000095367432,77.56717681884766,79.11444854736328,81.94441986083984,1.877379298210144,80.0670394897461,0.999068558216095,0.9999974370002747,0.0
239,10,0.3032259941101074,0.9900000095367432,79.11444854736328,80.61347961425781,82.68721771240234,1.7187061309814453,80.96849822998047,0.9994413256645203,0.9999797344207764,0.0
239,11,0.3467670679092407,0.9900000095367432,80.61347961425781,82.01900482177734,83.35314178466797,1.505029320716858,81.84809875488281,0.9995518326759338,0.999990701675415,0.0
239,12,0.3919038772583008,0.9900000095367432,82.01900482177734,83.2889175415039,83.94091796875,1.2315387725830078,82.70935821533203,0.9997350573539734,0.999997079372406,0.0
239,13,0.4382246732711792,0.9900000095367432,83.2889175415039,84.38019561767578,84.45104217529297,0.8927537202835083,83.55828094482422,0.9998146891593933,0.9999984502792358,0.0
239,14,0.48328447341918945,0.9900000095367432,84.38019561767578,85.25603485107422,84.88675689697266,0.48328447341918945,84.40347290039062,0.9998547434806824,0.9999980926513672,0.0
240,0,-0.07202386856079102,0.9900000095367432,59.280433654785156,64.30567169189453,59.37643051147461,-0.6409198045730591,60.01734161376953,0.9975347518920898,0.9998002648353577,0.0
240,1,-0.0825037956237793,0.9900000095367432,64.30567169189453,63.44154739379883,59.82490921020508,-0.6048867106437683,60.42978286743164,0.978592038154602,0.9999964237213135,0.0
240,2,-0.10147833824157715,0.9900000095367432,63.44154739379883,60.8697395324707,60.35838317871094,-0.5554310083389282,60.913795471191406,-0.9559442400932312,0.9999999403953552,0.0
240,3,-0.10207748413085938,0.9900000095367432,60.8697395324707,61.338008880615234,61.081138610839844,-0.48267167806625366,61.56378936767578,-0.9999776482582092,0.9999992847442627,0.0
240,4,-0.10331976413726807,0.9900000095367432,61.338008880615234,61.67768478393555,61.82560729980469,-0.40467217564582825,62.23025894165039,-0.9999982714653015,0.9999983906745911,0.0
240,5,-0.10151064395904541,0.9900000095367432,61.67768478393555,62.5229606628418,62.60062026977539,-0.32041722536087036,62.92101287841797,-0.9999995827674866,0.9999997019767761,0.0
240,6,-0.09286510944366455,0.9900000095367432,62.5229606628418,63.56416702270508,63.37825012207031,-0.23275552690029144,63.61098098754883,-0.999998927116394,0.9999938011169434,0.0
240,7,-0.06816279888153076,0.9900000095367432,63.56416702270508,64.49769592285156,64.14108276367188,-0.1487404704093933,64.28980255126953,-0.9999621510505676,0.9999996423721313,0.0
240,8,-0.032082799822092056,0.9900000095367432,64.49769592285156,65.2331314086914,64.87677001953125,-0.08567535877227783,64.96243286132812,-0.9792735576629639,0.9999987483024597,0.0
240,9,0.07820487022399902,0.9900000095367432,65.2331314086914,67.76051330566406,65.58193969726562,-0.05698305368423462,65.638916015625,0.8876476883888245,0.9995650053024292,2.9802322387695312e-08
240,10,0.03722309693694115,0.9900000095367432,67.76051330566406,67.58321380615234,66.08143615722656,-0.1437404751777649,66.22516632080078,0.9999861121177673,0.999801516532898,2.9802322387695312e-08
240,11,-0.00626087561249733,0.9900000095367432,67.58321380615234,68.30963897705078,66.66543579101562,-0.1924120932817459,66.85783386230469,0.9999398589134216,0.9999921321868896,0.0
240,12,-0.04193759337067604,0.9900000095367432,68.30963897705078,68.83379364013672,67.29438781738281,-0.19792793691158295,67.49230194091797,0.9946966767311096,0.9999570250511169,0.0
240,13,-0.07792162895202637,0.9900000095367432,68.83379364013672,69.05999755859375,67.97347259521484,-0.16585895419120789,68.13932037353516,0.44079509377479553,0.9999977350234985,0.0
240,14,-0.09350061416625977,0.9900000095367432,69.05999755859375,69.5104751586914,68.72187042236328,-0.09350061416625977,68.81536865234375,-0.6139529943466187,0.9999986886978149,0.0
241,0,-0.1084364652633667,0.9900000095367432,39.287689208984375,41.166202545166016,41.61338806152344,-1.0041024684906006,42.61747741699219,0.9989772439002991,0.9999998211860657,0.0
241,1,-0.1058739423751831,0.9900000095367432,41.166202545166016,41.9897575378418,42.194679260253906,-0.952329695224762,43.146995544433594,0.9993335008621216,0.9999995827674866,0.0
241,2,-0.10402429103851318,0.9900000095367432,41.9897575378418,42.510826110839844,42.76667785644531,-0.900006115436554,43.66667175292969,0.9989157319068909,0.9999995231628418,0.0
241,3,-0.10296225547790527,0.9900000095367432,42.510826110839844,43.50503158569336,43.3454704284668,-0.8463389873504639,44.19179916381836,0.9990445971488953,0.9999992847442627,0.0
241,4,-0.10126423835754395,0.9900000095367432,43.50503158569336,44.26743698120117,43.90742874145508,-0.7904059290885925,44.697818756103516,0.9981430768966675,0.9999998807907104,0.0
241,5,-0.10000336170196533,0.9900000095367432,44.26743698120117,45.287742614746094,44.46300506591797,-0.7327397465705872,45.19572830200195,0.9973843693733215,0.9999984502792358,0.0
241,6,-0.0983046293258667,0.9900000095367432,45.287742614746094,46.103553771972656,44.99868392944336,-0.6727659702301025,45.67144012451172,0.9952466487884521,0.9999995827674866,0.0
241,7,-0.09697210788726807,0.9900000095367432,46.103553771972656,46.99771499633789,45.52350997924805,-0.6108042001724243,46.134307861328125,0.9903092384338379,0.9999927878379822,0.0
241,8,-0.09542417526245117,0.9900000095367432,46.99771499633789,47.69011306762695,46.03306579589844,-0.5463392734527588,46.57939910888672,0.9825597405433655,0.9999998211860657,0.0
241,9,-0.09436845779418945,0.9900000095367432,47.69011306762695,48.32194137573242,46.536766052246094,-0.47944188117980957,47.01620101928711,0.960989773273468,0.9999995231628418,0.0
241,10,-0.09334516525268555,0.9900000095367432,48.32194137573242,48.76935577392578,47.03795623779297,-0.40943479537963867,47.447383880615234,0.9345820546150208,0.9999998807907104,0.0
241,11,-0.09251976013183594,0.9900000095367432,48.76935577392578,49.17292022705078,47.54621887207031,-0.33608677983283997,47.88229751586914,0.9126442074775696,0.999998927116394,0.0
241,12,-0.09208273887634277,0.9900000095367432,49.17292022705078,49.38216018676758,48.064517974853516,-0.2589761018753052,48.323486328125,0.8645783066749573,0.9999999403953552,0.0
241,13,-0.09165704250335693,0.9900000095367432,49.38216018676758,49.6032600402832,48.604129791259766,-0.1774517148733139,48.78157424926758,0.8227620720863342,0.9999994039535522,0.0
241,14,-0.09122240543365479,0.9900000095367432,49.6032600402832,49.75455093383789,49.16578674316406,-0.09122240543365479,49.25700759887695,0.7706411480903625,0.9999998211860657,0.0
242,0,0.6380558013916016,0.9900000095367432,78.2799301147461,79.826171875,83.28744506835938,5.462416172027588,77.82502746582031,0.9932212829589844,0.9999868869781494,0.0
242,1,0.5509777069091797,0.9900000095367432,79.826171875,80.19673919677734,83.6767578125,5.129570007324219,78.54718780517578,0.6694647073745728,0.9999974966049194,0.0
242,2,0.4442894458770752,0.9900000095367432,80.19673919677734,80.46810150146484,84.16378784179688,4.868253707885742,79.2955322265625,-0.4986500144004822,0.9999879598617554,0.0
242,3,0.47402524948120117,0.9900000095367432,80.46810150146484,83.50899505615234,84.78077697753906,4.703843116760254,80.07693481445312,-0.41365915536880493,0.9999995231628418,0.0
242,4,0.4794222116470337,0.9900000095367432,83.50899505615234,84.92536163330078,85.24514770507812,4.4974141120910645,80.74772644042969,-0.2500322163105011,0.9999999403953552,0.0
242,5,0.485010027885437,0.9900000095367432,84.92536163330078,85.91820526123047,85.65859985351562,4.272186756134033,81.38641357421875,-0.2886119782924652,0.9999996423721313,0.0
242,6,0.5279500484466553,0.9900000095367432,85.91820526123047,86.92646026611328,86.0400161743164,4.026769638061523,82.01324462890625,-0.14798296988010406,0.9999924898147583,0.0
242,7,0.5697388648986816,0.9900000095367432,86.92646026611328,87.40377044677734,86.34684753417969,3.7201693058013916,82.62667083740234,0.09288140386343002,0.9999988079071045,0.0
242,8,0.5784281492233276,0.9900000095367432,87.40377044677734,87.41796112060547,86.60353088378906,3.3497400283813477,83.2537841796875,0.12221752852201462,0.9999942183494568,0.0
242,9,0.5084143877029419,0.9900000095367432,87.41796112060547,87.5538101196289,86.86647033691406,2.94663667678833,83.91983032226562,-0.4870007634162903,0.9999991655349731,0.0
242,10,0.5490410327911377,0.9900000095367432,87.5538101196289,89.23388671875,87.21332550048828,2.5924744606018066,84.620849609375,-0.4245011806488037,0.9999994039535522,0.0
242,11,0.541827917098999,0.9900000095367432,89.23388671875,90.02753448486328,87.45051574707031,2.1727094650268555,85.27780151367188,-0.38783708214759827,0.9999992847442627,0.0
242,12,0.6529150009155273,0.9900000095367432,90.02753448486328,90.5086441040039,87.66860961914062,1.7340580224990845,85.9345474243164,0.6035591959953308,0.9999973773956299,0.0
242,13,0.6553120613098145,0.9900000095367432,90.5086441040039,90.0218276977539,87.75706481933594,1.149540662765503,86.6075210571289,0.7703407406806946,0.9999997019767761,0.0
242,14,0.5254956483840942,0.9900000095367432,90.0218276977539,88.23099517822266,87.87418365478516,0.5254956483840942,87.34868621826172,-0.7684183716773987,0.9999953508377075,0.0
243,0,-0.10995268821716309,0.9900000095367432,47.44405746459961,39.924407958984375,45.07490921020508,-0.8982685804367065,45.973175048828125,-0.9999646544456482,0.9999712109565735,7.450580596923828e-06
243,1,-0.0900261402130127,0.9900000095367432,39.924407958984375,40.782562255859375,45.942161560058594,-0.8381880521774292,46.78034973144531,-0.9999660849571228,0.9999390840530396,1.996755599975586e-06
243,2,-0.07662844657897949,0.9900000095367432,40.782562255859375,43.59830856323242,46.79792785644531,-0.7954938411712646,47.593421936035156,-0.9999936819076538,0.9999877214431763,3.9964914321899414e-05
243,3,-0.07232439517974854,0.9900000095367432,43.59830856323242,45.911590576171875,47.54539108276367,-0.7643438577651978,48.30973434448242,-0.9999992847442627,0.9993689060211182,1.1622905731201172e-06
243,4,-0.07470953464508057,0.9900000095367432,45.911590576171875,47.39840316772461,48.21381378173828,-0.7357994914054871,48.949615478515625,-0.9999998807907104,0.9987202286720276,2.205371856689453e-06
243,5,-0.08020782470703125,0.9900000095367432,47.39840316772461,48.50386047363281,48.84880828857422,-0.7029133439064026,49.55172348022461,-0.9999997019767761,0.9997364282608032,1.1980533599853516e-05
243,6,-0.08548641204833984,0.9900000095367432,48.50386047363281,49.3055534362793,49.47163772583008,-0.6621004939079285,50.13373947143555,-0.9999994039535522,0.9979672431945801,2.3543834686279297e-06
243,7,-0.08997762203216553,0.9900000095367432,49.3055534362793,50.03390884399414,50.097286224365234,-0.6130931377410889,50.71038055419922,-0.9999977946281433,0.9998973608016968,9.950995445251465e-05
243,8,-0.09305787086486816,0.9900000095367432,50.03390884399414,50.75908279418945,50.72896194458008,-0.5562100410461426,51.28517150878906,-0.9999879002571106,0.9868307113647461,9.584426879882812e-05
243,9,-0.09488964080810547,0.9900000095367432,50.75908279418945,51.548919677734375,51.36570739746094,-0.4924531877040863,51.858158111572266,-0.9999545812606812,0.9494912624359131,0.001675635576248169
243,10,-0.09593570232391357,0.9900000095367432,51.548919677734375,52.36962127685547,52.003108978271484,-0.42271509766578674,52.42582321166992,-0.9999762177467346,0.9927471876144409,0.00014272332191467285
243,11,-0.0960702896118164,0.9900000095367432,52.36962127685547,53.18186569213867,52.638755798339844,-0.3474528193473816,52.9862060546875,-0.9997676014900208,0.9997968673706055,2.8371810913085938e-05
243,12,-0.09550690650939941,0.9900000095367432,53.18186569213867,53.9282341003418,53.27200698852539,-0.2672860622406006,53.53929138183594,-0.9998744130134583,0.9788230061531067,0.0009666383266448975
243,13,-0.094757080078125,0.9900000095367432,53.9282341003418,54.600990295410156,53.90544509887695,-0.18264664709568024,54.08808898925781,-0.9998255372047424,0.9996612071990967,0.0007757842540740967
243,14,-0.09344983100891113,0.9900000095367432,54.600990295410156,55.18807601928711,54.542747497558594,-0.09344983100891113,54.63619613647461,-0.9993658661842346,0.9482110142707825,0.00010016560554504395
244,0,-0.11555933952331543,0.9900000095367432,46.18191146850586,44.59550476074219,44.41924285888672,-1.1607654094696045,45.58000183105469,1.0,0.9998648166656494,0.0
244,1,-0.11584711074829102,0.9900000095367432,44.59550476074219,44.44414138793945,45.005126953125,-1.111330270767212,46.116455078125,1.0,0.9999862909317017,8.940696716308594e-08
244,2,-0.11609137058258057,0.9900000095367432,44.44414138793945,44.35532760620117,45.636356353759766,-1.0584616661071777,46.6948127746582,1.0,0.999943733215332,0.0
244,3,-0.11632239818572998,0.9900000095367432,44.35532760620117,44.628318786621094,46.31245422363281,-1.0019886493682861,47.31443405151367,1.0,0.9999985694885254,1.4901161193847656e-07
244,4,-0.11636149883270264,0.9900000095367432,44.628318786621094,44.96402359008789,47.0172004699707,-0.9416972398757935,47.95888900756836,0.9999996423721313,0.9999396204948425,2.9802322387695312e-08
244,5,-0.11629664897918701,0.9900000095367432,44.96402359008789,45.506080627441406,47.748905181884766,-0.877549946308136,48.62644577026367,0.9999967217445374,0.9999233484268188,0.0
244,6,-0.11608028411865234,0.9900000095367432,45.506080627441406,46.15327453613281,48.49829864501953,-0.8094133734703064,49.30770492553711,0.9999772310256958,0.9999986886978149,0.0
244,7,-0.11575186252593994,0.9900000095367432,46.15327453613281,46.97324752807617,49.26081466674805,-0.7371962666511536,49.99800109863281,0.9999032616615295,0.9999868273735046,0.0
244,8,-0.11527788639068604,0.9900000095367432,46.97324752807617,47.917816162109375,50.02806091308594,-0.6607595682144165,50.688812255859375,0.9996532797813416,0.9999692440032959,0.0
244,9,-0.11466217041015625,0.9900000095367432,47.917816162109375,49.00323486328125,50.79362487792969,-0.5799911618232727,51.37361145019531,0.9990897178649902,0.9999675154685974,0.0
244,10,-0.11386620998382568,0.9900000095367432,49.00323486328125,50.18266677856445,51.549842834472656,-0.4947676658630371,52.04460525512695,0.9974756836891174,0.9999966621398926,0.0
244,11,-0.11286437511444092,0.9900000095367432,50.18266677856445,51.430171966552734,52.290977478027344,-0.40499889850616455,52.69597625732422,0.9941031336784363,0.9999988079071045,0.0
244,12,-0.11160814762115479,0.9900000095367432,51.430171966552734,52.68417739868164,53.01227951049805,-0.3106161952018738,53.32289505004883,0.987458348274231,0.9999998807907104,0.0
244,13,-0.11002659797668457,0.9900000095367432,52.68417739868164,53.9052619934082,53.71187973022461,-0.21159815788269043,53.92347717285156,0.970341682434082,0.9999978542327881,0.0
244,14,-0.10799741744995117,0.9900000095367432,53.9052619934082,55.04827117919922,54.38978958129883,-0.10799741744995117,54.49778747558594,0.9553870558738708,0.9999992847442627,0.0
245,0,-0.11520183086395264,0.9900000095367432,49.39002227783203,48.36415100097656,52.99611282348633,-1.059211254119873,54.055320739746094,-1.0,0.9998271465301514,0.0
245,1,-0.11297965049743652,0.9900000095367432,48.36415100097656,49.41145324707031,53.925872802734375,-1.0037314891815186,54.929603576660156,-1.0,0.9999988079071045,0.0
245,2,-0.11306881904602051,0.9900000095367432,49.41145324707031,50.54706954956055,54.856971740722656,-0.9471045732498169,55.8040771484375,-0.999995768070221,0.9999995827674866,0.0
245,3,-0.11345851421356201,0.9900000095367432,50.54706954956055,51.68516159057617,55.78730392456055,-0.8868003487586975,56.67410659790039,-0.999840259552002,0.9999997615814209,2.9802322387695312e-08
245,4,-0.11339235305786133,0.9900000095367432,51.68516159057617,53.08376693725586,56.71700668334961,-0.8222667574882507,57.539276123046875,-0.9974324703216553,0.9999150037765503,0.0
245,5,-0.11008858680725098,0.9900000095367432,53.08376693725586,54.06743240356445,57.63184356689453,-0.7537208199501038,58.38556671142578,-0.9102284908294678,0.9995899200439453,2.9802322387695312e-08
245,6,-0.08921992778778076,0.9900000095367432,54.06743240356445,57.986473083496094,58.54927444458008,-0.6843510866165161,59.23362731933594,0.8151179552078247,0.9991461038589478,2.384185791015625e-07
245,7,-0.09190499782562256,0.9900000095367432,57.986473083496094,59.31854248046875,59.296295166015625,-0.6327816843986511,59.929080963134766,0.9997754096984863,0.9999828934669495,8.940696716308594e-08
245,8,-0.09533393383026123,0.9900000095367432,59.31854248046875,61.03036880493164,60.023319244384766,-0.5750948786735535,60.598419189453125,0.9994474053382874,0.9999850392341614,0.0
245,9,-0.0978316068649292,0.9900000095367432,61.03036880493164,62.028076171875,60.70988845825195,-0.5101126432418823,61.220008850097656,0.9956836104393005,0.9999998807907104,0.0
245,10,-0.09957778453826904,0.9900000095367432,62.028076171875,63.00661849975586,61.39004135131836,-0.4383636713027954,61.828407287597656,0.9792053699493408,0.9999992847442627,0.0
245,11,-0.10010063648223877,0.9900000095367432,63.00661849975586,63.57907485961914,62.063575744628906,-0.36021891236305237,62.42379379272461,0.9081010222434998,0.9999996423721313,0.0
245,12,-0.09945154190063477,0.9900000095367432,63.57907485961914,64.12398529052734,62.750144958496094,-0.2765744626522064,63.02671813964844,0.8291425108909607,0.9999877214431763,0.0
245,13,-0.09802258014678955,0.9900000095367432,64.12398529052734,64.46267700195312,63.450782775878906,-0.18832847476005554,63.63911056518555,0.7011089324951172,0.9999598264694214,0.0
245,14,-0.09601902961730957,0.9900000095367432,64.46267700195312,64.921630859375,64.17639923095703,-0.09601902961730957,64.27241516113281,0.6766557097434998,0.9999988079071045,0.0
246,0,-0.11405444145202637,0.9900000095367432,32.29584884643555,38.05427551269531,35.5684700012207,-1.1623315811157227,36.73081588745117,-0.4301517605781555,0.9999997019767761,0.0
246,1,-0.11295187473297119,0.9900000095367432,38.05427551269531,36.4625129699707,35.937095642089844,-1.1145955324172974,37.05170440673828,0.9998474717140198,0.9998895525932312,0.0
246,2,-0.11540567874908447,0.9900000095367432,36.4625129699707,35.99685287475586,36.411651611328125,-1.065011978149414,37.4766731262207,0.9999998211860657,0.9997197389602661,0.0
246,3,-0.1161341667175293,0.9900000095367432,35.99685287475586,36.33885192871094,36.94334411621094,-1.0096824169158936,37.953033447265625,1.0,0.9999531507492065,0.0
246,4,-0.1167062520980835,0.9900000095367432,36.33885192871094,36.975345611572266,37.4914436340332,-0.9500779509544373,38.4415283203125,1.0,0.9999979734420776,0.0
246,5,-0.11679017543792725,0.9900000095367432,36.975345611572266,37.24655532836914,38.04132843017578,-0.886094331741333,38.927433013916016,1.0,0.9998868703842163,0.0
246,6,-0.11679303646087646,0.9900000095367432,37.24655532836914,37.71577835083008,38.611820220947266,-0.8179735541343689,39.42980194091797,1.0,0.9999912977218628,0.0
246,7,-0.11660575866699219,0.9900000095367432,37.71577835083008,38.179813385009766,39.19371032714844,-0.745540201663971,39.93925857543945,0.9999998211860657,0.9999916553497314,0.0
246,8,-0.11633634567260742,0.9900000095367432,38.179813385009766,38.8396110534668,39.78779220581055,-0.668723464012146,40.45652389526367,0.9999971985816956,0.9999996423721313,0.0
246,9,-0.11589193344116211,0.9900000095367432,38.8396110534668,39.53096389770508,40.38444137573242,-0.5873334407806396,40.971778869628906,0.9999532699584961,1.0,0.0
246,10,-0.11526226997375488,0.9900000095367432,39.53096389770508,40.30852508544922,40.98197937011719,-0.5012668371200562,41.48324966430664,0.9991647005081177,0.9999970197677612,0.0
246,11,-0.11432909965515137,0.9900000095367432,40.30852508544922,41.106998443603516,41.575721740722656,-0.4104248583316803,41.98615264892578,0.9914789199829102,0.999998927116394,0.0
246,12,-0.11303937435150146,0.9900000095367432,41.106998443603516,41.984378814697266,42.16401290893555,-0.3148280382156372,42.47884750366211,0.9505482316017151,0.9999998807907104,0.0
246,13,-0.11156988143920898,0.9900000095367432,41.984378814697266,42.8387336730957,42.741973876953125,-0.21455466747283936,42.9565315246582,0.7730101346969604,1.0,0.0
246,14,-0.10950005054473877,0.9900000095367432,42.8387336730957,43.85805130004883,43.30997085571289,-0.10950005054473877,43.419471740722656,0.5909618139266968,1.0,0.0
247,0,-0.07922124862670898,0.9900000095367432,47.27204132080078,49.30899429321289,46.940704345703125,-1.009539246559143,47.95024108886719,0.9999970197677612,0.9998137950897217,6.556510925292969e-07
247,1,-0.0878974199295044,0.9900000095367432,49.30899429321289,48.903350830078125,47.399391174316406,-0.9891738295555115,48.38856506347656,1.0,0.9978353977203369,2.980232238769531e-07
247,2,-0.09492075443267822,0.9900000095367432,48.903350830078125,49.395992279052734,47.91767501831055,-0.9582949280738831,48.87596893310547,0.9999999403953552,0.999909520149231,2.9802322387695312e-08
247,3,-0.09958171844482422,0.9900000095367432,49.395992279052734,49.74917221069336,48.450286865234375,-0.9179948568344116,49.36827850341797,0.9999995231628418,0.9997552037239075,3.8743019104003906e-07
247,4,-0.10322415828704834,0.9900000095367432,49.74917221069336,50.395389556884766,49.00296401977539,-0.8701894283294678,49.87314987182617,0.9999786019325256,0.999995231628418,0.0
247,5,-0.10488295555114746,0.9900000095367432,50.395389556884766,50.93941879272461,49.56046676635742,-0.81548672914505,50.37594985961914,0.9991505146026611,0.9999982118606567,0.0
247,6,-0.1052391529083252,0.9900000095367432,50.93941879272461,51.67043685913086,50.12636947631836,-0.7555595636367798,50.88192367553711,0.9734178185462952,0.9999939203262329,0.0
247,7,-0.10563039779663086,0.9900000095367432,51.67043685913086,52.34694290161133,50.68997573852539,-0.6914624571800232,51.381431579589844,0.7361971139907837,0.9999945163726807,0.0
247,8,-0.10572850704193115,0.9900000095367432,52.34694290161133,53.128238677978516,51.25404739379883,-0.622894287109375,51.87693786621094,0.553959846496582,0.9999843835830688,2.9802322387695312e-08
247,9,-0.10601508617401123,0.9900000095367432,53.128238677978516,53.76506805419922,51.81278991699219,-0.5498838424682617,52.3626708984375,0.3760823905467987,0.9999966621398926,0.0
247,10,-0.1053088903427124,0.9900000095367432,53.76506805419922,54.24380111694336,52.37366485595703,-0.4719497859477997,52.84561538696289,0.46100056171417236,0.999966025352478,0.0
247,11,-0.10629785060882568,0.9900000095367432,54.24380111694336,54.603824615478516,52.9440803527832,-0.3898361623287201,53.33391571044922,0.2049403339624405,0.999795138835907,0.0
247,12,-0.10739254951477051,0.9900000095367432,54.603824615478516,55.20304489135742,53.532684326171875,-0.3014761507511139,53.83415985107422,0.027895750477910042,0.9999992847442627,0.0
247,13,-0.10651111602783203,0.9900000095367432,55.20304489135742,55.361610412597656,54.128150939941406,-0.20636215806007385,54.33451461791992,0.23692159354686737,0.9999985694885254,0.0
247,14,-0.10616803169250488,0.9900000095367432,55.361610412597656,55.412296295166016,54.75200653076172,-0.10616803169250488,54.85817337036133,0.2228960394859314,0.9999996423721313,2.9802322387695312e-08
248,0,-0.11078155040740967,0.9900000095367432,44.03848648071289,44.48695373535156,40.098751068115234,-1.1053398847579956,41.204097747802734,0.9999995827674866,0.9999352097511292,8.940696716308594e-08
248,1,-0.1118927001953125,0.9900000095367432,44.48695373535156,44.345027923583984,40.41193771362305,-1.0574783086776733,41.469425201416016,0.9999304413795471,0.9999399781227112,0.0
248,2,-0.11181139945983887,0.9900000095367432,44.345027923583984,44.4732780456543,40.75359344482422,-1.0054073333740234,41.759010314941406,0.9953126907348633,0.9999995231628418,0.0
248,3,-0.11151862144470215,0.9900000095367432,44.4732780456543,44.6425895690918,41.110023498535156,-0.9501286745071411,42.06016159057617,0.9370197653770447,0.9999983310699463,0.0
248,4,-0.11121737957000732,0.9900000095367432,44.6425895690918,44.71463394165039,41.47978210449219,-0.8916640281677246,42.371456146240234,0.7648962736129761,0.9999995231628418,0.0
248,5,-0.11083424091339111,0.9900000095367432,44.71463394165039,44.92396926879883,41.86882019042969,-0.829820990562439,42.69865036010742,0.762277364730835,0.9999873638153076,0.0
248,6,-0.11035454273223877,0.9900000095367432,44.92396926879883,45.058372497558594,42.27104949951172,-0.7644729018211365,43.035526275634766,0.7833287715911865,0.9999677538871765,0.0
248,7,-0.1100083589553833,0.9900000095367432,45.058372497558594,45.11472702026367,42.69113540649414,-0.6955006122589111,43.38663864135742,0.6898545026779175,0.9999989867210388,0.0
248,8,-0.10935342311859131,0.9900000095367432,45.11472702026367,45.37897872924805,43.134464263916016,-0.6225329637527466,43.75699996948242,0.803963840007782,0.9999960660934448,0.0
248,9,-0.10888898372650146,0.9900000095367432,45.37897872924805,45.30239486694336,43.59123611450195,-0.5456454753875732,44.13688659667969,0.6130210161209106,0.9999909400939941,0.0
248,10,-0.10787999629974365,0.9900000095367432,45.30239486694336,45.74320602416992,44.080440521240234,-0.46438753604888916,44.54483413696289,0.7832789421081543,0.9999926090240479,0.0
248,11,-0.1066899299621582,0.9900000095367432,45.74320602416992,45.7203483581543,44.576324462890625,-0.3790616989135742,44.95539093017578,0.6915730834007263,0.9999985694885254,0.0
248,12,-0.10492181777954102,0.9900000095367432,45.7203483581543,46.138851165771484,45.103515625,-0.28960317373275757,45.393123626708984,0.7900728583335876,0.9999923706054688,0.0
248,13,-0.10262930393218994,0.9900000095367432,46.138851165771484,46.30575942993164,45.64015579223633,-0.19636505842208862,45.836524963378906,0.7485169768333435,0.9999977350234985,0.0
248,14,-0.09966588020324707,0.9900000095367432,46.30575942993164,46.7668571472168,46.19952392578125,-0.09966588020324707,46.299190521240234,0.7747976183891296,1.0,0.0
249,0,-0.10590481758117676,0.9900000095367432,45.435977935791016,46.79838180541992,47.571773529052734,-1.0419920682907104,48.613773345947266,1.0,0.9994412660598755,3.3676624298095703e-06
249,1,-0.1051872968673706,0.9900000095367432,46.79838180541992,48.16218185424805,48.23089599609375,-0.9953081011772156,49.22621154785156,1.0,0.9995982646942139,8.940696716308594e-08
249,2,-0.10349702835083008,0.9900000095367432,48.16218185424805,49.62798309326172,48.85917663574219,-0.9464336037635803,49.80561828613281,1.0,0.9997828006744385,4.76837158203125e-07
249,3,-0.10353446006774902,0.9900000095367432,49.62798309326172,51.4119987487793,49.44825744628906,-0.8962643146514893,50.34453201293945,1.0,0.9972018599510193,8.940696716308594e-08
249,4,-0.10455620288848877,0.9900000095367432,51.4119987487793,52.82857131958008,49.98075485229492,-0.8428812623023987,50.823646545410156,1.0,0.9999668598175049,5.960464477539062e-07
249,5,-0.10669505596160889,0.9900000095367432,52.82857131958008,54.24610137939453,50.47346878051758,-0.7850345969200134,51.258514404296875,0.9999975562095642,0.9999464154243469,0.0
249,6,-0.1077507734298706,0.9900000095367432,54.24610137939453,55.18107986450195,50.925018310546875,-0.7212541699409485,51.64628219604492,0.9998232126235962,0.9989877939224243,0.0
249,7,-0.10762858390808105,0.9900000095367432,55.18107986450195,55.832454681396484,51.357051849365234,-0.6523162126541138,52.009376525878906,0.9959986209869385,0.9998446702957153,0.0
249,8,-0.10649228096008301,0.9900000095367432,55.832454681396484,56.25982666015625,51.78200149536133,-0.5791468620300293,52.36115646362305,0.9786040186882019,0.9999958872795105,0.0
249,9,-0.10406363010406494,0.9900000095367432,56.25982666015625,56.684444427490234,52.21013259887695,-0.5025567412376404,52.71269989013672,0.9522247910499573,0.9999714493751526,0.0
249,10,-0.10016310214996338,0.9900000095367432,56.684444427490234,56.849090576171875,52.64042663574219,-0.42370349168777466,53.06413650512695,0.9056347012519836,0.9999924898147583,0.0
249,11,-0.0983809232711792,0.9900000095367432,56.849090576171875,56.42091369628906,53.08512878417969,-0.3440089225769043,53.429141998291016,0.6456111669540405,0.9999998807907104,0.0
249,12,-0.09484255313873291,0.9900000095367432,56.42091369628906,56.312644958496094,53.57860565185547,-0.2611674666404724,53.83977508544922,0.6143987774848938,0.9999992847442627,0.0
249,13,-0.09280860424041748,0.9900000095367432,56.312644958496094,55.68402862548828,54.10523223876953,-0.17684730887413025,54.282081604003906,0.4790940582752228,0.9999920129776001,0.0
249,14,-0.08935534954071045,0.9900000095367432,55.68402862548828,55.33884048461914,54.69609832763672,-0.08935534954071045,54.78545379638672,0.4782869517803192,0.9999998807907104,0.0
250,0,-0.07676255702972412,0.9900000095367432,64.35619354248047,64.69861602783203,61.57841491699219,-0.028739511966705322,61.60714340209961,-1.0,1.0,0.0
250,1,-0.05966103449463844,0.9900000095367432,64.69861602783203,66.36985778808594,62.15055465698242,0.05106118693947792,62.099483489990234,-1.0,0.9999991655349731,0.0
250,2,-0.04462123289704323,0.9900000095367432,66.36985778808594,67.15777587890625,62.65274429321289,0.11772698163986206,62.53500747680664,-0.9999999403953552,0.9999867081642151,4.470348358154297e-07
250,3,-0.025351528078317642,0.9900000095367432,67.15777587890625,66.9249038696289,63.12924575805664,0.17261902987957,62.95661544799805,-0.9999409317970276,0.9998352527618408,0.0
250,4,-0.005434039980173111,0.9900000095367432,66.9249038696289,66.60332489013672,63.627662658691406,0.2104950100183487,63.41715621948242,-0.9868134260177612,0.999958872795105,0.0
250,5,0.029323335736989975,0.9900000095367432,66.60332489013672,66.42894744873047,64.15335845947266,0.22958962619304657,63.92375564575195,-0.21048177778720856,0.9999338388442993,5.364418029785156e-07
250,6,0.07880067825317383,0.9900000095367432,66.42894744873047,66.48990631103516,64.68453979492188,0.21293598413467407,64.4715805053711,0.9969415664672852,0.9993115663528442,6.854534149169922e-07
250,7,0.055591341108083725,0.9900000095367432,66.48990631103516,66.5267333984375,65.19349670410156,0.14262127876281738,65.05085754394531,0.9999373555183411,0.9999859929084778,1.1920928955078125e-07
250,8,0.030150171369314194,0.9900000095367432,66.5267333984375,66.69550323486328,65.75740051269531,0.09253580868244171,65.66484832763672,0.997627854347229,0.9985638856887817,8.940696716308594e-08
250,9,-0.005277279764413834,0.9900000095367432,66.69550323486328,66.73648071289062,66.3751449584961,0.06633241474628448,66.30879974365234,0.7258222103118896,0.9996875524520874,2.9802322387695312e-08
250,10,-0.06854820251464844,0.9900000095367432,66.73648071289062,67.79735565185547,67.0674819946289,0.07614003121852875,66.99132537841797,-0.9606871604919434,0.9998908042907715,5.960464477539063e-08
250,11,-0.03224039450287819,0.9900000095367432,67.79735565185547,69.23283386230469,67.81505584716797,0.15384182333946228,67.66120147705078,-0.9997279047966003,0.9999712705612183,0.0
250,12,0.01900136098265648,0.9900000095367432,69.23283386230469,70.1197280883789,68.49577331542969,0.19785456359386444,68.29790496826172,-0.9988612532615662,0.9999796152114868,5.960464477539063e-08
250,13,0.07104158401489258,0.9900000095367432,70.1197280883789,70.4500503540039,69.11837768554688,0.19016821682453156,68.92820739746094,-0.9877021312713623,0.9998548626899719,1.7881393432617188e-07
250,14,0.12666308879852295,0.9900000095367432,70.4500503540039,70.2838363647461,69.7076644897461,0.12666308879852295,69.58100128173828,-0.7212672829627991,0.9996567964553833,1.9669532775878906e-06
251,0,-0.1165933609008789,0.9900000095367432,46.51911544799805,46.425636291503906,43.62966537475586,-1.1871116161346436,44.816768646240234,1.0,0.9995479583740234,0.00012320280075073242
251,1,-0.11732304096221924,0.9900000095367432,46.425636291503906,46.194129943847656,44.07037353515625,-1.1382437944412231,45.20861053466797,1.0,0.9938417673110962,1.2814998626708984e-06
251,2,-0.1176842451095581,0.9900000095367432,46.194129943847656,46.199642181396484,44.55192565917969,-1.0855084657669067,45.637428283691406,1.0,0.997639536857605,1.2814998626708984e-06
251,3,-0.1180727481842041,0.9900000095367432,46.199642181396484,46.550601959228516,45.06403350830078,-1.0290528535842896,46.093082427978516,0.9999997615814209,0.99993896484375,2.9802322387695312e-08
251,4,-0.11832714080810547,0.9900000095367432,46.550601959228516,46.757015228271484,45.590484619140625,-0.968612551689148,46.5590934753418,0.9999926090240479,0.999980092048645,0.0
251,5,-0.11853742599487305,0.9900000095367432,46.757015228271484,47.187442779541016,46.1396484375,-0.9040780663490295,47.043724060058594,0.9997478723526001,0.9998276233673096,0.0
251,6,-0.11849558353424072,0.9900000095367432,47.187442779541016,47.663822174072266,46.70112609863281,-0.8352372646331787,47.53636169433594,0.9922255277633667,0.9997538328170776,0.0
251,7,-0.11834919452667236,0.9900000095367432,47.663822174072266,48.31076431274414,47.273006439208984,-0.7620857954025269,48.035091400146484,0.8760903477668762,0.9999859929084778,0.0
251,8,-0.11808991432189941,0.9900000095367432,48.31076431274414,49.007301330566406,47.84686279296875,-0.6844621300697327,48.53132247924805,0.6951495409011841,0.9999823570251465,0.0
251,9,-0.1172947883605957,0.9900000095367432,49.007301330566406,50.054813385009766,48.42008590698242,-0.6022033095359802,49.02228546142578,0.7841731905937195,0.9999786019325256,0.0
251,10,-0.11639249324798584,0.9900000095367432,50.054813385009766,50.64059829711914,48.97359848022461,-0.5155858993530273,49.48918151855469,0.7172800302505493,0.9999803304672241,0.0
251,11,-0.11603140830993652,0.9900000095367432,50.64059829711914,50.90163040161133,49.530338287353516,-0.42444807291030884,49.95478057861328,0.378091961145401,0.9999990463256836,0.0
251,12,-0.11581432819366455,0.9900000095367432,50.90163040161133,51.358787536621094,50.10817337036133,-0.32792842388153076,50.43609619140625,0.26197612285614014,0.9999977350234985,0.0
251,13,-0.11611676216125488,0.9900000095367432,51.358787536621094,51.457557678222656,50.69827651977539,-0.22553333640098572,50.923805236816406,-0.09891089051961899,0.9999997615814209,0.0
251,14,-0.11633872985839844,0.9900000095367432,51.457557678222656,51.95673751831055,51.320831298828125,-0.11633872985839844,51.43716812133789,0.008655741810798645,0.9999958872795105,0.0
252,0,-0.03892648592591286,0.9900000095367432,42.94987869262695,46.6605339050293,50.67314147949219,-0.9501555562019348,51.62331008911133,-1.0,0.9999878406524658,1.0728836059570312e-06
252,1,-0.07425129413604736,0.9900000095367432,46.6605339050293,49.0069694519043,51.464508056640625,-0.9688772559165955,52.43339920043945,-1.0,0.999999463558197,2.473592758178711e-06
252,2,-0.08441281318664551,0.9900000095367432,49.0069694519043,50.5639533996582,52.22000503540039,-0.9512237310409546,53.171241760253906,-1.0,0.9999946355819702,4.646182060241699e-05
252,3,-0.09423243999481201,0.9900000095367432,50.5639533996582,52.67308807373047,52.95215606689453,-0.9216490387916565,53.873817443847656,-1.0,0.9999825358390808,4.827976226806641e-06
252,4,-0.10095345973968506,0.9900000095367432,52.67308807373047,55.82114028930664,53.63005447387695,-0.8797624707221985,54.509830474853516,-1.0,0.9999604821205139,0.0002606511116027832
252,5,-0.10590589046478271,0.9900000095367432,55.82114028930664,59.74745559692383,54.19230270385742,-0.8280797600746155,55.02039337158203,-1.0,0.9999033212661743,1.519918441772461e-06
252,6,-0.10813736915588379,0.9900000095367432,59.74745559692383,62.57341003417969,54.588741302490234,-0.7678616046905518,55.35660934448242,-1.0,0.9999954700469971,4.172325134277344e-07
252,7,-0.10883164405822754,0.9900000095367432,62.57341003417969,63.27448654174805,54.86389923095703,-0.701461136341095,55.56536865234375,-0.9999978542327881,0.9999566078186035,3.3676624298095703e-06
252,8,-0.11019635200500488,0.9900000095367432,63.27448654174805,61.39522933959961,55.120304107666016,-0.6301217675209045,55.750431060791016,-0.7347233295440674,0.999356746673584,8.940696716308594e-08
252,9,-0.11330711841583252,0.9900000095367432,61.39522933959961,58.5824089050293,55.4932861328125,-0.5528181195259094,56.04610824584961,0.9999950528144836,0.999913215637207,1.817941665649414e-06
252,10,-0.11578953266143799,0.9900000095367432,58.5824089050293,56.68166732788086,56.041221618652344,-0.46731632947921753,56.50853729248047,1.0,0.9958709478378296,1.4901161193847656e-07
252,11,-0.11516296863555908,0.9900000095367432,56.68166732788086,56.136592864990234,56.726497650146484,-0.37376585602760315,57.10026168823242,1.0,0.9988714456558228,2.980232238769531e-07
252,12,-0.11237847805023193,0.9900000095367432,56.136592864990234,56.88457489013672,57.4831428527832,-0.2749632000923157,57.75810623168945,1.0,0.9993563294410706,0.0
252,13,-0.10244464874267578,0.9900000095367432,56.88457489013672,57.97957229614258,58.245330810546875,-0.17287051677703857,58.4182014465332,1.0,0.9999175071716309,0.0
252,14,-0.07488131523132324,0.9900000095367432,57.97957229614258,59.65901565551758,58.987545013427734,-0.07488131523132324,59.06242752075195,1.0,0.9995678067207336,0.0
253,0,-0.10246121883392334,0.9900000095367432,34.22233200073242,41.74576187133789,56.23912048339844,2.025653839111328,54.213462829589844,0.9999983310699463,0.9999375343322754,0.0
253,1,-0.09619796276092529,0.9900000095367432,41.74576187133789,48.54194259643555,57.70884704589844,2.2627487182617188,55.44609069824219,0.9999999403953552,0.9999937415122986,0.0
253,2,-0.07755064964294434,0.9900000095367432,48.54194259643555,53.29499053955078,58.90719985961914,2.508183717727661,56.39900588989258,0.9999999403953552,0.9999995231628418,0.0
253,3,-0.036297086626291275,0.9900000095367432,53.29499053955078,56.407936096191406,59.911376953125,2.749318838119507,57.16204833984375,0.9999998807907104,0.999998927116394,0.0
253,4,0.03300594910979271,0.9900000095367432,56.407936096191406,58.86796188354492,60.77137756347656,2.961845636367798,57.80952072143555,0.9999998807907104,0.9999999403953552,0.0
253,5,0.13389813899993896,0.9900000095367432,58.86796188354492,60.36241912841797,61.48262405395508,3.1141304969787598,58.36848449707031,0.9999996423721313,0.9999678730964661,0.0
253,6,0.23724400997161865,0.9900000095367432,60.36241912841797,61.19865798950195,62.05293273925781,3.1687746047973633,58.8841552734375,0.9999993443489075,0.9999991655349731,0.0
253,7,0.3228238821029663,0.9900000095367432,61.19865798950195,61.408443450927734,62.505428314208984,3.1169915199279785,59.388431549072266,0.9999982714653015,0.9999996423721313,0.0
253,8,0.3945491313934326,0.9900000095367432,61.408443450927734,61.34972381591797,62.88451385498047,2.9709384441375732,59.913570404052734,0.9999974370002747,0.9999997019767761,0.0
253,9,0.45703601837158203,0.9900000095367432,61.34972381591797,61.25834655761719,63.21440887451172,2.73938250541687,60.47502136230469,0.9999971389770508,0.9999964237213135,0.0
253,10,0.5090413093566895,0.9900000095367432,61.25834655761719,61.39643096923828,63.50354766845703,2.4267373085021973,61.076805114746094,0.9999967813491821,0.9999996423721313,0.0
253,11,0.5476381778717041,0.9900000095367432,61.39643096923828,61.82736587524414,63.7484130859375,2.03901743888855,61.70939254760742,0.9999967217445374,0.9999998807907104,0.0
253,12,0.5676987171173096,0.9900000095367432,61.82736587524414,62.5272331237793,63.94504928588867,1.5857303142547607,62.35931396484375,0.999996542930603,1.0,0.0
253,13,0.5671240091323853,0.9900000095367432,62.5272331237793,63.387351989746094,64.09596252441406,1.0824365615844727,63.013519287109375,0.999995768070221,1.0,0.0
253,14,0.5479133129119873,0.9900000095367432,63.387351989746094,64.30691528320312,64.21176147460938,0.5479133129119873,63.66384506225586,0.9999914169311523,0.9999992251396179,0.0
254,0,0.09150838851928711,0.9900000095367432,96.72498321533203,92.06116485595703,88.21575927734375,8.349313735961914,79.866455078125,-0.9898111820220947,0.9999952912330627,0.0
254,1,0.3983694314956665,0.9900000095367432,92.06116485595703,92.28963470458984,88.85404205322266,8.780229568481445,80.07382202148438,0.9857927560806274,0.9999812841415405,0.0
254,2,0.47389698028564453,0.9900000095367432,92.28963470458984,91.41535186767578,89.19441223144531,8.912131309509277,80.28227996826172,0.9999978542327881,0.9992968440055847,0.0
254,3,0.6610469818115234,0.9900000095367432,91.41535186767578,92.07787322998047,89.52201080322266,8.97207260131836,80.54993438720703,0.9999985098838806,0.9999523162841797,0.0
254,4,0.8524725437164307,0.9900000095367432,92.07787322998047,92.86519622802734,89.636474609375,8.836816787719727,80.7996597290039,0.9998638033866882,0.9996447563171387,0.0
254,5,1.0388827323913574,0.9900000095367432,92.86519622802734,93.15827178955078,89.51321411132812,8.48946762084961,81.02374267578125,0.859531044960022,0.9999929666519165,0.0
254,6,1.1093571186065674,0.9900000095367432,93.15827178955078,92.90093231201172,89.16852569580078,7.921939849853516,81.24658203125,-0.97574782371521,0.9999996423721313,0.0
254,7,1.159837245941162,0.9900000095367432,92.90093231201172,94.43514251708984,88.74063873291016,7.243575572967529,81.49705505371094,-0.9685570001602173,0.999999463558197,0.0
254,8,1.099518060684204,0.9900000095367432,94.43514251708984,94.79409790039062,88.15126037597656,6.468621253967285,81.68263244628906,-0.8819695711135864,0.9999775886535645,0.0
254,9,1.1803936958312988,0.9900000095367432,94.79409790039062,92.43696594238281,87.56983947753906,5.708775520324707,81.86105346679688,0.8677580952644348,0.9999825954437256,0.0
254,10,1.1411807537078857,0.9900000095367432,92.43696594238281,88.98003387451172,86.98970031738281,4.814866065979004,82.1748275756836,0.9985353350639343,0.9999967813491821,0.0
254,11,1.105520486831665,0.9900000095367432,88.98003387451172,86.4692153930664,86.59649658203125,3.906097888946533,82.69039154052734,0.5704885125160217,0.9999997615814209,0.0
254,12,0.9935455918312073,0.9900000095367432,86.4692153930664,84.67557525634766,86.34848022460938,2.9777536392211914,83.3707275390625,-0.9213964939117432,0.9999998807907104,0.0
254,13,1.0893678665161133,0.9900000095367432,84.67557525634766,85.3100814819336,86.29823303222656,2.1097373962402344,84.1884994506836,0.04217470437288284,0.9999972581863403,0.0
254,14,1.0849223136901855,0.9900000095367432,85.3100814819336,85.8834457397461,86.10953521728516,1.0849223136901855,85.02461242675781,0.9721559882164001,0.9999778270721436,0.0
255,0,-0.11622393131256104,0.9900000095367432,42.74843978881836,42.55030822753906,38.48942947387695,-1.1496634483337402,39.63908767700195,-1.0,0.9999994039535522,0.0
255,1,-0.11622488498687744,0.9900000095367432,42.55030822753906,42.92850112915039,38.80852127075195,-1.0988192558288574,39.9073371887207,-1.0,0.9999985694885254,2.9802322387695312e-08
255,2,-0.11690592765808105,0.9900000095367432,42.92850112915039,42.89437484741211,39.12789535522461,-1.04475736618042,40.17264938354492,-1.0,0.9999974966049194,2.9802322387695312e-08
255,3,-0.11717355251312256,0.9900000095367432,42.89437484741211,43.056827545166016,39.469993591308594,-0.9865512847900391,40.45654296875,-1.0,0.9999854564666748,2.9802322387695312e-08
255,4,-0.11617767810821533,0.9900000095367432,43.056827545166016,43.34816360473633,39.82547378540039,-0.9243782758712769,40.74985122680664,-0.9999988675117493,0.9999995231628418,1.1920928955078125e-07
255,5,-0.11431670188903809,0.9900000095367432,43.34816360473633,43.29325485229492,40.18704605102539,-0.8593307733535767,41.0463752746582,-0.9999245405197144,0.9999790191650391,2.980232238769531e-07
255,6,-0.11285126209259033,0.9900000095367432,43.29325485229492,42.97572708129883,40.57240676879883,-0.7921468019485474,41.36455154418945,-0.9915996789932251,0.9999363422393799,3.069639205932617e-06
255,7,-0.10919594764709473,0.9900000095367432,42.97572708129883,43.01265335083008,40.99729919433594,-0.722270667552948,41.71957015991211,-0.13955701887607574,0.999963104724884,5.960464477539063e-08
255,8,-0.10277354717254639,0.9900000095367432,43.01265335083008,44.108280181884766,41.44324493408203,-0.6518604159355164,42.0951042175293,0.9984627962112427,0.9965264797210693,1.2606382369995117e-05
255,9,-0.10560023784637451,0.9900000095367432,44.108280181884766,44.99030685424805,41.8529052734375,-0.5838244557380676,42.436729431152344,0.9999523758888245,0.9999499320983887,3.337860107421875e-06
255,10,-0.10909020900726318,0.9900000095367432,44.99030685424805,45.304664611816406,42.24506759643555,-0.5084787011146545,42.753543853759766,0.9995594620704651,0.9998126029968262,4.6193599700927734e-06
255,11,-0.11260855197906494,0.9900000095367432,45.304664611816406,45.52070999145508,42.64920425415039,-0.4246554970741272,43.07386016845703,0.9949529767036438,0.9973329305648804,0.0
255,12,-0.11549746990203857,0.9900000095367432,45.52070999145508,45.2824821472168,43.07128143310547,-0.3317883610725403,43.40306854248047,0.8736226558685303,0.9999929666519165,2.9802322387695312e-08
255,13,-0.11848104000091553,0.9900000095367432,45.2824821472168,44.37062454223633,43.535667419433594,-0.22997434437274933,43.76564025878906,-0.05756693705916405,0.9999866485595703,0.0
255,14,-0.11854684352874756,0.9900000095367432,44.37062454223633,44.645599365234375,44.080596923828125,-0.11854684352874756,44.19914245605469,0.023496318608522415,0.9999876022338867,0.0
