episode_id,seed,policy_type,start_step,step,mse,mae,psnr,real_env_reward,real_vae_reward_pred,world_model_reward_pred,steer,gas,brake,reward_abs_error_true_vae
0,0,evo,438,0,0.003992512356489897,0.027620121836662292,23.987537310825108,,,,-0.04078758507966995,0.07314839959144592,0.0,
0,0,evo,438,1,0.004073596093803644,0.027968622744083405,23.900220344738898,-0.10000000149011612,0.5476831793785095,0.5476831793785095,-0.07555194944143295,0.07963663339614868,0.0,0.6476831808686256
0,0,evo,438,2,0.004477810114622116,0.029156452044844627,23.4893432699645,-0.10000000149011612,0.5729866027832031,0.575599730014801,-0.12039731442928314,0.08526057004928589,0.0,0.6729866042733192
0,0,evo,438,3,0.00539329694584012,0.031471800059080124,22.681456675313242,3.0347962379455566,0.6458790898323059,0.596367359161377,-0.1350831389427185,0.08216443657875061,0.0,2.3889171481132507
0,0,evo,438,4,0.00638279365375638,0.03371119126677513,21.949891954391454,-0.10000000149011612,0.6746364235877991,0.6081050038337708,-0.14311538636684418,0.08247354626655579,0.0,0.7746364250779152
0,0,evo,438,5,0.0073542785830795765,0.036088451743125916,21.334599229030196,-0.10000000149011612,0.6804318428039551,0.6175254583358765,-0.14347951114177704,0.08026230335235596,0.0,0.7804318442940712
0,0,evo,438,6,0.008458093740046024,0.03836773708462715,20.727275059284036,3.0347962379455566,0.6841043829917908,0.6237179040908813,-0.13239319622516632,0.07815662026405334,0.0,2.350691854953766
0,0,evo,438,7,0.009413592517375946,0.04063042625784874,20.262446047637734,-0.10000000149011612,0.6594655513763428,0.6302947998046875,-0.10870128870010376,0.07801270484924316,0.0,0.7594655528664589
0,0,evo,438,8,0.010389946401119232,0.04296300932765007,19.83386692843034,-0.10000000149011612,0.6281877756118774,0.6359174251556396,-0.10050846636295319,0.07982891798019409,0.0,0.7281877771019936
0,0,evo,438,9,0.011483530513942242,0.04527962580323219,19.399245712584406,-0.10000000149011612,0.6140283942222595,0.6416835188865662,-0.09898251295089722,0.07971897721290588,0.0,0.7140283957123756
0,0,evo,438,10,0.01255981158465147,0.04765401408076286,19.01016875595633,3.0347962379455566,0.5621510148048401,0.6504303216934204,-0.0964842438697815,0.07929903268814087,0.0,2.4726452231407166
0,0,evo,438,11,0.013583954423666,0.049854788929224014,18.669737842249432,-0.10000000149011612,0.4733315110206604,0.6620264649391174,-0.08928967267274857,0.07691958546638489,0.0,0.5733315125107765
0,0,evo,438,12,0.01459923479706049,0.05195918679237366,18.356699066897548,-0.10000000149011612,0.4528770446777344,0.6752001643180847,-0.09242303669452667,0.07577046751976013,0.0,0.5528770461678505
0,0,evo,438,13,0.015645304694771767,0.05423910915851593,18.056159744820267,3.0347962379455566,0.5203519463539124,0.6896154880523682,-0.10859332978725433,0.07259014248847961,0.0,2.5144442915916443
0,0,evo,438,14,0.016596421599388123,0.056225743144750595,17.79985541307382,-0.10000000149011612,0.5363503694534302,0.7061662077903748,-0.12425410747528076,0.0692862868309021,0.0,0.6363503709435463
0,0,evo,438,15,0.01760638691484928,0.0582752488553524,17.543297583960392,-0.10000000149011612,0.5724590420722961,0.7238535284996033,-0.1470939666032791,0.06529667973518372,0.0,0.6724590435624123
0,0,evo,438,16,0.018301451578736305,0.060043592005968094,17.37514462857877,-0.10000000149011612,0.5708098411560059,0.7400588393211365,-0.17401303350925446,0.06587675213813782,0.0,0.670809842646122
0,0,evo,438,17,0.018971890211105347,0.06165492162108421,17.218893972422347,-0.10000000149011612,0.5198036432266235,0.7544416785240173,-0.1904878318309784,0.06345447897911072,0.0,0.6198036447167397
0,0,evo,438,18,0.019625602290034294,0.06354964524507523,17.07177006316484,-0.10000000149011612,0.4983663558959961,0.7663094401359558,-0.2055279165506363,0.06320804357528687,0.0,0.5983663573861122
0,0,evo,438,19,0.020138604566454887,0.06500618904829025,16.959706256435897,-0.10000000149011612,0.5214324593544006,0.7749666571617126,-0.21590811014175415,0.0614393949508667,0.0,0.6214324608445168
0,0,evo,438,20,0.020470162853598595,0.06605008989572525,16.88878702225726,-0.10000000149011612,0.5654667615890503,0.7821418642997742,-0.21724870800971985,0.0629081130027771,0.0,0.6654667630791664
0,0,evo,438,21,0.020566213876008987,0.06641518324613571,16.86845652111806,3.0347962379455566,0.541517972946167,0.7883166670799255,-0.22959493100643158,0.06394457817077637,0.0,2.4932782649993896
0,0,evo,438,22,0.020641392096877098,0.06662485748529434,16.852610163663137,3.0347962379455566,0.5780187845230103,0.7948572039604187,-0.24075350165367126,0.06586828827857971,0.0,2.4567774534225464
0,0,evo,438,23,0.02046816237270832,0.06627476215362549,16.88921146454096,-0.10000000149011612,0.5156258344650269,0.8038257956504822,-0.23465925455093384,0.06466320157051086,0.0,0.615625835955143
0,0,evo,438,24,0.020093200728297234,0.06498033553361893,16.96950877193134,3.0347962379455566,0.5198833346366882,0.81429523229599,-0.24546128511428833,0.0648883581161499,0.0,2.5149129033088684
0,0,evo,438,25,0.019720664247870445,0.06344784051179886,17.050784608792753,-0.10000000149011612,0.5010067224502563,0.8263861536979675,-0.2421496957540512,0.06502330303192139,0.0,0.6010067239403725
0,0,evo,438,26,0.01908688433468342,0.06134472414851189,17.192649582845437,3.0347962379455566,0.44117051362991333,0.8421926498413086,-0.22548912465572357,0.0688244104385376,0.0,2.5936257243156433
0,0,evo,438,27,0.0183881763368845,0.059185754507780075,17.354613401529278,-0.10000000149011612,0.29996246099472046,0.8592538833618164,-0.18977676331996918,0.07658267021179199,0.0,0.3999624624848366
0,0,evo,438,28,0.01786956377327442,0.05777962878346443,17.478860492387412,-0.10000000149011612,0.24407261610031128,0.8780076503753662,-0.15426120162010193,0.08886605501174927,0.0,0.3440726175904274
0,0,evo,438,29,0.017780445516109467,0.05762675777077675,17.500573613205923,3.0347962379455566,0.24327176809310913,0.8991219997406006,-0.11294989287853241,0.09974938631057739,0.0,2.7915244698524475
0,0,evo,438,30,0.017491478472948074,0.05713401362299919,17.571734800864647,-0.10000000149011612,0.2600480914115906,0.9244215488433838,-0.08176998049020767,0.11409226059913635,0.0,0.3600480929017067
0,0,evo,438,31,0.01738627254962921,0.05722688138484955,17.59793516596713,-0.10000000149011612,0.38179200887680054,0.9535487294197083,-0.0913407951593399,0.12516853213310242,0.0,0.48179201036691666
0,0,evo,438,32,0.01741757057607174,0.05773654580116272,17.59012421026698,3.0347962379455566,0.4132108688354492,0.9866126179695129,-0.10700440406799316,0.13291937112808228,0.0,2.6215853691101074
0,0,evo,438,33,0.017516491934657097,0.0581938736140728,17.56552866545281,-0.10000000149011612,0.4071779251098633,1.0208995342254639,-0.09846711158752441,0.13687238097190857,0.0,0.5071779265999794
0,0,evo,438,34,0.017738252878189087,0.058931395411491394,17.51089158051508,-0.10000000149011612,0.3753557801246643,1.0529303550720215,-0.09942124783992767,0.14418098330497742,0.0,0.4753557816147804
0,0,evo,438,35,0.01792711578309536,0.059518929570913315,17.46489576597526,3.0347962379455566,0.32055169343948364,1.0816733837127686,-0.10548019409179688,0.1464330554008484,0.0,2.714244544506073
0,0,evo,438,36,0.01789630949497223,0.05972765013575554,17.472365182500297,-0.10000000149011612,0.32220911979675293,1.1076388359069824,-0.09978153556585312,0.14387750625610352,0.0,0.42220912128686905
0,0,evo,438,37,0.017787830904126167,0.059868067502975464,17.498770077228766,-0.10000000149011612,0.363835871219635,1.130648136138916,-0.10620373487472534,0.1429368555545807,0.0,0.46383587270975113
0,0,evo,438,38,0.017742017284035683,0.06026667356491089,17.509970020061633,-0.10000000149011612,0.3564491868019104,1.1502971649169922,-0.1164354756474495,0.1392812430858612,0.0,0.4564491882920265
0,0,evo,438,39,0.017622027546167374,0.06059219315648079,17.539441242183354,3.0347962379455566,0.3583769202232361,1.1667118072509766,-0.11980753391981125,0.12904804944992065,0.0,2.6764193177223206
0,0,evo,438,40,0.017655489966273308,0.06082293018698692,17.53120225611721,-0.10000000149011612,0.4067903757095337,1.1805095672607422,-0.1263190358877182,0.11581465601921082,0.0,0.5067903771996498
0,0,evo,438,41,0.01765657588839531,0.06068985164165497,17.530935146292794,-0.10000000149011612,0.3725265860557556,1.1915512084960938,-0.1041032150387764,0.10587137937545776,0.0,0.47252658754587173
0,0,evo,438,42,0.017629915848374367,0.06052549183368683,17.537497606827472,3.0347962379455566,0.37671762704849243,1.2012145519256592,-0.11774519830942154,0.09521213173866272,0.0,2.658078610897064
0,0,evo,438,43,0.017268197610974312,0.059654880315065384,17.627529900792023,-0.10000000149011612,0.2855551242828369,1.2060458660125732,-0.11863962560892105,0.09417632222175598,0.0,0.38555512577295303
0,0,evo,438,44,0.01697915978729725,0.058589283376932144,17.70083804596707,-0.10000000149011612,0.24930506944656372,1.2088589668273926,-0.0818103775382042,0.08407402038574219,0.0,0.34930507093667984
0,0,evo,438,45,0.016413601115345955,0.056862425059080124,17.847961250439482,3.0347962379455566,0.3120250105857849,1.2113802433013916,-0.06190994754433632,0.07842496037483215,0.0,2.7227712273597717
0,0,evo,438,46,0.015907643362879753,0.05560949072241783,17.983941541249283,-0.10000000149011612,0.4561219811439514,1.2075512409210205,-0.0663270577788353,0.07931733131408691,0.0,0.5561219826340675
0,0,evo,438,47,0.015503361821174622,0.05450622737407684,18.095741171797066,-0.10000000149011612,0.4514838457107544,1.1970303058624268,-0.045989759266376495,0.07274934649467468,0.0,0.5514838472008705
0,0,evo,438,48,0.015284352004528046,0.05413252115249634,18.157529688988504,3.0347962379455566,0.5135340094566345,1.1861004829406738,-0.003751293756067753,0.07129672169685364,0.0,2.521262228488922
0,0,evo,438,49,0.015047323890030384,0.05372242629528046,18.225407308432178,-0.10000000149011612,0.5333800911903381,1.1716561317443848,0.03664345294237137,0.07368689775466919,0.0,0.6333800926804543
0,0,evo,438,50,0.014731251634657383,0.0533985011279583,18.317603519399917,-0.10000000149011612,0.5177605152130127,1.1490089893341064,0.04810238257050514,0.07632136344909668,0.0,0.6177605167031288
0,0,evo,438,51,0.01434576977044344,0.053013306111097336,18.43276143264161,3.0347962379455566,0.467365026473999,1.1160719394683838,0.05682723969221115,0.08020716905593872,0.0,2.5674312114715576
0,0,evo,438,52,0.014084391295909882,0.052796605974435806,18.512619177616227,-0.10000000149011612,0.30410236120224,1.0815701484680176,0.08615319430828094,0.07941454648971558,0.0,0.4041023626923561
0,0,evo,438,53,0.013858705759048462,0.05252118781208992,18.582773258532608,-0.10000000149011612,0.23643451929092407,1.0506439208984375,0.10858602821826935,0.08110371232032776,0.0,0.3364345207810402
0,0,evo,438,54,0.01402218546718359,0.05288979783654213,18.531842929050796,3.0347962379455566,0.3166894316673279,1.0162205696105957,0.10498660057783127,0.08912941813468933,0.0,2.7181068062782288
0,0,evo,438,55,0.013884027488529682,0.05265745893120766,18.57484535154404,-0.10000000149011612,0.2923892140388489,0.9785836338996887,0.08655855059623718,0.09950724244117737,0.0,0.392389215528965
0,0,evo,438,56,0.013697558082640171,0.05266352370381355,18.633568493224082,-0.10000000149011612,0.1807403862476349,0.9418392181396484,0.05164532735943794,0.10248717665672302,0.0,0.280740387737751
0,0,evo,438,57,0.01341230422258377,0.0522531121969223,18.724966043118897,3.0347962379455566,0.10893768072128296,0.9047482013702393,0.014894955791532993,0.10244923830032349,0.0,2.9258585572242737
0,0,evo,438,58,0.013391911052167416,0.052330028265714645,18.731574438849517,-0.10000000149011612,0.10301220417022705,0.8690140247344971,-0.051727648824453354,0.09937465190887451,0.0,0.20301220566034317
0,0,evo,438,59,0.013113291002810001,0.05179515480995178,18.822883010638257,-0.10000000149011612,0.10407400131225586,0.8297163844108582,-0.0760379508137703,0.08804473280906677,0.0,0.20407400280237198
0,0,evo,438,60,0.013206091709434986,0.051662709563970566,18.792256911033494,3.0347962379455566,0.12611553072929382,0.8008520007133484,-0.058100879192352295,0.07372644543647766,0.0,2.908680707216263
0,0,evo,438,61,0.013495764695107937,0.05161898210644722,18.69802502477842,-0.10000000149011612,0.08090400695800781,0.7781676650047302,-0.0011839562794193625,0.06326726078987122,0.0,0.18090400844812393
0,0,evo,438,62,0.01397465169429779,0.052211944013834,18.546590077084137,-0.10000000149011612,0.0880899727344513,0.7569074034690857,0.03853387385606766,0.061188578605651855,0.0,0.1880899742245674
0,0,evo,438,63,0.014365561306476593,0.05319616571068764,18.426774001250156,3.0347962379455566,0.0718083381652832,0.728127658367157,0.06025117635726929,0.061465173959732056,0.0,2.9629878997802734
0,0,evo,438,64,0.014998468570411205,0.05493514612317085,18.239530826358855,-0.10000000149011612,0.08647662401199341,0.6982800364494324,0.049640946090221405,0.06684622168540955,0.0,0.18647662550210953
0,0,evo,438,65,0.015507443808019161,0.05662083625793457,18.09459783847434,-0.10000000149011612,0.07252541184425354,0.6679700613021851,0.06318822503089905,0.06979995965957642,0.0,0.17252541333436966
0,0,evo,438,66,0.015995018184185028,0.05818270146846771,17.960152618451616,3.0347962379455566,0.07249391078948975,0.6458214521408081,0.06442777067422867,0.07161301374435425,0.0,2.962302327156067
0,0,evo,438,67,0.016714483499526978,0.05981062725186348,17.76907039159423,-0.10000000149011612,0.026159759610891342,0.6230919361114502,0.05836646258831024,0.07401537895202637,0.0,0.12615976110100746
0,0,evo,438,68,0.017624467611312866,0.06192076578736305,17.53883993029397,3.0347962379455566,0.00720074400305748,0.6011506915092468,0.06970320641994476,0.07308369874954224,0.0,3.027595493942499
0,0,evo,438,69,0.01815708912909031,0.06314210593700409,17.409537745650393,-0.10000000149011612,0.026575740426778793,0.5829232931137085,0.06785137206315994,0.07484567165374756,0.0,0.1265757419168949
0,0,evo,438,70,0.01851494424045086,0.06422557681798935,17.324775915324956,-0.10000000149011612,0.032079216092824936,0.5635823607444763,0.0623357892036438,0.07675960659980774,0.0,0.13207921758294106
0,0,evo,438,71,0.018774131312966347,0.06480896472930908,17.264401488491316,3.0347962379455566,0.005239661782979965,0.5447107553482056,0.04965879023075104,0.07602912187576294,0.0,3.0295565761625767
0,0,evo,438,72,0.018875090405344963,0.06514885276556015,17.241109595690563,-0.10000000149011612,-0.01932227984070778,0.5258183479309082,0.062614805996418,0.0756775438785553,0.0,0.08067772164940834
0,0,evo,438,73,0.01886599138379097,0.06502597779035568,17.243203682420912,3.0347962379455566,-0.010387185961008072,0.5095416903495789,0.07123252004384995,0.07640564441680908,0.0,3.0451834239065647
0,0,evo,438,74,0.018925504758954048,0.06501001864671707,17.229525286783467,-0.10000000149011612,-0.019356999546289444,0.49314600229263306,0.08279194682836533,0.07711318135261536,0.0,0.08064300194382668
0,0,evo,438,75,0.019003303721547127,0.06508215516805649,17.21170890451824,-0.10000000149011612,-0.017189327627420425,0.47734618186950684,0.08440734446048737,0.0782361626625061,0.0,0.0828106738626957
0,0,evo,438,76,0.01885136030614376,0.06470588594675064,17.246573058223028,3.0347962379455566,-0.029694978147745132,0.4611815810203552,0.07393692433834076,0.0808735191822052,0.0,3.0644912160933018
0,0,evo,438,77,0.018654964864253998,0.06408611685037613,17.292055645955443,-0.10000000149011612,-0.034471336752176285,0.44401252269744873,0.06230827048420906,0.08360698819160461,0.0,0.06552866473793983
0,0,evo,438,78,0.018325086683034897,0.06327805668115616,17.369539623416944,-0.10000000149011612,-0.042731914669275284,0.42620980739593506,0.05440748855471611,0.0822620689868927,0.0,0.057268086820840836
0,0,evo,438,79,0.01800295151770115,0.06234458088874817,17.44656288076159,3.0347962379455566,-0.04244949296116829,0.4081023335456848,0.03416046127676964,0.08154726028442383,0.0,3.077245730906725
0,0,evo,438,80,0.017676418647170067,0.06154705584049225,17.526057211851715,-0.10000000149011612,-0.0463382788002491,0.3888564705848694,,,,0.05366172268986702
1,1,evo,348,0,0.002024861052632332,0.019359232857823372,26.93604773014958,,,,-0.026750249788165092,0.07313346862792969,0.0,
1,1,evo,348,1,0.001788752619177103,0.018640214577317238,27.47449717316958,3.5363636016845703,0.23269128799438477,0.23269128799438477,0.0022004658821970224,0.06807661056518555,0.0,3.3036723136901855
1,1,evo,348,2,0.0018030513310804963,0.018914993852376938,27.43991909169068,-0.10000000149011612,0.29966241121292114,0.2424737811088562,0.008994363248348236,0.06616076827049255,0.0,0.39966241270303726
1,1,evo,348,3,0.00192069576587528,0.019619330763816833,27.16541421013035,-0.10000000149011612,0.3226403594017029,0.2569316029548645,-0.0266822949051857,0.06861761212348938,0.0,0.422640360891819
1,1,evo,348,4,0.002109851920977235,0.02022729068994522,26.757480243986112,3.5363636016845703,0.2810700535774231,0.2693398594856262,-0.03732509911060333,0.0685797929763794,0.0,3.255293548107147
1,1,evo,348,5,0.002284550340846181,0.020964177325367928,26.411992676757606,-0.10000000149011612,0.23394298553466797,0.2817252278327942,-0.024962052702903748,0.06267532706260681,0.0,0.3339429870247841
1,1,evo,348,6,0.002311146818101406,0.021447034552693367,26.361724646178367,-0.10000000149011612,0.2234368920326233,0.29533886909484863,-0.02494499273598194,0.05992820858955383,0.0,0.3234368935227394
1,1,evo,348,7,0.0020624289754778147,0.021418949589133263,26.856209984576388,3.5363636016845703,0.21935635805130005,0.30891650915145874,-0.024697432294487953,0.05865868926048279,0.0,3.3170072436332703
1,1,evo,348,8,0.0021846953313797712,0.022302962839603424,26.606091193920772,-0.10000000149011612,0.28680139780044556,0.3234483003616333,-0.018346300348639488,0.0575639009475708,0.0,0.3868013992905617
1,1,evo,348,9,0.0022701218258589506,0.023150593042373657,26.439508358118946,-0.10000000149011612,0.3095749020576477,0.33903968334198,-0.028646918013691902,0.056492000818252563,0.0,0.4095749035477638
1,1,evo,348,10,0.0023921714164316654,0.023992160335183144,26.212077032191424,3.5363636016845703,0.32173246145248413,0.35377299785614014,-0.029477298259735107,0.053756117820739746,0.0,3.214631140232086
1,1,evo,348,11,0.002729133702814579,0.02545381337404251,25.639751873157394,-0.10000000149011612,0.3753299117088318,0.36920714378356934,-0.01641695946455002,0.05157202482223511,0.0,0.4753299131989479
1,1,evo,348,12,0.0029637061525136232,0.026525476947426796,25.281648582730533,-0.10000000149011612,0.35158175230026245,0.38609999418258667,-0.0008080897969193757,0.05020332336425781,0.0,0.45158175379037857
1,1,evo,348,13,0.00313647766597569,0.02742002345621586,25.035578006112797,3.5363636016845703,0.3345613479614258,0.4047365188598633,0.02030775137245655,0.05246618390083313,0.0,3.2018022537231445
1,1,evo,348,14,0.0032892823219299316,0.02803117036819458,24.828988490487404,-0.10000000149011612,0.2734804153442383,0.42575109004974365,0.050684183835983276,0.055989980697631836,0.0,0.3734804168343544
1,1,evo,348,15,0.003273849608376622,0.02817191183567047,24.849412747567932,-0.10000000149011612,0.2757800817489624,0.4497963786125183,0.049645911902189255,0.06317156553268433,0.0,0.3757800832390785
1,1,evo,348,16,0.003014768473803997,0.027543529868125916,25.207460349036804,3.5363636016845703,0.2848363518714905,0.47373640537261963,0.026608610525727272,0.07362949848175049,0.0,3.25152724981308
1,1,evo,348,17,0.0028175723273307085,0.02680855430662632,25.501249267610223,-0.10000000149011612,0.3719317317008972,0.4960685968399048,0.0038596312515437603,0.08142736554145813,0.0,0.47193173319101334
1,1,evo,348,18,0.0027003486175090075,0.026693984866142273,25.68580164401411,-0.10000000149011612,0.3975263237953186,0.5160477161407471,-0.03331686556339264,0.08309295773506165,0.0,0.4975263252854347
1,1,evo,348,19,0.002895442070439458,0.0269840806722641,25.38285119641039,3.5363636016845703,0.26934993267059326,0.5330891013145447,-0.04615756496787071,0.07895556092262268,0.0,3.267013669013977
1,1,evo,348,20,0.002962094498798251,0.026979930698871613,25.284010904292696,-0.10000000149011612,0.3955237865447998,0.549258828163147,-0.020262131467461586,0.07289665937423706,0.0,0.4955237880349159
1,1,evo,348,21,0.0029519684612751007,0.02688451111316681,25.298882868108386,-0.10000000149011612,0.44869762659072876,0.5687225461006165,0.01856490783393383,0.06910374760627747,0.0,0.5486976280808449
1,1,evo,348,22,0.002525042975321412,0.02598549984395504,25.97731225946857,3.5363636016845703,0.43449634313583374,0.5935277938842773,0.04166256636381149,0.07316437363624573,0.0,3.1018672585487366
1,1,evo,348,23,0.0025243107229471207,0.025603489950299263,25.978571878765404,-0.10000000149011612,0.35043227672576904,0.6216846704483032,0.053602736443281174,0.07909023761749268,0.0,0.45043227821588516
1,1,evo,348,24,0.0025862399488687515,0.025509342551231384,25.873311841596824,-0.10000000149011612,0.36056745052337646,0.651482343673706,0.03964398056268692,0.08667892217636108,0.0,0.4605674520134926
1,1,evo,348,25,0.0028923272620886564,0.02616995759308338,25.387525688885184,3.5363636016845703,0.38137346506118774,0.6800216436386108,0.010932952165603638,0.09366592764854431,0.0,3.1549901366233826
1,1,evo,348,26,0.0029296251013875008,0.026022516191005707,25.33187951938004,-0.10000000149011612,0.34944403171539307,0.7056829929351807,-0.010215850546956062,0.09376582503318787,0.0,0.4494440332055092
1,1,evo,348,27,0.002822571201249957,0.025344988331198692,25.493550938954872,-0.10000000149011612,0.30560463666915894,0.7285410761833191,-0.023662641644477844,0.0852762758731842,0.0,0.40560463815927505
1,1,evo,348,28,0.0027642527129501104,0.02486436627805233,25.584222555009035,3.5363636016845703,0.4236132502555847,0.7502266764640808,-0.042372092604637146,0.08191770315170288,0.0,3.1127503514289856
1,1,evo,348,29,0.0026690345257520676,0.024225451052188873,25.736458082856938,-0.10000000149011612,0.3750571608543396,0.7710837721824646,-0.03740406036376953,0.07609382271766663,0.0,0.4750571623444557
1,1,evo,348,30,0.0025104451924562454,0.023389628157019615,26.00249255617515,-0.10000000149011612,0.32163530588150024,0.7928274273872375,-0.016625676304101944,0.06894537806510925,0.0,0.42163530737161636
1,1,evo,348,31,0.0022824944462627172,0.022571677342057228,26.41590270512345,3.5363636016845703,0.32074660062789917,0.817310631275177,-0.015442674979567528,0.06782588362693787,0.0,3.215617001056671
1,1,evo,348,32,0.0022233249619603157,0.022184884175658226,26.529970560270797,-0.10000000149011612,0.22938495874404907,0.8430418968200684,-0.030361542478203773,0.06485864520072937,0.0,0.3293849602341652
1,1,evo,348,33,0.002182362601161003,0.021700428798794746,26.610730894029103,-0.10000000149011612,0.23740321397781372,0.867734432220459,-0.03734278306365013,0.062110960483551025,0.0,0.33740321546792984
1,1,evo,348,34,0.002071506343781948,0.021153748035430908,26.837137323800366,3.5363636016845703,0.22579234838485718,0.890355110168457,-0.01686118356883526,0.059049755334854126,0.0,3.310571253299713
1,1,evo,348,35,0.0019660682883113623,0.02056206576526165,27.064014017013665,-0.10000000149011612,0.24157369136810303,0.913154125213623,0.008985336869955063,0.05664917826652527,0.0,0.34157369285821915
1,1,evo,348,36,0.0019098572665825486,0.020301008597016335,27.189990885909516,-0.10000000149011612,0.2740125060081482,0.9381308555603027,-0.005739182699471712,0.057872116565704346,0.0,0.3740125074982643
1,1,evo,348,37,0.002234300598502159,0.020459622144699097,26.50858398145877,3.5363636016845703,0.2950790524482727,0.9626017212867737,-0.011577614583075047,0.057961612939834595,0.0,3.2412845492362976
1,1,evo,348,38,0.002324506873264909,0.020636744797229767,26.3366916532662,-0.10000000149011612,0.40698468685150146,0.9846184849739075,-0.017409393563866615,0.05652502179145813,0.0,0.5069846883416176
1,1,evo,348,39,0.002447129925712943,0.02085471712052822,26.11342971995883,-0.10000000149011612,0.404197633266449,1.0042774677276611,-0.03553178906440735,0.056338727474212646,0.0,0.5041976347565651
1,1,evo,348,40,0.002324016997590661,0.020919816568493843,26.33760699890642,3.5363636016845703,0.3174660801887512,1.0217328071594238,-0.040726106613874435,0.054393500089645386,0.0,3.218897521495819
1,1,evo,348,41,0.0027385938446968794,0.021918082609772682,25.624723723047794,-0.10000000149011612,0.22934788465499878,1.037043571472168,0.0047171697951853275,0.04892247915267944,0.0,0.3293478861451149
1,1,evo,348,42,0.003039554925635457,0.022867197170853615,25.171900043819026,-0.10000000149011612,0.2356054186820984,1.0548946857452393,0.048113808035850525,0.04881221055984497,0.0,0.3356054201722145
1,1,evo,348,43,0.0030597068835049868,0.02302549220621586,25.143201764509982,3.5363636016845703,0.26300960779190063,1.0779292583465576,0.06269773840904236,0.05568414926528931,0.0,3.2733539938926697
1,1,evo,348,44,0.002982173813506961,0.022776884958148003,25.25467047654626,-0.10000000149011612,0.3252454996109009,1.1028051376342773,0.04289962351322174,0.06646847724914551,0.0,0.425245501101017
1,1,evo,348,45,0.0028207588475197554,0.0224504042416811,25.496340409868466,-0.10000000149011612,0.3532583713531494,1.1237139701843262,0.025797037407755852,0.07902222871780396,0.0,0.45325837284326553
1,1,evo,348,46,0.00289774383418262,0.022544553503394127,25.379400095888638,3.5363636016845703,0.4225984811782837,1.1382930278778076,0.015146657824516296,0.090349942445755,0.0,3.1137651205062866
1,1,evo,348,47,0.0028186177369207144,0.02261986769735813,25.49963819482418,-0.10000000149011612,0.377967894077301,1.1489026546478271,-0.009108589962124825,0.09573212265968323,0.0,0.47796789556741714
1,1,evo,348,48,0.0030071865767240524,0.02309027872979641,25.218396258642372,-0.10000000149011612,0.3407301902770996,1.1577775478363037,-0.004637063015252352,0.09978309273719788,0.0,0.44073019176721573
1,1,evo,348,49,0.004051404073834419,0.025714868679642677,23.92394439540424,3.5363636016845703,0.3318261504173279,1.1650469303131104,0.04471013322472572,0.0860200822353363,0.0,3.2045374512672424
1,1,evo,348,50,0.004919587168842554,0.027766287326812744,23.080713398781825,-0.10000000149011612,0.33275145292282104,1.1776847839355469,0.09589526057243347,0.09471935033798218,0.0,0.43275145441293716
1,1,evo,348,51,0.005654249340295792,0.02929846942424774,22.476250439669574,-0.10000000149011612,0.30413252115249634,1.1959753036499023,0.11263744533061981,0.10012882947921753,0.0,0.40413252264261246
1,1,evo,348,52,0.0066996607929468155,0.031077347695827484,21.739471852813665,3.5363636016845703,0.3072720170021057,1.2140004634857178,0.12973658740520477,0.11400812864303589,0.0,3.2290915846824646
1,1,evo,348,53,0.007721288595348597,0.03309780731797218,21.123102148004335,-0.10000000149011612,0.37047868967056274,1.225938320159912,0.04082760214805603,0.1267417073249817,0.0,0.47047869116067886
1,1,evo,348,54,0.008813024498522282,0.03649407625198364,20.54875022620618,-0.10000000149011612,0.32916533946990967,1.2295923233032227,-0.04633050784468651,0.12742191553115845,0.0,0.4291653409600258
1,1,evo,348,55,0.009017017669975758,0.038016680628061295,20.44937079269689,3.5363636016845703,0.32262641191482544,1.2166368961334229,-0.15405739843845367,0.13149571418762207,0.0,3.213737189769745
1,1,evo,348,56,0.009825057350099087,0.040354371070861816,20.076649059134645,-0.10000000149011612,0.31883037090301514,1.187469244003296,-0.23622210323810577,0.12008365988731384,0.0,0.41883037239313126
1,1,evo,348,57,0.010658937506377697,0.04255801811814308,19.722860840631633,-0.10000000149011612,0.3297542929649353,1.1466429233551025,-0.2956220209598541,0.1032721996307373,0.0,0.4297542944550514
1,1,evo,348,58,0.01171337440609932,0.044717948883771896,19.3131797471084,3.5363636016845703,0.391082763671875,1.1111905574798584,-0.2613445818424225,0.08644148707389832,0.0,3.1452808380126953
1,1,evo,348,59,0.012198052369058132,0.045487385243177414,19.13709506447727,-0.10000000149011612,0.5511219501495361,1.104886770248413,-0.2390487641096115,0.07279431819915771,0.0,0.6511219516396523
1,1,evo,348,60,0.012601482681930065,0.04603726044297218,18.99578353081046,-0.10000000149011612,0.6208253502845764,1.1028358936309814,-0.21523262560367584,0.06677520275115967,0.0,0.7208253517746925
1,1,evo,348,61,0.012978206388652325,0.04692159220576286,18.86785323663155,3.5363636016845703,0.5368022322654724,1.0928633213043213,-0.1607595831155777,0.059097230434417725,0.0,2.999561369419098
1,1,evo,348,62,0.013249100185930729,0.04742678999900818,18.778136158822527,-0.10000000149011612,0.6448930501937866,1.0815184116363525,-0.11137206852436066,0.06319934129714966,0.0,0.7448930516839027
1,1,evo,348,63,0.01329039316624403,0.047628164291381836,18.764621712465377,-0.10000000149011612,0.6464584469795227,1.064915657043457,-0.09182105958461761,0.07299259305000305,0.0,0.7464584484696388
1,1,evo,348,64,0.013385497964918613,0.04807879030704498,18.733654676303104,3.5363636016845703,0.7429919838905334,1.042201042175293,-0.11293922364711761,0.08576297760009766,0.0,2.793371617794037
1,1,evo,348,65,0.013867431320250034,0.04903523996472359,18.580039763278208,-0.10000000149011612,0.6192101836204529,1.0170891284942627,-0.090485580265522,0.08862504363059998,0.0,0.719210185110569
1,1,evo,348,66,0.014081624336540699,0.0496147982776165,18.513472457828264,3.5363636016845703,0.6184150576591492,1.006258487701416,-0.06425032019615173,0.08637011051177979,0.0,2.917948544025421
1,1,evo,348,67,0.01421393919736147,0.05043434724211693,18.472855466610653,-0.10000000149011612,0.6552879810333252,0.9991434216499329,-0.09128682315349579,0.0914008617401123,0.0,0.7552879825234413
1,1,evo,348,68,0.014681771397590637,0.05194642022252083,18.332215423908345,-0.10000000149011612,0.6928161382675171,0.9879887700080872,-0.12192215770483017,0.09385901689529419,0.0,0.7928161397576332
1,1,evo,348,69,0.015723418444395065,0.0540163516998291,18.03453027626107,3.5363636016845703,0.7410475611686707,0.9844964146614075,-0.1278088390827179,0.09058135747909546,0.0,2.7953160405158997
1,1,evo,348,70,0.0162123404443264,0.055144187062978745,17.90154285047545,-0.10000000149011612,0.783280074596405,0.9901662468910217,-0.11682508885860443,0.08911603689193726,0.0,0.8832800760865211
1,1,evo,348,71,0.016187569126486778,0.05534204840660095,17.908183639839294,-0.10000000149011612,0.7181002497673035,1.000774621963501,-0.08717918395996094,0.08537861704826355,0.0,0.8181002512574196
1,1,evo,348,72,0.01638701744377613,0.056138306856155396,17.855000839878016,3.5363636016845703,0.8220464587211609,1.0170059204101562,-0.09363281726837158,0.09242022037506104,0.0,2.7143171429634094
1,1,evo,348,73,0.016577592119574547,0.05673477426171303,17.80478550089955,-0.10000000149011612,0.6873137950897217,1.0290400981903076,-0.06657833606004715,0.09160646796226501,0.0,0.7873137965798378
1,1,evo,348,74,0.0169768575578928,0.057527828961610794,17.70142695220881,-0.10000000149011612,0.6593636274337769,1.0554327964782715,-0.03480244055390358,0.09296241402626038,0.0,0.759363628923893
1,1,evo,348,75,0.016913149505853653,0.057474534958601,17.71775512115419,3.5363636016845703,0.6201372146606445,1.0825366973876953,-0.051608845591545105,0.09178787469863892,0.0,2.916226387023926
1,1,evo,348,76,0.017287300899624825,0.05820663645863533,17.62272808686955,-0.10000000149011612,0.6448731422424316,1.1048734188079834,-0.07949143648147583,0.09242352843284607,0.0,0.7448731437325478
1,1,evo,348,77,0.017801424488425255,0.058940012007951736,17.495452436062994,3.5363636016845703,0.6976531744003296,1.1322591304779053,-0.07903046160936356,0.0894126296043396,0.0,2.8387104272842407
1,1,evo,348,78,0.01809348724782467,0.059258833527565,17.424777213364237,-0.10000000149011612,0.6413309574127197,1.163336992263794,-0.07997189462184906,0.08967024087905884,0.0,0.7413309589028358
1,1,evo,348,79,0.018260089680552483,0.05923394486308098,17.384970938513675,3.5363636016845703,0.5954508185386658,1.186901330947876,-0.09926006197929382,0.08761975169181824,0.0,2.9409127831459045
1,1,evo,348,80,0.018034907057881355,0.05867736414074898,17.438860914578036,-0.10000000149011612,0.5800091624259949,1.2041656970977783,,,,0.680009163916111
2,2,evo,295,0,0.001914207823574543,0.020558873191475868,27.180109130942217,,,,0.008501581847667694,0.08469557762145996,0.0,
2,2,evo,295,1,0.0019109700806438923,0.02054770477116108,27.18746112480821,-0.10000000149011612,0.0007702969014644623,0.0007702969014644623,0.011352520436048508,0.08497869968414307,0.0,0.10077029839158058
2,2,evo,295,2,0.0019457247108221054,0.02070854976773262,27.109186055004354,-0.10000000149011612,0.00029760226607322693,0.001782383769750595,0.010317235253751278,0.08642473816871643,0.0,0.10029760375618935
2,2,evo,295,3,0.0021035666577517986,0.020900672301650047,26.770437215195265,2.8850746154785156,0.008169766515493393,0.004197653383016586,0.00898774340748787,0.08520415425300598,0.0,2.8769048489630222
2,2,evo,295,4,0.002087940229102969,0.02102705091238022,26.80281937921837,-0.10000000149011612,0.037311848253011703,0.006221707910299301,0.0026403269730508327,0.08663931488990784,0.0,0.13731184974312782
2,2,evo,295,5,0.0021165211219340563,0.021170979365706444,26.743773931036795,-0.10000000149011612,0.04006081447005272,0.008204545825719833,-0.007793361786752939,0.08611252903938293,0.0,0.14006081596016884
2,2,evo,295,6,0.002173521788790822,0.021235128864645958,26.62836001802019,-0.10000000149011612,0.044726159423589706,0.00935560092329979,-0.01697271317243576,0.0850488543510437,0.0,0.14472616091370583
2,2,evo,295,7,0.002188309794291854,0.0214266087859869,26.598911958543194,2.8850746154785156,0.047861989587545395,0.010619696229696274,-0.01763901486992836,0.08340483903884888,0.0,2.8372126258909702
2,2,evo,295,8,0.0022086845710873604,0.021584903821349144,26.558663026064444,-0.10000000149011612,0.06445181369781494,0.012058760970830917,-0.032206032425165176,0.08189091086387634,0.0,0.16445181518793106
2,2,evo,295,9,0.00225888192653656,0.02159862406551838,26.461064693867616,-0.10000000149011612,0.04048329219222069,0.012586679309606552,-0.03354131430387497,0.0803627073764801,0.0,0.1404832936823368
2,2,evo,295,10,0.0021236811298877,0.02117193676531315,26.72910691887332,2.8850746154785156,0.03398766741156578,0.013825472444295883,0.006966120563447475,0.07622453570365906,0.0,2.85108694806695
2,2,evo,295,11,0.0021066179033368826,0.021194277331233025,26.764142292332345,-0.10000000149011612,0.13354700803756714,0.018454190343618393,0.025621457025408745,0.07578533887863159,0.0,0.23354700952768326
2,2,evo,295,12,0.0020998010877519846,0.02122395671904087,26.778218436390446,-0.10000000149011612,0.16700142621994019,0.02195274457335472,0.01531002577394247,0.07978934049606323,0.0,0.2670014277100563
2,2,evo,295,13,0.002096105134114623,0.02130023203790188,26.785869382814596,-0.10000000149011612,0.14039885997772217,0.02395036444067955,0.013698644936084747,0.08120623230934143,0.0,0.2403988614678383
2,2,evo,295,14,0.0020378143526613712,0.021248532459139824,26.908353832771784,2.8850746154785156,0.1394946277141571,0.02662646397948265,-0.005819310899823904,0.08219996094703674,0.0,2.7455799877643585
2,2,evo,295,15,0.0020396814215928316,0.021269595250487328,26.904376598528863,-0.10000000149011612,0.04610883817076683,0.027804728597402573,-0.004604206420481205,0.08058887720108032,0.0,0.14610883966088295
2,2,evo,295,16,0.0020086788572371006,0.021337250247597694,26.970894916630716,-0.10000000149011612,0.0683971643447876,0.030363377183675766,0.0012400889536365867,0.07681697607040405,0.0,0.16839716583490372
2,2,evo,295,17,0.002080940641462803,0.021419906988739967,26.817403078003036,2.8850746154785156,0.06854668259620667,0.033478137105703354,-0.014375227503478527,0.07526719570159912,0.0,2.816527932882309
2,2,evo,295,18,0.0021736130584031343,0.021684154868125916,26.62817765473774,-0.10000000149011612,0.05917125567793846,0.035305555909872055,-0.016960198059678078,0.07293093204498291,0.0,0.15917125716805458
2,2,evo,295,19,0.00215832213871181,0.021745428442955017,26.65883734526201,-0.10000000149011612,0.03903472051024437,0.038237836211919785,-0.004984734114259481,0.06963080167770386,0.0,0.1390347220003605
2,2,evo,295,20,0.0022094689775258303,0.021659262478351593,26.55712091854089,-0.10000000149011612,0.045247968286275864,0.042508985847234726,0.013093683868646622,0.0660930871963501,0.0,0.14524796977639198
2,2,evo,295,21,0.002258620224893093,0.022020205855369568,26.461567872730537,2.8850746154785156,0.1393032968044281,0.048027243465185165,-0.004426582716405392,0.0688437819480896,0.0,2.7457713186740875
2,2,evo,295,22,0.0021422214340418577,0.021930210292339325,26.69135639660999,-0.10000000149011612,0.06235244497656822,0.051150497049093246,6.560236215591431e-06,0.06611749529838562,0.0,0.16235244646668434
2,2,evo,295,23,0.0021468454506248236,0.02194010280072689,26.68199218887791,-0.10000000149011612,0.10681632161140442,0.05646881088614464,0.009042429737746716,0.06362596154212952,0.0,0.20681632310152054
2,2,evo,295,24,0.002013587160035968,0.02169787883758545,26.960295667998338,2.8850746154785156,0.12365654110908508,0.06237005814909935,-0.0017744265496730804,0.06516247987747192,0.0,2.7614180743694305
2,2,evo,295,25,0.0020762134809046984,0.021868934854865074,26.82727993399577,-0.10000000149011612,0.10920023918151855,0.06704455614089966,-0.0012704499531537294,0.06389117240905762,0.0,0.20920024067163467
2,2,evo,295,26,0.002085131825879216,0.021734895184636116,26.808664829242225,-0.10000000149011612,0.1330699324607849,0.07305294275283813,0.0007947569829411805,0.06224679946899414,0.0,0.23306993395090103
2,2,evo,295,27,0.0023843254894018173,0.02237062156200409,26.22634458410774,2.8850746154785156,0.14128106832504272,0.07953661680221558,-0.007689605932682753,0.06093546748161316,0.0,2.743793547153473
2,2,evo,295,28,0.0024656106252223253,0.022441789507865906,26.08075507087092,-0.10000000149011612,0.17814233899116516,0.0854901373386383,-0.013630745001137257,0.06115490198135376,0.0,0.2781423404812813
2,2,evo,295,29,0.002505234209820628,0.02251519076526165,26.01151666492171,-0.10000000149011612,0.17669862508773804,0.09184736013412476,-0.011762629263103008,0.059629976749420166,0.0,0.27669862657785416
2,2,evo,295,30,0.0025458442978560925,0.022633589804172516,25.941681610318103,-0.10000000149011612,0.21258679032325745,0.0992073118686676,-0.019145295023918152,0.059853196144104004,0.0,0.31258679181337357
2,2,evo,295,31,0.0026739442255347967,0.022798582911491394,25.728476557109417,2.8850746154785156,0.21830064058303833,0.10599547624588013,-0.038679078221321106,0.06196877360343933,0.0,2.6667739748954773
2,2,evo,295,32,0.002967027947306633,0.023530686274170876,25.276783629167635,-0.10000000149011612,0.13440555334091187,0.11148184537887573,-0.03434188291430473,0.062389373779296875,0.0,0.23440555483102798
2,2,evo,295,33,0.003620212199166417,0.025046594440937042,24.412659724983005,-0.10000000149011612,0.13620781898498535,0.11933988332748413,-0.04147519916296005,0.06711453199386597,0.0,0.23620782047510147
2,2,evo,295,34,0.0037876442074775696,0.025632211938500404,24.216308232237612,2.8850746154785156,0.16523608565330505,0.125901997089386,-0.02173839882016182,0.06804221868515015,0.0,2.7198385298252106
2,2,evo,295,35,0.004563839640468359,0.027523105964064598,23.406696237812604,-0.10000000149011612,0.1971535086631775,0.13662070035934448,-0.018440764397382736,0.07986950874328613,0.0,0.2971535101532936
2,2,evo,295,36,0.005121345166116953,0.02902752161026001,22.906159527951203,-0.10000000149011612,0.21720045804977417,0.14567142724990845,-0.03114640899002552,0.09076401591300964,0.0,0.3172004595398903
2,2,evo,295,37,0.005896821618080139,0.030730759724974632,22.29382009657366,2.8850746154785156,0.14616551995277405,0.1534755825996399,-0.026322579011321068,0.09424102306365967,0.0,2.7389090955257416
2,2,evo,295,38,0.006791519001126289,0.032795265316963196,21.680330799127812,-0.10000000149011612,0.21585649251937866,0.16344350576400757,-0.007060641422867775,0.09441053867340088,0.0,0.3158564940094948
2,2,evo,295,39,0.007494060788303614,0.03442446514964104,21.252827884349415,-0.10000000149011612,0.22824597358703613,0.17557913064956665,0.02081270143389702,0.09596264362335205,0.0,0.32824597507715225
2,2,evo,295,40,0.00818704441189766,0.03604568541049957,20.868728537059866,-0.10000000149011612,0.20216584205627441,0.19004234671592712,0.027226535603404045,0.09972453117370605,0.0,0.30216584354639053
2,2,evo,295,41,0.008878943510353565,0.03762669861316681,20.51638707072761,2.8850746154785156,0.1149301826953888,0.20352905988693237,0.042237699031829834,0.09979259967803955,0.0,2.770144432783127
2,2,evo,295,42,0.0094372583553195,0.03890548273921013,20.25154155499962,-0.10000000149011612,0.03172778710722923,0.21931463479995728,0.08340779691934586,0.0992022454738617,0.0,0.13172778859734535
2,2,evo,295,43,0.010083596222102642,0.040293097496032715,19.963845531209024,-0.10000000149011612,0.0359499417245388,0.23915129899978638,0.09626691788434982,0.10802975296974182,0.0,0.13594994321465492
2,2,evo,295,44,0.010457050055265427,0.04112062230706215,19.805908131178157,2.8850746154785156,0.022114839404821396,0.25745266675949097,0.10359013080596924,0.12400093674659729,0.0,2.8629597760736942
2,2,evo,295,45,0.010639729909598827,0.041552092880010605,19.73069396501464,-0.10000000149011612,-0.01539570465683937,0.27618497610092163,0.10232531279325485,0.12863731384277344,0.0,0.08460429683327675
2,2,evo,295,46,0.010807790793478489,0.041719961911439896,19.662630705475753,-0.10000000149011612,-0.02920505777001381,0.2945707440376282,0.07279647141695023,0.1390601098537445,0.0,0.07079494372010231
2,2,evo,295,47,0.010706291534006596,0.041501354426145554,19.703609348843536,2.8850746154785156,-0.04587261751294136,0.3095162510871887,0.06423598527908325,0.13850471377372742,0.0,2.930947232991457
2,2,evo,295,48,0.010907121933996677,0.04216994717717171,19.622898317286868,-0.10000000149011612,-0.031629983335733414,0.32499223947525024,0.04886559396982193,0.13724899291992188,0.0,0.0683700181543827
2,2,evo,295,49,0.01117334421724081,0.042996834963560104,19.518168217167943,-0.10000000149011612,-0.021384600549936295,0.3390423059463501,0.05052550509572029,0.13220414519309998,0.0,0.07861540094017982
2,2,evo,295,50,0.011537431739270687,0.04429636523127556,19.378908554434545,2.8850746154785156,-0.022093091160058975,0.3547007441520691,0.050765592604875565,0.13043677806854248,0.0,2.9071677066385746
2,2,evo,295,51,0.011829636059701443,0.04517750442028046,19.270286162930084,-0.10000000149011612,-0.03976874426007271,0.3706825375556946,0.04774964228272438,0.12774541974067688,0.0,0.06023125723004341
2,2,evo,295,52,0.012030591256916523,0.04593673348426819,19.19713028245669,-0.10000000149011612,-0.042402658611536026,0.3868948221206665,0.057662367820739746,0.12329313158988953,0.0,0.05759734287858009
2,2,evo,295,53,0.012322875671088696,0.04693116620182991,19.092879332143088,-0.10000000149011612,-0.04348576441407204,0.4046327471733093,0.07113147526979446,0.1221485435962677,0.0,0.05651423707604408
2,2,evo,295,54,0.012467575259506702,0.0473562590777874,19.042180015182762,2.8850746154785156,-0.0436251200735569,0.4231283664703369,0.08930986374616623,0.124127596616745,0.0,2.9286997355520725
2,2,evo,295,55,0.01300686877220869,0.04856643080711365,18.85827241380302,-0.10000000149011612,-0.04009829834103584,0.4429525136947632,0.1479758769273758,0.12897148728370667,0.0,0.059901703149080276
2,2,evo,295,56,0.0139577342197299,0.05035807192325592,18.5518507567651,-0.10000000149011612,-0.013428155332803726,0.4681265950202942,0.2203405797481537,0.14556699991226196,0.0,0.0865718461573124
2,2,evo,295,57,0.015365846455097198,0.05270692706108093,18.134435108613967,2.8850746154785156,0.03900771960616112,0.49650222063064575,0.27879852056503296,0.15298348665237427,0.0,2.8460668958723545
2,2,evo,295,58,0.017215119674801826,0.05616159737110138,17.64089953852401,-0.10000000149011612,0.08863753080368042,0.525671124458313,0.3045710027217865,0.1458345651626587,0.0,0.18863753229379654
2,2,evo,295,59,0.01881624199450016,0.05918001011013985,17.254671101341295,-0.10000000149011612,0.06398347020149231,0.552621603012085,0.28823530673980713,0.1435273289680481,0.0,0.16398347169160843
2,2,evo,295,60,0.019973374903202057,0.061696406453847885,16.99548546145785,2.8850746154785156,0.050720807164907455,0.5746912360191345,0.26750460267066956,0.13305047154426575,0.0,2.834353808313608
2,2,evo,295,61,0.02104330249130726,0.06383240222930908,16.768861019136875,-0.10000000149011612,0.05258732661604881,0.5943407416343689,0.18156518042087555,0.11844077706336975,0.0,0.15258732810616493
2,2,evo,295,62,0.021613674238324165,0.06494077295064926,16.652713985128596,-0.10000000149011612,0.09441721439361572,0.6080657243728638,0.13616466522216797,0.10419464111328125,0.0,0.19441721588373184
2,2,evo,295,63,0.02172660082578659,0.06540320068597794,16.63008214686313,2.8850746154785156,0.1504911184310913,0.6216470003128052,0.08486468344926834,0.09253519773483276,0.0,2.7345834970474243
2,2,evo,295,64,0.021347776055336,0.064900241792202,16.70647361725765,-0.10000000149011612,0.09529688954353333,0.6324412226676941,0.04427346587181091,0.08129176497459412,0.0,0.19529689103364944
2,2,evo,295,65,0.021612225100398064,0.06556946784257889,16.653005177499228,2.8850746154785156,0.16244974732398987,0.6437949538230896,-0.009064403362572193,0.07284080982208252,0.0,2.7226248681545258
2,2,evo,295,66,0.02168922871351242,0.06604019552469254,16.63755891573694,-0.10000000149011612,0.22909069061279297,0.6527398228645325,-0.0439450740814209,0.06666240096092224,0.0,0.3290906921029091
2,2,evo,295,67,0.022066831588745117,0.06699027866125107,16.562600194575626,2.8850746154785156,0.3465965986251831,0.6608513593673706,-0.08369166404008865,0.06362470984458923,0.0,2.5384780168533325
2,2,evo,295,68,0.02271932177245617,0.06865936517715454,16.436046375242338,-0.10000000149011612,0.39474213123321533,0.6655263304710388,-0.11412933468818665,0.062043696641922,0.0,0.49474213272333145
2,2,evo,295,69,0.0233610812574625,0.07009803503751755,16.315070599636595,2.8850746154785156,0.4231566786766052,0.6688560247421265,-0.1353299617767334,0.0606575608253479,0.0,2.4619179368019104
2,2,evo,295,70,0.023831188678741455,0.07101491838693619,16.228542948863076,-0.10000000149011612,0.5217056274414062,0.6716083288192749,-0.14243075251579285,0.06472143530845642,0.0,0.6217056289315224
2,2,evo,295,71,0.024198360741138458,0.07129544019699097,16.162140532423418,2.8850746154785156,0.4953734874725342,0.6754951477050781,-0.17411378026008606,0.07624095678329468,0.0,2.3897011280059814
2,2,evo,295,72,0.024282535538077354,0.07110651582479477,16.14705966991238,-0.10000000149011612,0.39975619316101074,0.6739203333854675,-0.22705808281898499,0.08476713299751282,0.0,0.49975619465112686
2,2,evo,295,73,0.02443770132958889,0.07088758796453476,16.11939647317579,-0.10000000149011612,0.33748751878738403,0.6689382791519165,-0.2541919946670532,0.10070264339447021,0.0,0.43748752027750015
2,2,evo,295,74,0.024166084825992584,0.07026207447052002,16.167937044205054,2.8850746154785156,0.24555808305740356,0.6710053086280823,-0.30649107694625854,0.11685308814048767,0.0,2.639516532421112
2,2,evo,295,75,0.024331366643309593,0.07025984674692154,16.138334969475533,-0.10000000149011612,0.13331493735313416,0.6694892048835754,-0.3433767259120941,0.11601459980010986,0.0,0.23331493884325027
2,2,evo,295,76,0.025103360414505005,0.07162129133939743,16.002681386069494,-0.10000000149011612,0.11929363012313843,0.6778285503387451,-0.3952125012874603,0.11489367485046387,0.0,0.21929363161325455
2,2,evo,295,77,0.027072548866271973,0.07574518769979477,15.674708537069368,-0.10000000149011612,0.15640661120414734,0.687909722328186,-0.40108251571655273,0.09862023591995239,0.0,0.25640661269426346
2,2,evo,295,78,0.028452450409531593,0.07891422510147095,15.458803249275865,-0.10000000149011612,0.22140532732009888,0.7082576155662537,-0.30526426434516907,0.08661878108978271,0.0,0.321405328810215
2,2,evo,295,79,0.02955332212150097,0.08164956420660019,15.293936925173838,-0.10000000149011612,0.1227957010269165,0.7319106459617615,-0.13235728442668915,0.08518660068511963,0.0,0.22279570251703262
2,2,evo,295,80,0.02998407743871212,0.08295675367116928,15.231093091553785,2.8850746154785156,-0.017117951065301895,0.7488328814506531,,,,2.9021925665438175
3,3,evo,193,0,0.0019648305606096983,0.020840033888816833,27.066748955506643,,,,0.017664792016148567,0.06908389925956726,0.0,
3,3,evo,193,1,0.0020143731962889433,0.020898757502436638,26.958600660195987,-0.10000000149011612,0.07872629165649414,0.07872629165649414,0.01650172472000122,0.06772017478942871,0.0,0.17872629314661026
3,3,evo,193,2,0.002000303938984871,0.020984286442399025,26.989040098384844,-0.10000000149011612,0.08540400862693787,0.08028116822242737,0.013651133514940739,0.06904786825180054,0.0,0.18540401011705399
3,3,evo,193,3,0.0019477297319099307,0.021112577989697456,27.10471306227091,3.5900368690490723,0.07467976212501526,0.07703706622123718,-0.00011204183101654053,0.0692758858203888,0.0,3.515357106924057
3,3,evo,193,4,0.001968621276319027,0.02124948799610138,27.058378254692524,-0.10000000149011612,0.03882327303290367,0.07592719793319702,-0.010022111237049103,0.06812039017677307,0.0,0.1388232745230198
3,3,evo,193,5,0.001962000736966729,0.021237360313534737,27.073008338263435,-0.10000000149011612,0.02079540118575096,0.07555246353149414,-0.014502424746751785,0.06612971425056458,0.0,0.12079540267586708
3,3,evo,193,6,0.0019744334276765585,0.021304378286004066,27.045575048649546,-0.10000000149011612,0.017169054597616196,0.07712355256080627,-0.013261503539979458,0.06373456120491028,0.0,0.11716905608773232
3,3,evo,193,7,0.0021496552508324385,0.021638518199324608,26.676311841152295,3.5900368690490723,0.024037059396505356,0.07963860034942627,-0.004894919693470001,0.06103888154029846,0.0,3.565999809652567
3,3,evo,193,8,0.002167763654142618,0.021564161404967308,26.639880695953533,-0.10000000149011612,0.04691454395651817,0.08444756269454956,0.003924975637346506,0.05961272120475769,0.0,0.1469145454466343
3,3,evo,193,9,0.0021735066547989845,0.021598944440484047,26.62839025756994,-0.10000000149011612,0.06241482123732567,0.090279221534729,0.012012752704322338,0.05913740396499634,0.0,0.1624148227274418
3,3,evo,193,10,0.0020882105454802513,0.02154979668557644,26.802257153774306,-0.10000000149011612,0.07776585221290588,0.0976020097732544,0.022510670125484467,0.05963009595870972,0.0,0.177765853703022
3,3,evo,193,11,0.00216443813405931,0.021765535697340965,26.64654823073573,3.5900368690490723,0.09819960594177246,0.10634779930114746,0.02117958478629589,0.061147540807724,0.0,3.4918372631073
3,3,evo,193,12,0.002194509608671069,0.021898934617638588,26.58662513254329,-0.10000000149011612,0.07123476266860962,0.11502081155776978,0.01540059968829155,0.06290355324745178,0.0,0.17123476415872574
3,3,evo,193,13,0.0020571777131408453,0.021728515625,26.86728189344327,-0.10000000149011612,0.06821268796920776,0.12370708584785461,0.02321924827992916,0.062266379594802856,0.0,0.16821268945932388
3,3,evo,193,14,0.002086733700707555,0.021967226639389992,26.805329700492734,-0.10000000149011612,0.14390328526496887,0.13480716943740845,0.011880673468112946,0.06271842122077942,0.0,0.243903286755085
3,3,evo,193,15,0.00228055939078331,0.022634869441390038,26.419586132921022,3.5900368690490723,0.16654682159423828,0.14413508772850037,-0.003979587461799383,0.06419584155082703,0.0,3.423490047454834
3,3,evo,193,16,0.0022915101144462824,0.02277209609746933,26.39878221492067,-0.10000000149011612,0.14533263444900513,0.15275245904922485,-0.006894937250763178,0.06323561072349548,0.0,0.24533263593912125
3,3,evo,193,17,0.002225002972409129,0.022635186091065407,26.52669404503265,-0.10000000149011612,0.1334097683429718,0.16230717301368713,-0.009688123129308224,0.06041809916496277,0.0,0.23340976983308792
3,3,evo,193,18,0.00221801595762372,0.022706354036927223,26.540353336228392,-0.10000000149011612,0.15079808235168457,0.1722005009651184,-0.010862133465707302,0.05850765109062195,0.0,0.2507980838418007
3,3,evo,193,19,0.002151860622689128,0.022452957928180695,26.67185861610332,3.5900368690490723,0.17213106155395508,0.18289703130722046,-0.011225566267967224,0.05732443928718567,0.0,3.417905807495117
3,3,evo,193,20,0.0021082560997456312,0.022266263142228127,26.760766344695956,-0.10000000149011612,0.16322997212409973,0.19424718618392944,-0.002073705894872546,0.056302428245544434,0.0,0.26322997361421585
3,3,evo,193,21,0.0021491923835128546,0.022193819284439087,26.677247071896083,-0.10000000149011612,0.1696763038635254,0.2074979543685913,0.009863079525530338,0.05469435453414917,0.0,0.2696763053536415
3,3,evo,193,22,0.002139431657269597,0.022104138508439064,26.69701582208679,-0.10000000149011612,0.18409740924835205,0.22231286764144897,0.009141958318650723,0.05510798096656799,0.0,0.28409741073846817
3,3,evo,193,23,0.002167160389944911,0.02219158411026001,26.641089456758664,3.5900368690490723,0.1742437183856964,0.23659175634384155,0.010691157542169094,0.05620253086090088,0.0,3.415793150663376
3,3,evo,193,24,0.0020972241181880236,0.02195829339325428,26.78355156520138,-0.10000000149011612,0.1806274950504303,0.25152361392974854,0.012516601011157036,0.05661064386367798,0.0,0.2806274965405464
3,3,evo,193,25,0.0021707599516958,0.022230518981814384,26.63388199308317,-0.10000000149011612,0.1846514344215393,0.26662856340408325,-0.004612301476299763,0.05717802047729492,0.0,0.2846514359116554
3,3,evo,193,26,0.0021957240533083677,0.022181054577231407,26.584222405678993,-0.10000000149011612,0.1660321056842804,0.27931636571884155,0.0015653694281354547,0.057027578353881836,0.0,0.2660321071743965
3,3,evo,193,27,0.0019712960347533226,0.021639155223965645,27.05248151668924,3.5900368690490723,0.25598448514938354,0.2942545413970947,-0.008121602237224579,0.05782356858253479,0.0,3.3340523838996887
3,3,evo,193,28,0.0019780253060162067,0.021679049357771873,27.03768156524029,-0.10000000149011612,0.23919755220413208,0.30716896057128906,-0.020882701501250267,0.05786159634590149,0.0,0.3391975536942482
3,3,evo,193,29,0.0020287770312279463,0.021461397409439087,26.92765680629703,-0.10000000149011612,0.24681562185287476,0.31958144903182983,-0.02263214811682701,0.056098222732543945,0.0,0.3468156233429909
3,3,evo,193,30,0.0020836989860981703,0.021359272301197052,26.811650195945404,3.5900368690490723,0.3030007481575012,0.3326309323310852,-0.027423040941357613,0.05492568016052246,0.0,3.287036120891571
3,3,evo,193,31,0.0020314750727266073,0.020986519753932953,26.92188502327824,-0.10000000149011612,0.3462095856666565,0.3451913595199585,-0.03234511613845825,0.05438506603240967,0.0,0.4462095871567726
3,3,evo,193,32,0.002115110866725445,0.02113172598183155,26.746668634921686,-0.10000000149011612,0.3449522852897644,0.3577396273612976,-0.032789792865514755,0.05231228470802307,0.0,0.4449522867798805
3,3,evo,193,33,0.002166968770325184,0.021348102018237114,26.641473475510523,-0.10000000149011612,0.364199161529541,0.37084561586380005,-0.035767413675785065,0.051733165979385376,0.0,0.46419916301965714
3,3,evo,193,34,0.002169135259464383,0.02163819968700409,26.637133661013046,3.5900368690490723,0.3588283658027649,0.38359540700912476,-0.03494293987751007,0.05113035440444946,0.0,3.2312085032463074
3,3,evo,193,35,0.0023207832127809525,0.022338705137372017,26.34365425632041,-0.10000000149011612,0.3378480076789856,0.39694398641586304,-0.021491639316082,0.05125540494918823,0.0,0.4378480091691017
3,3,evo,193,36,0.0024988374207168818,0.022955283522605896,26.02261999008566,-0.10000000149011612,0.30975526571273804,0.4124007225036621,-0.008028062991797924,0.05247977375984192,0.0,0.40975526720285416
3,3,evo,193,37,0.002653862116858363,0.023462392389774323,25.7612164493923,-0.10000000149011612,0.32833272218704224,0.4288862943649292,-0.0008363386732526124,0.054708331823349,0.0,0.42833272367715836
3,3,evo,193,38,0.0028460007160902023,0.02408471144735813,25.45764994977671,3.5900368690490723,0.32260507345199585,0.44570714235305786,0.0014520128024742007,0.05842423439025879,0.0,3.2674317955970764
3,3,evo,193,39,0.0030391530599445105,0.024637460708618164,25.172474271278915,-0.10000000149011612,0.26844996213912964,0.4625319838523865,0.007175527513027191,0.06012439727783203,0.0,0.36844996362924576
3,3,evo,193,40,0.003235847456380725,0.025181269273161888,24.90011959993517,-0.10000000149011612,0.2426849603652954,0.4802281856536865,0.014669565483927727,0.06043517589569092,0.0,0.34268496185541153
3,3,evo,193,41,0.0033933587837964296,0.025767207145690918,24.69370219463254,-0.10000000149011612,0.24694275856018066,0.49864089488983154,0.015656473115086555,0.06382614374160767,0.0,0.3469427600502968
3,3,evo,193,42,0.003435547696426511,0.02599124051630497,24.640040176801826,3.5900368690490723,0.21829694509506226,0.5167166590690613,0.018963715061545372,0.06584760546684265,0.0,3.37173992395401
3,3,evo,193,43,0.003559260396286845,0.026348674669861794,24.48640237752381,-0.10000000149011612,0.1921326220035553,0.5356030464172363,0.02170710079371929,0.06747761368751526,0.0,0.2921326234936714
3,3,evo,193,44,0.00348457763902843,0.026442503556609154,24.578498546263642,-0.10000000149011612,0.19052013754844666,0.5546837449073792,0.02096668630838394,0.06925466656684875,0.0,0.2905201390385628
3,3,evo,193,45,0.0036288502160459757,0.026800578460097313,24.402309573125866,-0.10000000149011612,0.19549673795700073,0.5736876726150513,0.022644301876425743,0.07128199934959412,0.0,0.29549673944711685
3,3,evo,193,46,0.0035415105521678925,0.026771536096930504,24.50811459854167,3.5900368690490723,0.17970210313796997,0.5932459831237793,0.02805999666452408,0.07195150852203369,0.0,3.4103347659111023
3,3,evo,193,47,0.003580211428925395,0.026978015899658203,24.46091325394036,-0.10000000149011612,0.18909436464309692,0.6135931015014648,0.036775387823581696,0.07473057508468628,0.0,0.28909436613321304
3,3,evo,193,48,0.0033601459581404924,0.026483990252017975,24.73641857301155,-0.10000000149011612,0.18499541282653809,0.6348721981048584,0.06103941425681114,0.07747963070869446,0.0,0.2849954143166542
3,3,evo,193,49,0.003344769822433591,0.026574626564979553,24.75633763781515,-0.10000000149011612,0.18666258454322815,0.659138560295105,0.06886820495128632,0.08257675170898438,0.0,0.28666258603334427
3,3,evo,193,50,0.0031262978445738554,0.02604006975889206,25.049696488078894,3.5900368690490723,0.17277377843856812,0.6820133328437805,0.06579183787107468,0.09158623218536377,0.0,3.417263090610504
3,3,evo,193,51,0.002903403015807271,0.025414878502488136,25.370926763994536,-0.10000000149011612,0.11317336559295654,0.7045043706893921,0.07562748342752457,0.10272151231765747,0.0,0.21317336708307266
3,3,evo,193,52,0.0026924319099634886,0.024773411452770233,25.698552709458745,-0.10000000149011612,0.08265244960784912,0.7283021807670593,0.06702554225921631,0.11552441120147705,0.0,0.18265245109796524
3,3,evo,193,53,0.002365194959565997,0.023635685443878174,26.26133055190861,3.5900368690490723,0.06648549437522888,0.7490841746330261,0.053047508001327515,0.1226157546043396,0.0,3.5235513746738434
3,3,evo,193,54,0.002149855485185981,0.022793160751461983,26.6759073268704,-0.10000000149011612,0.051415737718343735,0.770024836063385,0.05339115858078003,0.1239858865737915,0.0,0.15141573920845985
3,3,evo,193,55,0.0023156923707574606,0.022886348888278008,26.353191351675306,-0.10000000149011612,0.08170032501220703,0.7921523451805115,0.034087225794792175,0.12104478478431702,0.0,0.18170032650232315
3,3,evo,193,56,0.0022871149703860283,0.022661035880446434,26.407120034084556,-0.10000000149011612,0.11744117736816406,0.8111085295677185,0.031528450548648834,0.11711207032203674,0.0,0.21744117885828018
3,3,evo,193,57,0.0023538123350590467,0.022964537143707275,26.282281655780597,3.5900368690490723,0.18293631076812744,0.83305424451828,0.05108914524316788,0.10978218913078308,0.0,3.407100558280945
3,3,evo,193,58,0.0025220594834536314,0.023425372317433357,25.982446746895704,-0.10000000149011612,0.30559486150741577,0.856907844543457,0.04601237177848816,0.11063879728317261,0.0,0.4055948629975319
3,3,evo,193,59,0.002785158110782504,0.024090135470032692,25.55150145304879,-0.10000000149011612,0.34415197372436523,0.8767077922821045,0.040024127811193466,0.112362802028656,0.0,0.44415197521448135
3,3,evo,193,60,0.0030321080703288317,0.024713093414902687,25.182553236497984,-0.10000000149011612,0.3482341170310974,0.8977780342102051,0.03403482586145401,0.1144028902053833,0.0,0.44823411852121353
3,3,evo,193,61,0.0033743195235729218,0.025583064183592796,24.71813795263722,3.5900368690490723,0.3554878830909729,0.9173998832702637,-0.000687539461068809,0.11592632532119751,0.0,3.2345489859580994
3,3,evo,193,62,0.0035808105021715164,0.02623538114130497,24.460186614060866,-0.10000000149011612,0.3495910167694092,0.9320685863494873,-0.028587665408849716,0.11515837907791138,0.0,0.4495910182595253
3,3,evo,193,63,0.0036701809149235487,0.026594409719109535,24.353125274600448,-0.10000000149011612,0.33777564764022827,0.9478996396064758,-0.0625530332326889,0.10908246040344238,0.0,0.4377756491303444
3,3,evo,193,64,0.003674772335216403,0.026706432923674583,24.347695617830393,3.5900368690490723,0.29564380645751953,0.9599025845527649,-0.09718771278858185,0.10393500328063965,0.0,3.2943930625915527
3,3,evo,193,65,0.003550368594005704,0.026404524222016335,24.49726556794792,-0.10000000149011612,0.26455265283584595,0.9704905152320862,-0.0887458398938179,0.09530460834503174,0.0,0.36455265432596207
3,3,evo,193,66,0.003121478483080864,0.02537977136671543,25.05639654393257,-0.10000000149011612,0.2922478914260864,0.9879143834114075,-0.06015581637620926,0.0853506326675415,0.0,0.39224789291620255
3,3,evo,193,67,0.002617043675854802,0.02402375638484955,25.821890293568895,-0.10000000149011612,0.33213621377944946,1.0054867267608643,-0.054136794060468674,0.0817214846611023,0.0,0.4321362152695656
3,3,evo,193,68,0.0023531652987003326,0.023073362186551094,26.283475646250977,3.5900368690490723,0.38173574209213257,1.0166213512420654,-0.0551271066069603,0.07973656058311462,0.0,3.2083011269569397
3,3,evo,193,69,0.002222543815150857,0.022313812747597694,26.53149668607164,-0.10000000149011612,0.4699918031692505,1.0304288864135742,-0.05657340958714485,0.07865053415298462,0.0,0.5699918046593666
3,3,evo,193,70,0.0023219760041683912,0.02234732173383236,26.341422726728556,-0.10000000149011612,0.5109308958053589,1.0465848445892334,-0.06712186336517334,0.07695743441581726,0.0,0.610930897295475
3,3,evo,193,71,0.0025336698163300753,0.023037618026137352,25.962499823054124,-0.10000000149011612,0.49701178073883057,1.0626246929168701,-0.0658947303891182,0.07512521743774414,0.0,0.5970117822289467
3,3,evo,193,72,0.0027623481582850218,0.023659301921725273,25.587215851009763,3.5900368690490723,0.48619544506073,1.0837981700897217,-0.04666285589337349,0.07041570544242859,0.0,3.1038414239883423
3,3,evo,193,73,0.0031646268907934427,0.02480117790400982,24.99677485906148,-0.10000000149011612,0.4933471083641052,1.1086046695709229,-0.04089534655213356,0.0706193745136261,0.0,0.5933471098542213
3,3,evo,193,74,0.003582655219361186,0.025733059272170067,24.457949846147127,-0.10000000149011612,0.41211652755737305,1.1295747756958008,-0.030224863439798355,0.07070636749267578,0.0,0.5121165290474892
3,3,evo,193,75,0.004226712044328451,0.027062907814979553,23.739973385961115,3.5900368690490723,0.3629082441329956,1.1560642719268799,-0.008235028013586998,0.06931617856025696,0.0,3.2271286249160767
3,3,evo,193,76,0.004736707080155611,0.02817925252020359,23.245234713846553,-0.10000000149011612,0.3989160656929016,1.18583083152771,0.007007819600403309,0.0701797604560852,0.0,0.49891606718301773
3,3,evo,193,77,0.005195443984121084,0.029231449589133263,22.8437733326277,-0.10000000149011612,0.3635035753250122,1.214257001876831,0.014297014102339745,0.07133978605270386,0.0,0.4635035768151283
3,3,evo,193,78,0.005711831618100405,0.030431410297751427,22.43224603824269,-0.10000000149011612,0.31089043617248535,1.2440283298492432,0.0104367071762681,0.07163813710212708,0.0,0.41089043766260147
3,3,evo,193,79,0.006104196887463331,0.03141308203339577,22.14371466901165,3.5900368690490723,0.25538110733032227,1.2726545333862305,0.013019399717450142,0.0716107189655304,0.0,3.33465576171875
3,3,evo,193,80,0.006508151069283485,0.032352302223443985,21.865423746358033,-0.10000000149011612,0.2061862349510193,1.3023631572723389,,,,0.3061862364411354
4,4,evo,209,0,0.0018000463023781776,0.01876276545226574,27.447163234474104,,,,-0.0005190688534639776,0.08022087812423706,0.0,
4,4,evo,209,1,0.0018004970625042915,0.01881701871752739,27.446075828398868,-0.10000000149011612,0.08395913243293762,0.08395913243293762,-0.0045717451721429825,0.0790967047214508,0.0,0.18395913392305374
4,4,evo,209,2,0.0017353651346638799,0.01874489337205887,27.606091322358278,3.5363636016845703,0.04363613948225975,0.08946406841278076,-0.0032912802416831255,0.07720619440078735,0.0,3.4927274622023106
4,4,evo,209,3,0.0017793286824598908,0.01889297366142273,27.4974382044126,-0.10000000149011612,0.018097158521413803,0.1030842661857605,0.002894497709348798,0.07665371894836426,0.0,0.11809716001152992
4,4,evo,209,4,0.0017973041394725442,0.019107753410935402,27.453784254407022,-0.10000000149011612,0.004341389983892441,0.11903885006904602,0.014211011119186878,0.07563456892967224,0.0,0.10434139147400856
4,4,evo,209,5,0.0018240405479446054,0.019499335438013077,27.389655116474803,-0.10000000149011612,-0.008243445307016373,0.13869214057922363,0.02142217382788658,0.07593542337417603,0.0,0.09175655618309975
4,4,evo,209,6,0.001848537940531969,0.019767411053180695,27.3317163127179,3.5363636016845703,-0.018776211887598038,0.1598733365535736,0.047697510570287704,0.07657331228256226,0.0,3.5551398135721684
4,4,evo,209,7,0.0019584065303206444,0.020416539162397385,27.080971513740483,-0.10000000149011612,0.04488050565123558,0.18405985832214355,0.05441650003194809,0.07948166131973267,0.0,0.1448805071413517
4,4,evo,209,8,0.0022670330945402384,0.021683836355805397,26.44542139921432,-0.10000000149011612,0.08526754379272461,0.20857012271881104,0.0414828360080719,0.08555257320404053,0.0,0.18526754528284073
4,4,evo,209,9,0.0024030220229178667,0.02262561209499836,26.192422490097172,-0.10000000149011612,0.13642996549606323,0.2323961853981018,0.028697974979877472,0.090029776096344,0.0,0.23642996698617935
4,4,evo,209,10,0.00284590944647789,0.02392418496310711,25.457789227762007,3.5363636016845703,0.1599215865135193,0.2546740770339966,0.015436823479831219,0.09416073560714722,0.0,3.376442015171051
4,4,evo,209,11,0.0030520197469741106,0.02466394752264023,25.154126607649467,-0.10000000149011612,0.13456624746322632,0.2754785418510437,-0.0001051388680934906,0.0907919704914093,0.0,0.23456624895334244
4,4,evo,209,12,0.003181429812684655,0.025149038061499596,24.973776535372938,-0.10000000149011612,0.19811490178108215,0.2951582074165344,-0.0019699290860444307,0.08965125679969788,0.0,0.2981149032711983
4,4,evo,209,13,0.0032900620717555285,0.025536468252539635,24.827959083823625,-0.10000000149011612,0.26794546842575073,0.31473076343536377,-0.006459282245486975,0.08848440647125244,0.0,0.36794546991586685
4,4,evo,209,14,0.003546196036040783,0.026286443695425987,24.50237259987922,3.5363636016845703,0.30881887674331665,0.3342875838279724,-0.01649894006550312,0.08693355321884155,0.0,3.2275447249412537
4,4,evo,209,15,0.003634451888501644,0.026659518480300903,24.395610757947196,-0.10000000149011612,0.29781705141067505,0.3536548614501953,-0.017110532149672508,0.08586332201957703,0.0,0.39781705290079117
4,4,evo,209,16,0.0036215123254805803,0.026925360783934593,24.411100323798486,-0.10000000149011612,0.29823291301727295,0.37298792600631714,-0.013569077476859093,0.085235595703125,0.0,0.39823291450738907
4,4,evo,209,17,0.0036481351125985384,0.027074716985225677,24.37929085483601,-0.10000000149011612,0.3287256360054016,0.3926176428794861,-0.013209371827542782,0.08571487665176392,0.0,0.42872563749551773
4,4,evo,209,18,0.0038331386167556047,0.027540339156985283,24.164454751877198,3.5363636016845703,0.3355717658996582,0.41235554218292236,-0.00715364795178175,0.08354923129081726,0.0,3.200791835784912
4,4,evo,209,19,0.0038320559542626143,0.027677247300744057,24.16568158139924,-0.10000000149011612,0.466264545917511,0.4326050281524658,-0.01402566023170948,0.08399933576583862,0.0,0.5662645474076271
4,4,evo,209,20,0.003796696662902832,0.02766416408121586,24.205940994337887,-0.10000000149011612,0.46871936321258545,0.4520809054374695,-0.013772551901638508,0.08392423391342163,0.0,0.5687193647027016
4,4,evo,209,21,0.003812597133219242,0.027764052152633667,24.1877908301991,-0.10000000149011612,0.4705880284309387,0.4711928963661194,-0.0032842394430190325,0.08329954743385315,0.0,0.5705880299210548
4,4,evo,209,22,0.003381703281775117,0.027042800560593605,24.708645010377893,3.5363636016845703,0.4887951612472534,0.4905610680580139,-0.01185208186507225,0.08740687370300293,0.0,3.047568440437317
4,4,evo,209,23,0.0034141093492507935,0.02717013843357563,24.66722573140531,-0.10000000149011612,0.35785144567489624,0.5091077089309692,-0.013155247084796429,0.08831062912940979,0.0,0.45785144716501236
4,4,evo,209,24,0.0033968945499509573,0.027176840230822563,24.689179347564775,-0.10000000149011612,0.3102877736091614,0.5272048711776733,-0.013013812713325024,0.08825615048408508,0.0,0.4102877750992775
4,4,evo,209,25,0.003398224711418152,0.02716311812400818,24.68747906307998,-0.10000000149011612,0.2942941188812256,0.544719934463501,-0.024539999663829803,0.08864358067512512,0.0,0.3942941203713417
4,4,evo,209,26,0.003582646371796727,0.027435660362243652,24.457960571301886,3.5363636016845703,0.2456955909729004,0.5611086487770081,-0.014903281815350056,0.08500969409942627,0.0,3.29066801071167
4,4,evo,209,27,0.003439726307988167,0.027098970487713814,24.634761119805617,-0.10000000149011612,0.3376500606536865,0.5775865912437439,-0.019231518730521202,0.08496379852294922,0.0,0.43765006214380264
4,4,evo,209,28,0.0033589156810194254,0.026925360783934593,24.738008981314252,-0.10000000149011612,0.3058550953865051,0.5934911966323853,-0.01948706805706024,0.08506330847740173,0.0,0.40585509687662125
4,4,evo,209,29,0.0032450135331600904,0.02656824328005314,24.887834876572967,-0.10000000149011612,0.2859044671058655,0.6090469360351562,-0.01656232215464115,0.08472386002540588,0.0,0.3859044685959816
4,4,evo,209,30,0.003201151266694069,0.026549413800239563,24.94693803288435,3.5363636016845703,0.23694294691085815,0.6241806149482727,-0.022365937009453773,0.08598059415817261,0.0,3.299420654773712
4,4,evo,209,31,0.0030996704008430243,0.02629857324063778,25.086844838126005,-0.10000000149011612,0.09916600584983826,0.638516366481781,-0.005768518429249525,0.0831766128540039,0.0,0.19916600733995438
4,4,evo,209,32,0.002879281295463443,0.02578507922589779,25.407159040347977,-0.10000000149011612,0.12752079963684082,0.6534238457679749,0.0030579993035644293,0.08369994163513184,0.0,0.22752080112695694
4,4,evo,209,33,0.0028768759220838547,0.025732100009918213,25.410788685637353,-0.10000000149011612,0.08937826752662659,0.6690448522567749,-1.286342740058899e-05,0.08576911687850952,0.0,0.1893782690167427
4,4,evo,209,34,0.0026483628898859024,0.025104036554694176,25.770225062878854,3.5363636016845703,0.06100830063223839,0.684440553188324,0.0006589590338990092,0.08838573098182678,0.0,3.475355301052332
4,4,evo,209,35,0.0025814904365688562,0.02482096292078495,25.881294795081267,-0.10000000149011612,0.014207538217306137,0.6988229751586914,0.00618027476593852,0.08993089199066162,0.0,0.11420753970742226
4,4,evo,209,36,0.002531904960051179,0.024489060044288635,25.96552600431933,-0.10000000149011612,0.008448388427495956,0.7129483222961426,-0.0015542494365945458,0.09134569764137268,0.0,0.10844838991761208
4,4,evo,209,37,0.002407961757853627,0.02408183552324772,26.183504146256034,-0.10000000149011612,0.003806706517934799,0.7264627814292908,-0.0077208648435771465,0.09040263295173645,0.0,0.10380670800805092
4,4,evo,209,38,0.0023054974153637886,0.023705894127488136,26.37235360321118,3.5363636016845703,0.01948383077979088,0.7388829588890076,-0.02381664514541626,0.09048882126808167,0.0,3.5168797709047794
4,4,evo,209,39,0.0022737812250852585,0.023380374535918236,26.4325132386508,-0.10000000149011612,0.01060771569609642,0.7494954466819763,-0.025569571182131767,0.08922645449638367,0.0,0.11060771718621254
4,4,evo,209,40,0.00226566637866199,0.023236120119690895,26.44804040003602,-0.10000000149011612,0.004013475030660629,0.7593157887458801,-0.008185150101780891,0.08506721258163452,0.0,0.10401347652077675
4,4,evo,209,41,0.002291133627295494,0.023235803470015526,26.39949580428819,-0.10000000149011612,0.016700144857168198,0.7713577151298523,0.005855057388544083,0.08305591344833374,0.0,0.11670014634728432
4,4,evo,209,42,0.0024307083804160357,0.023205803707242012,26.14267141680337,3.5363636016845703,0.021526005119085312,0.7863957285881042,0.029496973380446434,0.08266496658325195,0.0,3.514837596565485
4,4,evo,209,43,0.0025292718783020973,0.02339441515505314,25.970044846532193,-0.10000000149011612,0.07889014482498169,0.8039998412132263,0.037363287061452866,0.08489179611206055,0.0,0.1788901463150978
4,4,evo,209,44,0.0025119835045188665,0.023224635049700737,25.99983216813804,-0.10000000149011612,0.08424222469329834,0.8221526741981506,0.042794063687324524,0.08900678157806396,0.0,0.18424222618341446
4,4,evo,209,45,0.0024086988996714354,0.02298368513584137,26.18217485756781,3.5363636016845703,0.11563608050346375,0.8395950198173523,0.03409599885344505,0.09518766403198242,0.0,3.4207275211811066
4,4,evo,209,46,0.0023959947284311056,0.022673800587654114,26.205141417985025,-0.10000000149011612,0.07209217548370361,0.8549716472625732,0.01986178196966648,0.09754276275634766,0.0,0.17209217697381973
4,4,evo,209,47,0.0023484143894165754,0.022523170337080956,26.292252672378797,-0.10000000149011612,0.08251640200614929,0.8681418895721436,0.020907733589410782,0.09596601128578186,0.0,0.1825164034962654
4,4,evo,209,48,0.0023227969650179148,0.022538168355822563,26.33988750090424,-0.10000000149011612,0.08273017406463623,0.8809311389923096,0.014557503163814545,0.09512406587600708,0.0,0.18273017555475235
4,4,evo,209,49,0.002253854414448142,0.02221488207578659,26.470741402170713,3.5363636016845703,0.08772951364517212,0.8936939239501953,0.009865980595350266,0.09249839186668396,0.0,3.448634088039398
4,4,evo,209,50,0.002050188137218356,0.021877551451325417,26.88206283721463,-0.10000000149011612,0.1933748424053192,0.906125545501709,0.009436729364097118,0.09267768263816833,0.0,0.29337484389543533
4,4,evo,209,51,0.002097990131005645,0.021995315328240395,26.781965590689964,-0.10000000149011612,0.2060915231704712,0.9181056022644043,0.007471023593097925,0.09296637773513794,0.0,0.3060915246605873
4,4,evo,209,52,0.0021981929894536734,0.02225988171994686,26.579341815324238,-0.10000000149011612,0.22667056322097778,0.9295356273651123,0.011105353012681007,0.09244540333747864,0.0,0.3266705647110939
4,4,evo,209,53,0.0025011375546455383,0.02324569784104824,26.018624227913875,3.5363636016845703,0.27140378952026367,0.9408948421478271,-0.008417564444243908,0.09433534741401672,0.0,3.2649598121643066
4,4,evo,209,54,0.0026255466509610415,0.02361142821609974,25.80780260722968,-0.10000000149011612,0.15972000360488892,0.9481375813484192,-0.010859278962016106,0.09446489810943604,0.0,0.25972000509500504
4,4,evo,209,55,0.002777789020910859,0.024090774357318878,25.563007429518084,-0.10000000149011612,0.13744235038757324,0.9545946717262268,-0.01089318748563528,0.09205594658851624,0.0,0.23744235187768936
4,4,evo,209,56,0.002888863906264305,0.024592459201812744,25.39272917190285,-0.10000000149011612,0.12273156642913818,0.9605715870857239,-0.024102265015244484,0.09075728058815002,0.0,0.2227315679192543
4,4,evo,209,57,0.0031656718347221613,0.025238076224923134,24.995341077162898,3.5363636016845703,0.10226202011108398,0.9636779427528381,-0.023754173889756203,0.08889925479888916,0.0,3.4341015815734863
4,4,evo,209,58,0.0034391945227980614,0.025952307507395744,24.635432595404076,-0.10000000149011612,0.09628152847290039,0.9669874310493469,-0.018925780430436134,0.08736953139305115,0.0,0.1962815299630165
4,4,evo,209,59,0.0035246070474386215,0.026195809245109558,24.528892947411904,-0.10000000149011612,0.09874099493026733,0.9705942273139954,-0.001653833664022386,0.0856730043888092,0.0,0.19874099642038345
4,4,evo,209,60,0.004231038969010115,0.02772192656993866,23.73552974680967,3.5363636016845703,0.1640494465827942,0.9766886830329895,-0.0009297036449424922,0.08438518643379211,0.0,3.372314155101776
4,4,evo,209,61,0.004498344846069813,0.02830052375793457,23.469472543240087,-0.10000000149011612,0.2595391869544983,0.9797461628913879,-0.025807516649365425,0.08510956168174744,0.0,0.3595391884446144
4,4,evo,209,62,0.004756009206175804,0.028958270326256752,23.22757313391554,-0.10000000149011612,0.2548040747642517,0.976786196231842,-0.03521113470196724,0.08412691950798035,0.0,0.35480407625436783
4,4,evo,209,63,0.0052300021052360535,0.02993195690214634,22.81498136315858,-0.10000000149011612,0.23006832599639893,0.9753060936927795,-0.026708150282502174,0.08105146884918213,0.0,0.33006832748651505
4,4,evo,209,64,0.005189087241888046,0.030082592740654945,22.84909027637687,3.5363636016845703,0.23234254121780396,0.9773145318031311,-0.030706418678164482,0.08250609040260315,0.0,3.3040210604667664
4,4,evo,209,65,0.005729361902922392,0.031186172738671303,22.418937440834178,-0.10000000149011612,0.10310167074203491,0.9768486618995667,-0.0169085543602705,0.08121553063392639,0.0,0.20310167223215103
4,4,evo,209,66,0.0061792791821062565,0.032272517681121826,22.090621827577223,-0.10000000149011612,0.060815032571554184,0.981645405292511,-0.00032953545451164246,0.07872006297111511,0.0,0.1608150340616703
4,4,evo,209,67,0.006402239669114351,0.032975900918245316,21.936680719873316,-0.10000000149011612,0.06009310111403465,0.987713634967804,0.00726428534835577,0.07937535643577576,0.0,0.16009310260415077
4,4,evo,209,68,0.007154523860663176,0.03459233418107033,21.454192635907585,3.5363636016845703,0.04855292662978172,0.9929688572883606,0.002264562761411071,0.08116114139556885,0.0,3.4878106750547886
4,4,evo,209,69,0.007490925490856171,0.03543102741241455,21.254645226554544,-0.10000000149011612,0.02348380908370018,0.9966164231300354,-0.0025558993220329285,0.08234825730323792,0.0,0.1234838105738163
4,4,evo,209,70,0.00777021748945117,0.03617461770772934,21.095668250669615,-0.10000000149011612,0.0073345862329006195,1.0013737678527832,-0.008681230247020721,0.08132442831993103,0.0,0.10733458772301674
4,4,evo,209,71,0.008097028359770775,0.03701363131403923,20.916743396085455,3.5363636016845703,0.004056926816701889,1.0059421062469482,-0.01253222580999136,0.08010026812553406,0.0,3.5323066748678684
4,4,evo,209,72,0.00835837796330452,0.037777647376060486,20.7787799408422,-0.10000000149011612,0.01452794298529625,1.0112478733062744,-0.014411197043955326,0.07883358001708984,0.0,0.11452794447541237
4,4,evo,209,73,0.008750849403440952,0.038640279322862625,20.579497900264325,-0.10000000149011612,0.037656184285879135,1.0168561935424805,-0.01322314515709877,0.07705271244049072,0.0,0.13765618577599525
4,4,evo,209,74,0.009200125932693481,0.03982619568705559,20.362062279262325,-0.10000000149011612,0.04733028635382652,1.0230827331542969,-0.006612441036850214,0.07519492506980896,0.0,0.14733028784394264
4,4,evo,209,75,0.009351680986583233,0.04023756459355354,20.29110316659051,3.5363636016845703,0.04136114940047264,1.030226230621338,0.011268910020589828,0.0751732885837555,0.0,3.4950024522840977
4,4,evo,209,76,0.009792163036763668,0.041408803313970566,20.09121364257199,-0.10000000149011612,0.036658938974142075,1.0393579006195068,0.016038116067647934,0.07466363906860352,0.0,0.1366589404642582
4,4,evo,209,77,0.010003942996263504,0.04198421165347099,19.99828791599546,-0.10000000149011612,0.026815440505743027,1.0439441204071045,0.01110144890844822,0.07602503895759583,0.0,0.12681544199585915
4,4,evo,209,78,0.010073988698422909,0.042392704635858536,19.9679854069444,3.5363636016845703,0.03509151563048363,1.046335220336914,0.02134353667497635,0.07807686924934387,0.0,3.5012720860540867
4,4,evo,209,79,0.010397613048553467,0.04309895634651184,19.830663490494864,-0.10000000149011612,0.01752692088484764,1.0512375831604004,0.02578134462237358,0.07851579785346985,0.0,0.11752692237496376
4,4,evo,209,80,0.010544094257056713,0.043504904955625534,19.769907204343745,-0.10000000149011612,0.01715463027358055,1.0515170097351074,,,,0.11715463176369667
5,5,evo,97,0,0.0022508245892822742,0.01936657540500164,26.476583490133024,,,,-0.07679948210716248,0.0885545015335083,0.0,
5,5,evo,97,1,0.002284855814650655,0.019546568393707275,26.41141200792086,-0.10000000149011612,0.4234412908554077,0.4234412908554077,-0.08164858818054199,0.09150522947311401,0.0,0.5234412923455238
5,5,evo,97,2,0.002394051058217883,0.019801240414381027,26.2086659157964,2.939513683319092,0.3963157534599304,0.4686294198036194,-0.07557131350040436,0.0930313766002655,0.0,2.5431979298591614
5,5,evo,97,3,0.0025374244432896376,0.020322391763329506,25.956068808426416,-0.10000000149011612,0.4824758768081665,0.4949096441268921,-0.06834512948989868,0.09593480825424194,0.0,0.5824758782982826
5,5,evo,97,4,0.0025890672113746405,0.020912161096930504,25.868566752699373,-0.10000000149011612,0.47105348110198975,0.5125594139099121,-0.05450335517525673,0.09994721412658691,0.0,0.5710534825921059
5,5,evo,97,5,0.002842498943209648,0.021836062893271446,25.462996881031312,-0.10000000149011612,0.5359465479850769,0.5252004265785217,-0.06148083508014679,0.10416999459266663,0.0,0.635946549475193
5,5,evo,97,6,0.003002330893650651,0.02257327176630497,25.225414448818082,-0.10000000149011612,0.5102890729904175,0.5336732864379883,-0.06622415781021118,0.10713213682174683,0.0,0.6102890744805336
5,5,evo,97,7,0.003282079705968499,0.02361653745174408,24.838508762256545,-0.10000000149011612,0.4764988422393799,0.5420668125152588,-0.06075023114681244,0.10749810934066772,0.0,0.576498843729496
5,5,evo,97,8,0.0036395806819200516,0.024642566218972206,24.38948648773536,2.939513683319092,0.4818228483200073,0.5503113865852356,-0.06478984653949738,0.10749724507331848,0.0,2.4576908349990845
5,5,evo,97,9,0.003963746130466461,0.02557540498673916,24.018941689365697,-0.10000000149011612,0.4294366240501404,0.556159496307373,-0.06858363747596741,0.10922488570213318,0.0,0.5294366255402565
5,5,evo,97,10,0.0042055342346429825,0.026316126808524132,23.761788273523315,-0.10000000149011612,0.4107975959777832,0.5622766017913818,-0.0676034465432167,0.106972336769104,0.0,0.5107975974678993
5,5,evo,97,11,0.004626487847417593,0.027422895655035973,23.347485742738684,-0.10000000149011612,0.36475515365600586,0.5685231685638428,-0.06769393384456635,0.1072181761264801,0.0,0.464755155146122
5,5,evo,97,12,0.004796079825609922,0.028206059709191322,23.191135971467087,-0.10000000149011612,0.34045833349227905,0.5742444396018982,-0.058497823774814606,0.10714471340179443,0.0,0.44045833498239517
5,5,evo,97,13,0.00507432920858264,0.02920655906200409,22.946213603636238,-0.10000000149011612,0.3456241488456726,0.5806873440742493,-0.05860250070691109,0.10688301920890808,0.0,0.4456241503357887
5,5,evo,97,14,0.00498085655272007,0.029238155111670494,23.026959656474997,2.939513683319092,0.3464784026145935,0.5861730575561523,-0.0696190819144249,0.10755741596221924,0.0,2.5930352807044983
5,5,evo,97,15,0.005253979470580816,0.0301176980137825,22.795116285105284,-0.10000000149011612,0.4131666421890259,0.5921821594238281,-0.07466502487659454,0.10741773247718811,0.0,0.513166643679142
5,5,evo,97,16,0.005467065144330263,0.030771931633353233,22.6224575112132,-0.10000000149011612,0.4521060585975647,0.5999188423156738,-0.07273747026920319,0.10577714443206787,0.0,0.5521060600876808
5,5,evo,97,17,0.0058258394710719585,0.031740833073854446,22.34641486372982,-0.10000000149011612,0.46192848682403564,0.607979953289032,-0.0742809921503067,0.10404598712921143,0.0,0.5619284883141518
5,5,evo,97,18,0.006023406982421875,0.03257186710834503,22.201577919433674,-0.10000000149011612,0.43988192081451416,0.6155300140380859,-0.07473456859588623,0.1045968234539032,0.0,0.5398819223046303
5,5,evo,97,19,0.006299891974776983,0.033338118344545364,22.006668973972893,2.939513683319092,0.43129104375839233,0.6237878203392029,-0.06317011266946793,0.10466691851615906,0.0,2.5082226395606995
5,5,evo,97,20,0.0065725720487535,0.0341254360973835,21.82264644444944,-0.10000000149011612,0.5398092865943909,0.6332428455352783,-0.06517646461725235,0.10820695757865906,0.0,0.639809288084507
5,5,evo,97,21,0.006858254317194223,0.03495263680815697,21.637864144520083,-0.10000000149011612,0.518034815788269,0.6413063406944275,-0.061268504709005356,0.10813042521476746,0.0,0.6180348172783852
5,5,evo,97,22,0.007062442600727081,0.03559091314673424,21.510450688417148,-0.10000000149011612,0.52736896276474,0.6516997814178467,-0.057661864906549454,0.10811132192611694,0.0,0.6273689642548561
5,5,evo,97,23,0.007233601063489914,0.036374080926179886,21.406454464594482,-0.10000000149011612,0.5470221042633057,0.6620230078697205,-0.05770633742213249,0.10824745893478394,0.0,0.6470221057534218
5,5,evo,97,24,0.007449483498930931,0.036974698305130005,21.278738374987235,-0.10000000149011612,0.5780097842216492,0.672683596611023,-0.05870797485113144,0.10698315501213074,0.0,0.6780097857117653
5,5,evo,97,25,0.007624611724168062,0.037423085421323776,21.17782267436226,2.939513683319092,0.6094009280204773,0.6838166117668152,-0.05366453900933266,0.10375902056694031,0.0,2.3301127552986145
5,5,evo,97,26,0.007786776404827833,0.03786764666438103,21.086422957730477,-0.10000000149011612,0.6856927275657654,0.6957491636276245,-0.05845935642719269,0.10428866744041443,0.0,0.7856927290558815
5,5,evo,97,27,0.00803165789693594,0.038486454635858536,20.95194798286346,-0.10000000149011612,0.7137405276298523,0.7063605189323425,-0.07453680783510208,0.1044820249080658,0.0,0.8137405291199684
5,5,evo,97,28,0.008204938843846321,0.03901941701769829,20.859246516467273,-0.10000000149011612,0.724597156047821,0.7166187167167664,-0.08981017023324966,0.10239961743354797,0.0,0.8245971575379372
5,5,evo,97,29,0.008402791805565357,0.03961780294775963,20.75576396758358,-0.10000000149011612,0.7187390923500061,0.7268578410148621,-0.11237840354442596,0.10072982311248779,0.0,0.8187390938401222
5,5,evo,97,30,0.00840834341943264,0.039656415581703186,20.752895588591215,2.939513683319092,0.7271720767021179,0.7351750731468201,-0.11517511308193207,0.09660032391548157,0.0,2.212341606616974
5,5,evo,97,31,0.008395843207836151,0.039687689393758774,20.759356804525943,-0.10000000149011612,0.775577962398529,0.744590699672699,-0.12235279381275177,0.09471967816352844,0.0,0.8755779638886452
5,5,evo,97,32,0.008413441479206085,0.03980577364563942,20.750263217164342,-0.10000000149011612,0.7782101035118103,0.7511823773384094,-0.135043665766716,0.0965728759765625,0.0,0.8782101050019264
5,5,evo,97,33,0.008442425169050694,0.040200866758823395,20.73532780122505,-0.10000000149011612,0.7885580658912659,0.756727397441864,-0.14092262089252472,0.09826648235321045,0.0,0.888558067381382
5,5,evo,97,34,0.00859279464930296,0.04075010120868683,20.65865566857612,2.939513683319092,0.773328959941864,0.762462317943573,-0.1432805359363556,0.10122561454772949,0.0,2.166184723377228
5,5,evo,97,35,0.008704262785613537,0.0413823164999485,20.60268005901973,-0.10000000149011612,0.7062674164772034,0.7673107981681824,-0.14603599905967712,0.10442444682121277,0.0,0.8062674179673195
5,5,evo,97,36,0.008963841013610363,0.041996974498033524,20.475058548951242,2.939513683319092,0.6671854853630066,0.770973265171051,-0.1477234810590744,0.10936138033866882,0.0,2.272328197956085
5,5,evo,97,37,0.009321276098489761,0.042863111943006516,20.30524627925514,-0.10000000149011612,0.6184219121932983,0.7738849520683289,-0.1445898860692978,0.11395671963691711,0.0,0.7184219136834145
5,5,evo,97,38,0.00982168409973383,0.04403179883956909,20.078140384337697,2.939513683319092,0.5799141526222229,0.7763403058052063,-0.13989011943340302,0.11757335066795349,0.0,2.359599530696869
5,5,evo,97,39,0.010188566520810127,0.04474123939871788,19.918869147075068,-0.10000000149011612,0.5299816131591797,0.777526319026947,-0.14206157624721527,0.12455061078071594,0.0,0.6299816146492958
5,5,evo,97,40,0.010502301156520844,0.045208778232336044,19.78715532350624,-0.10000000149011612,0.4267212748527527,0.7764564156532288,-0.13861818611621857,0.12702620029449463,0.0,0.5267212763428688
5,5,evo,97,41,0.010684886015951633,0.044991761445999146,19.71230106434612,-0.10000000149011612,0.3371894955635071,0.7757248282432556,-0.12488202005624771,0.13049516081809998,0.0,0.4371894970536232
5,5,evo,97,42,0.01062807347625494,0.04436369612812996,19.735454517945257,2.939513683319092,0.3465568423271179,0.7747315764427185,-0.12756387889385223,0.134857177734375,0.0,2.592956840991974
5,5,evo,97,43,0.010472633875906467,0.04342000558972359,19.799440791695776,-0.10000000149011612,0.3506450653076172,0.768887460231781,-0.13418175280094147,0.14376378059387207,0.0,0.4506450667977333
5,5,evo,97,44,0.010372275486588478,0.04265407845377922,19.841259569319615,-0.10000000149011612,0.3375841975212097,0.7620715498924255,-0.13334707915782928,0.14652135968208313,0.0,0.43758419901132584
5,5,evo,97,45,0.010404825210571289,0.04228739067912102,19.82765211052737,-0.10000000149011612,0.31724637746810913,0.7561811804771423,-0.14578036963939667,0.1483670473098755,0.0,0.41724637895822525
5,5,evo,97,46,0.010011343285441399,0.04111519455909729,19.995076465651294,-0.10000000149011612,0.2660215497016907,0.7468497157096863,-0.15190598368644714,0.14892089366912842,0.0,0.3660215511918068
5,5,evo,97,47,0.009831217117607594,0.04023054614663124,20.073927126114512,2.939513683319092,0.23171061277389526,0.7395231127738953,-0.148899108171463,0.1542627513408661,0.0,2.7078030705451965
5,5,evo,97,48,0.00973395723849535,0.03971322253346443,20.117105659542645,-0.10000000149011612,0.23158377408981323,0.73358553647995,-0.15560612082481384,0.1514149010181427,0.0,0.33158377557992935
5,5,evo,97,49,0.00984455831348896,0.04010608419775963,20.06803764169597,-0.10000000149011612,0.2346811294555664,0.7254661917686462,-0.17268097400665283,0.1500571072101593,0.0,0.3346811309456825
5,5,evo,97,50,0.010173536837100983,0.041079770773649216,19.925280380502485,-0.10000000149011612,0.2243373990058899,0.7170656323432922,-0.18556992709636688,0.14625659584999084,0.0,0.324337400496006
5,5,evo,97,51,0.01068114209920168,0.04257333651185036,19.713823071518522,-0.10000000149011612,0.22745531797409058,0.711723268032074,-0.19610625505447388,0.13699543476104736,0.0,0.3274553194642067
5,5,evo,97,52,0.011123954318463802,0.04365936294198036,19.53740803274242,2.939513683319092,0.22960245609283447,0.7074489593505859,-0.19569827616214752,0.12894606590270996,0.0,2.7099112272262573
5,5,evo,97,53,0.01182794850319624,0.045282185077667236,19.270905749834576,-0.10000000149011612,0.2674618363380432,0.7044296860694885,-0.1857147365808487,0.11971232295036316,0.0,0.36746183782815933
5,5,evo,97,54,0.012418408878147602,0.04668128490447998,19.05934045037634,-0.10000000149011612,0.317505419254303,0.7009217143058777,-0.17526127398014069,0.11408931016921997,0.0,0.4175054207444191
5,5,evo,97,55,0.012972012162208557,0.04784932732582092,18.86992652816087,-0.10000000149011612,0.30963075160980225,0.6942920088768005,-0.1640470027923584,0.107319176197052,0.0,0.40963075309991837
5,5,evo,97,56,0.013507840223610401,0.04883131384849548,18.694140850232063,-0.10000000149011612,0.318875253200531,0.6855499744415283,-0.15453419089317322,0.10074535012245178,0.0,0.4188752546906471
5,5,evo,97,57,0.014253579080104828,0.05016658827662468,18.460760704223915,2.939513683319092,0.3323984742164612,0.6745905876159668,-0.15284042060375214,0.0895688533782959,0.0,2.6071152091026306
5,5,evo,97,58,0.014752994291484356,0.05094209313392639,18.31119825631997,-0.10000000149011612,0.3444855809211731,0.6615856885910034,-0.13286761939525604,0.08276113867759705,0.0,0.4444855824112892
5,5,evo,97,59,0.015259726904332638,0.05184110626578331,18.164532386617843,-0.10000000149011612,0.34483736753463745,0.6521004438400269,-0.06930334120988846,0.06908407807350159,0.0,0.44483736902475357
5,5,evo,97,60,0.015648387372493744,0.05256395414471626,18.0553041155608,-0.10000000149011612,0.31421226263046265,0.6474080085754395,0.006606162525713444,0.06069275736808777,0.0,0.41421226412057877
5,5,evo,97,61,0.01588914357125759,0.0530388318002224,17.988995107410584,-0.10000000149011612,0.3336966633796692,0.6371609568595886,0.04342888668179512,0.058160752058029175,0.0,0.4336966648697853
5,5,evo,97,62,0.015888674184679985,0.05320638045668602,17.989123405711062,2.939513683319092,0.4044232964515686,0.6195195317268372,0.04996974393725395,0.059941649436950684,0.0,2.535090386867523
5,5,evo,97,63,0.01583150401711464,0.053084466606378555,18.004778245371547,-0.10000000149011612,0.41944730281829834,0.6085752248764038,0.05947953090071678,0.06388846039772034,0.0,0.5194473043084145
5,5,evo,97,64,0.015829794108867645,0.053117334842681885,18.00524733777199,-0.10000000149011612,0.41171491146087646,0.610122561454773,0.07570289075374603,0.06556448340415955,0.0,0.5117149129509926
5,5,evo,97,65,0.015799233689904213,0.053082872182130814,18.01363977116267,-0.10000000149011612,0.394633412361145,0.6182096004486084,0.07280005514621735,0.06970635056495667,0.0,0.49463341385126114
5,5,evo,97,66,0.015765361487865448,0.05312627553939819,18.022960667565226,-0.10000000149011612,0.35778969526290894,0.6278064250946045,0.06126225367188454,0.07595840096473694,0.0,0.45778969675302505
5,5,evo,97,67,0.015642421320080757,0.052984580397605896,18.05696020805656,2.939513683319092,0.31521308422088623,0.6415051221847534,0.04545573145151138,0.07978081703186035,0.0,2.6243005990982056
5,5,evo,97,68,0.01568499580025673,0.05312468111515045,18.045155932509395,-0.10000000149011612,0.2653805613517761,0.6572892069816589,0.017663106322288513,0.08133217692375183,0.0,0.36538056284189224
5,5,evo,97,69,0.015702418982982635,0.053406476974487305,18.040334386711812,-0.10000000149011612,0.23194026947021484,0.6726363897323608,0.0022172704339027405,0.07959499955177307,0.0,0.33194027096033096
5,5,evo,97,70,0.015795400366187096,0.053615834563970566,18.01469361552302,-0.10000000149011612,0.22224408388137817,0.6872059106826782,-0.010457904078066349,0.0762815773487091,0.0,0.3222440853714943
5,5,evo,97,71,0.015891676768660545,0.054004862904548645,17.988302769299587,2.939513683319092,0.2362155318260193,0.6967686414718628,-0.03582145646214485,0.07432687282562256,0.0,2.7032981514930725
5,5,evo,97,72,0.01607116498053074,0.05452953279018402,17.93952640580905,-0.10000000149011612,0.14455801248550415,0.7007392048835754,-0.03367610648274422,0.07061901688575745,0.0,0.24455801397562027
5,5,evo,97,73,0.016198191791772842,0.05496770516037941,17.90533463153967,-0.10000000149011612,0.14020520448684692,0.7021473050117493,-0.00790537241846323,0.06680217385292053,0.0,0.24020520597696304
5,5,evo,97,74,0.01634415239095688,0.05542885884642601,17.866375970460002,-0.10000000149011612,0.22771453857421875,0.6995143890380859,-0.0058234273456037045,0.0658961832523346,0.0,0.32771454006433487
5,5,evo,97,75,0.016469856724143028,0.05593692138791084,17.83310178862105,-0.10000000149011612,0.2577558159828186,0.691061794757843,-0.01774102821946144,0.06525930762290955,0.0,0.3577558174729347
5,5,evo,97,76,0.016781872138381004,0.05665242671966553,17.75159592135731,2.939513683319092,0.27281510829925537,0.6807488799095154,-0.000726371887139976,0.06452181935310364,0.0,2.6666985750198364
5,5,evo,97,77,0.017083188518881798,0.05741741135716438,17.67431066497262,-0.10000000149011612,0.42838484048843384,0.6700244545936584,-0.0022018796298652887,0.0639638602733612,0.0,0.52838484197855
5,5,evo,97,78,0.017176153138279915,0.05775856971740723,17.65074096493707,-0.10000000149011612,0.47113990783691406,0.6538248658180237,-0.0070494902320206165,0.06531783938407898,0.0,0.5711399093270302
5,5,evo,97,79,0.01730291359126568,0.05812749266624451,17.61880761029111,-0.10000000149011612,0.5252624154090881,0.6358959078788757,-0.007866883650422096,0.06679162383079529,0.0,0.6252624168992043
5,5,evo,97,80,0.017413554713129997,0.058397483080625534,17.59112565199987,2.939513683319092,0.524962842464447,0.6167522072792053,,,,2.4145508408546448
6,6,evo,111,0,0.0016656493535265326,0.019536035135388374,27.784164194097364,,,,-0.054895881563425064,0.09090706706047058,0.0,
6,6,evo,111,1,0.00165659561753273,0.01936689205467701,27.8078349188683,-0.10000000149011612,0.07437777519226074,0.07437777519226074,-0.0560382604598999,0.08836650848388672,0.0,0.17437777668237686
6,6,evo,111,2,0.0016734562814235687,0.019465187564492226,27.763856289796493,-0.10000000149011612,0.07405680418014526,0.08289229869842529,-0.05723745748400688,0.0854414701461792,0.0,0.17405680567026138
6,6,evo,111,3,0.0018073114333674312,0.019718585535883904,27.42967003975363,3.4211268424987793,0.07022157311439514,0.09337443113327026,-0.05624649301171303,0.08265766501426697,0.0,3.350905269384384
6,6,evo,111,4,0.0018180859042331576,0.019895704463124275,27.403856002928045,-0.10000000149011612,0.08087950944900513,0.10552865266799927,-0.06579973548650742,0.08013683557510376,0.0,0.18087951093912125
6,6,evo,111,5,0.0018743490800261497,0.02008974179625511,27.27149522620678,-0.10000000149011612,0.0804930031299591,0.11526143550872803,-0.07475530356168747,0.07704472541809082,0.0,0.18049300462007523
6,6,evo,111,6,0.001862832810729742,0.02018612064421177,27.298261212904215,-0.10000000149011612,0.10594409704208374,0.1252709925174713,-0.0949062928557396,0.07544779777526855,0.0,0.20594409853219986
6,6,evo,111,7,0.0018698574276641011,0.02021516114473343,27.281915061582925,-0.10000000149011612,0.04577740654349327,0.13249221444129944,-0.10093946009874344,0.07144168019294739,0.0,0.1457774080336094
6,6,evo,111,8,0.0019232813501730561,0.020309308543801308,27.15957179677321,-0.10000000149011612,0.050544556230306625,0.14201650023460388,-0.08156748861074448,0.06593054533004761,0.0,0.15054455772042274
6,6,evo,111,9,0.0023120378609746695,0.02120768092572689,26.3600505836667,3.4211268424987793,0.11917370557785034,0.15449479222297668,-0.07396604120731354,0.06428161263465881,0.0,3.301953136920929
6,6,evo,111,10,0.0023087114095687866,0.021609792485833168,26.366303507834942,-0.10000000149011612,0.13231107592582703,0.16373875737190247,-0.07154698669910431,0.06215399503707886,0.0,0.23231107741594315
6,6,evo,111,11,0.0024728120770305395,0.022157756611704826,26.068088868775753,-0.10000000149011612,0.14356356859207153,0.17159587144851685,-0.05763116478919983,0.05790337920188904,0.0,0.24356357008218765
6,6,evo,111,12,0.002636025659739971,0.02280815877020359,25.79050366525206,-0.10000000149011612,0.1760845184326172,0.18123233318328857,-0.03590594604611397,0.05512687563896179,0.0,0.2760845199227333
6,6,evo,111,13,0.0028058018069714308,0.02327856980264187,25.519430094226237,-0.10000000149011612,0.21156853437423706,0.19162139296531677,-0.030176470056176186,0.05370533466339111,0.0,0.3115685358643532
6,6,evo,111,14,0.00293128564953804,0.02361462078988552,25.32941858131543,-0.10000000149011612,0.23418229818344116,0.19943714141845703,-0.019840121269226074,0.05211886763572693,0.0,0.3341822996735573
6,6,evo,111,15,0.0028784351889044046,0.023633450269699097,25.408435447108666,3.4211268424987793,0.2511886954307556,0.20842912793159485,-0.005438330117613077,0.051957130432128906,0.0,3.1699381470680237
6,6,evo,111,16,0.0029097243677824736,0.023717382922768593,25.361481488906076,-0.10000000149011612,0.24398213624954224,0.21828991174697876,-0.001218856661580503,0.050984740257263184,0.0,0.34398213773965836
6,6,evo,111,17,0.003067183541134,0.023956097662448883,25.132602349347984,-0.10000000149011612,0.25662821531295776,0.2271665334701538,0.0019126436673104763,0.05088171362876892,0.0,0.3566282168030739
6,6,evo,111,18,0.0031303290743380785,0.024067478254437447,25.04410005055163,-0.10000000149011612,0.2594718337059021,0.23614805936813354,-0.0012475561816245317,0.05094379186630249,0.0,0.3594718351960182
6,6,evo,111,19,0.003280410310253501,0.024399062618613243,24.84071831796172,-0.10000000149011612,0.25930869579315186,0.24421662092208862,-0.01446930505335331,0.05045637488365173,0.0,0.359308697283268
6,6,evo,111,20,0.0031071507837623358,0.024183645844459534,25.07637670798131,3.4211268424987793,0.2371693253517151,0.25059598684310913,-0.024320552125573158,0.05064976215362549,0.0,3.183957517147064
6,6,evo,111,21,0.003491095034405589,0.0248717050999403,24.570383286833383,-0.10000000149011612,0.25723665952682495,0.25659728050231934,-0.020261866971850395,0.049527108669281006,0.0,0.35723666101694107
6,6,evo,111,22,0.0035430938005447388,0.02504723332822323,24.506173499192265,-0.10000000149011612,0.24554449319839478,0.2640889883041382,-0.0224484670907259,0.04906854033470154,0.0,0.3455444946885109
6,6,evo,111,23,0.0035731636453419924,0.024970317259430885,24.46947093329735,-0.10000000149011612,0.24873191118240356,0.27099937200546265,-0.0041120341047644615,0.04922592639923096,0.0,0.3487319126725197
6,6,evo,111,24,0.0037014896515756845,0.025237759575247765,24.316234604570756,-0.10000000149011612,0.26084500551223755,0.28121858835220337,0.01932101510465145,0.048660486936569214,0.0,0.36084500700235367
6,6,evo,111,25,0.0037643287796527147,0.02541455812752247,24.243124519415986,-0.10000000149011612,0.2786118984222412,0.29338574409484863,0.016644222661852837,0.050462543964385986,0.0,0.37861189991235733
6,6,evo,111,26,0.0038391861598938704,0.025597425177693367,24.157608286863237,3.4211268424987793,0.2611601948738098,0.30320262908935547,0.01748601160943508,0.05134141445159912,0.0,3.1599666476249695
6,6,evo,111,27,0.0039012928027659655,0.025661572813987732,24.087914534684,-0.10000000149011612,0.2348002791404724,0.3131832480430603,0.015270606614649296,0.05191868543624878,0.0,0.33480028063058853
6,6,evo,111,28,0.0038952564354985952,0.02560381032526493,24.09463946244029,-0.10000000149011612,0.19682252407073975,0.3222406506538391,0.010294238105416298,0.052930235862731934,0.0,0.29682252556085587
6,6,evo,111,29,0.0039231316186487675,0.025626467540860176,24.063671213137468,-0.10000000149011612,0.1818445920944214,0.3305482268333435,0.011894753202795982,0.053895384073257446,0.0,0.2818445935845375
6,6,evo,111,30,0.003899509087204933,0.025572532787919044,24.089900632651542,-0.10000000149011612,0.15773522853851318,0.33936065435409546,0.01688668131828308,0.05517616868019104,0.0,0.2577352300286293
6,6,evo,111,31,0.0038868626579642296,0.025491153821349144,24.104008048645053,3.4211268424987793,0.1508781611919403,0.34891432523727417,0.0301323551684618,0.05566200613975525,0.0,3.270248681306839
6,6,evo,111,32,0.0039056583773344755,0.025473281741142273,24.083057465389423,-0.10000000149011612,0.17278951406478882,0.3603401184082031,0.04551864042878151,0.05704638361930847,0.0,0.27278951555490494
6,6,evo,111,33,0.003881803946569562,0.025406261906027794,24.109664027635024,-0.10000000149011612,0.16352784633636475,0.37322938442230225,0.048973459750413895,0.0596957802772522,0.0,0.26352784782648087
6,6,evo,111,34,0.0037580037023872137,0.025143930688500404,24.250427963681318,-0.10000000149011612,0.12932270765304565,0.3855196237564087,0.054687779396772385,0.06261244416236877,0.0,0.22932270914316177
6,6,evo,111,35,0.0036502762231975794,0.02489851415157318,24.376742704280495,-0.10000000149011612,0.08761027455329895,0.3979426622390747,0.06424397975206375,0.06311026215553284,0.0,0.18761027604341507
6,6,evo,111,36,0.0035556673537939787,0.02479224093258381,24.490788757021562,-0.10000000149011612,0.10736209154129028,0.410858690738678,0.0676133781671524,0.06754833459854126,0.0,0.2073620930314064
6,6,evo,111,37,0.0033398177474737167,0.024437999352812767,24.76277231818994,3.4211268424987793,0.11350816488265991,0.423210084438324,0.07338059693574905,0.07291918992996216,0.0,3.3076186776161194
6,6,evo,111,38,0.003223347244784236,0.02421172708272934,24.91692906287129,-0.10000000149011612,0.08916977047920227,0.43569695949554443,0.06921128183603287,0.0780038833618164,0.0,0.1891697719693184
6,6,evo,111,39,0.002973365830257535,0.023794934153556824,25.26751653765826,-0.10000000149011612,0.11037465929985046,0.44695401191711426,0.07351228594779968,0.08348727226257324,0.0,0.21037466078996658
6,6,evo,111,40,0.0027774975169450045,0.02352111227810383,25.563463206418437,-0.10000000149011612,0.14728352427482605,0.4585312604904175,0.06552159041166306,0.08673977851867676,0.0,0.24728352576494217
6,6,evo,111,41,0.002528750104829669,0.02298879064619541,25.970940862174036,-0.10000000149011612,0.17108261585235596,0.4686736464500427,0.060815129429101944,0.09011062979698181,0.0,0.2710826173424721
6,6,evo,111,42,0.0023311045952141285,0.022402852773666382,26.324382395187985,3.4211268424987793,0.20925799012184143,0.4784127473831177,0.06625092774629593,0.09084460139274597,0.0,3.211868852376938
6,6,evo,111,43,0.0022842877078801394,0.02213733084499836,26.412491972407075,-0.10000000149011612,0.2963690161705017,0.48893284797668457,0.06021676957607269,0.09185031056404114,0.0,0.39636901766061783
6,6,evo,111,44,0.0022278318647295237,0.021870531141757965,26.521175886219815,-0.10000000149011612,0.3256756067276001,0.4985507130622864,0.06089751049876213,0.09301084280014038,0.0,0.4256756082177162
6,6,evo,111,45,0.0024491932708770037,0.022429024800658226,26.10976942452457,-0.10000000149011612,0.34129464626312256,0.5085232257843018,0.05419175699353218,0.09375789761543274,0.0,0.4412946477532387
6,6,evo,111,46,0.0024338497314602137,0.0229256022721529,26.137062390937224,-0.10000000149011612,0.38305389881134033,0.5173291563987732,0.042952653020620346,0.09561845660209656,0.0,0.48305390030145645
6,6,evo,111,47,0.002383927581831813,0.023001238703727722,26.22706941586386,-0.10000000149011612,0.3808988928794861,0.5248371958732605,0.045175522565841675,0.09620636701583862,0.0,0.4808988943696022
6,6,evo,111,48,0.0027702513616532087,0.024228960275650024,25.57480822983854,3.4211268424987793,0.357383131980896,0.533169150352478,0.025841636583209038,0.0987975001335144,0.0,3.0637437105178833
6,6,evo,111,49,0.0029309440869838,0.024779794737696648,25.329924664288516,-0.10000000149011612,0.24230855703353882,0.5387539863586426,0.013999948278069496,0.09900686144828796,0.0,0.34230855852365494
6,6,evo,111,50,0.0028725266456604004,0.024854153394699097,25.417359340897704,-0.10000000149011612,0.21559906005859375,0.5442870855331421,0.009744678623974323,0.09786379337310791,0.0,0.31559906154870987
6,6,evo,111,51,0.0030264363158494234,0.025373071432113647,25.190684603492066,-0.10000000149011612,0.21136614680290222,0.5501551032066345,-0.0177451241761446,0.09831100702285767,0.0,0.31136614829301834
6,6,evo,111,52,0.0031735755037516356,0.02593475580215454,24.98451164760573,-0.10000000149011612,0.18244358897209167,0.5527831315994263,-0.04003389924764633,0.09766027331352234,0.0,0.2824435904622078
6,6,evo,111,53,0.003306519240140915,0.026250699535012245,24.806289458580125,3.4211268424987793,0.14259180426597595,0.5547240376472473,-0.062485672533512115,0.09409445524215698,0.0,3.2785350382328033
6,6,evo,111,54,0.0032459262292832136,0.026191340759396553,24.88661354682089,-0.10000000149011612,0.13517192006111145,0.555474042892456,-0.0751742348074913,0.08769425749778748,0.0,0.23517192155122757
6,6,evo,111,55,0.0032446354161947966,0.026286765933036804,24.88834095667994,-0.10000000149011612,0.1573747992515564,0.5575975179672241,-0.07152079045772552,0.08144089579582214,0.0,0.2573748007416725
6,6,evo,111,56,0.003152719931676984,0.02616836316883564,25.013146075995767,-0.10000000149011612,0.17721503973007202,0.56305330991745,-0.06777917593717575,0.07453528046607971,0.0,0.27721504122018814
6,6,evo,111,57,0.003038548631593585,0.025991560891270638,25.173338084317795,-0.10000000149011612,0.19063836336135864,0.5695715546607971,-0.06479097157716751,0.06952518224716187,0.0,0.29063836485147476
6,6,evo,111,58,0.0027437990065664053,0.02532743476331234,25.616477054784784,3.4211268424987793,0.2172582745552063,0.5764951705932617,-0.05313749611377716,0.06136208772659302,0.0,3.203868567943573
6,6,evo,111,59,0.0026668980717658997,0.0249636173248291,25.73993582628663,-0.10000000149011612,0.26686298847198486,0.5856624245643616,-0.03422065079212189,0.05510053038597107,0.0,0.366862989962101
6,6,evo,111,60,0.0027667293325066566,0.024848727509379387,25.580333255531194,-0.10000000149011612,0.29889410734176636,0.5968238115310669,-0.013815958052873611,0.05172187089920044,0.0,0.3988941088318825
6,6,evo,111,61,0.002789492020383477,0.02481745183467865,25.54474876593953,-0.10000000149011612,0.3250536322593689,0.6092453002929688,-0.006457227747887373,0.04971599578857422,0.0,0.425053633749485
6,6,evo,111,62,0.002889964496716857,0.02497829683125019,25.39107492528805,-0.10000000149011612,0.3434674143791199,0.620786190032959,-0.010803728364408016,0.048370957374572754,0.0,0.443467415869236
6,6,evo,111,63,0.0031040532048791647,0.025325840339064598,25.08070843345743,3.4211268424987793,0.36931145191192627,0.6319786310195923,-0.013136863708496094,0.046201854944229126,0.0,3.051815390586853
6,6,evo,111,64,0.0033473565708845854,0.025853054597973824,24.752980227723764,-0.10000000149011612,0.44323670864105225,0.6447030305862427,-0.02587272599339485,0.044544488191604614,0.0,0.5432367101311684
6,6,evo,111,65,0.003588474588468671,0.026472182944417,24.450901248467154,-0.10000000149011612,0.4537044167518616,0.6557755470275879,-0.03745914250612259,0.04244723916053772,0.0,0.5537044182419777
6,6,evo,111,66,0.003945515025407076,0.027402469888329506,24.038962983878417,-0.10000000149011612,0.46669548749923706,0.6672928333282471,-0.03510031849145889,0.03930187225341797,0.0,0.5666954889893532
6,6,evo,111,67,0.004198734182864428,0.02815914712846279,23.76881619186632,-0.10000000149011612,0.482455849647522,0.6811324954032898,-0.03468453511595726,0.03729355335235596,0.0,0.5824558511376381
6,6,evo,111,68,0.004678311292082071,0.029185816645622253,23.29910883865987,3.4211268424987793,0.49221187829971313,0.6940426230430603,-0.04214104637503624,0.036400169134140015,0.0,2.928914964199066
6,6,evo,111,69,0.005164086818695068,0.030270883813500404,22.87006464979737,-0.10000000149011612,0.4618176817893982,0.7054372429847717,-0.05289032310247421,0.03469279408454895,0.0,0.5618176832795143
6,6,evo,111,70,0.0057764556258916855,0.03160456195473671,22.383385585120838,-0.10000000149011612,0.4567544460296631,0.7162694334983826,-0.06602682173252106,0.03308245539665222,0.0,0.5567544475197792
6,6,evo,111,71,0.006222804542630911,0.03262292966246605,22.060138399266588,-0.10000000149011612,0.47567880153656006,0.7262155413627625,-0.075431689620018,0.03078937530517578,0.0,0.5756788030266762
6,6,evo,111,72,0.006998458877205849,0.034457016736269,21.54997584959036,-0.10000000149011612,0.5934990644454956,0.7363781332969666,-0.09199327230453491,0.02890259027481079,0.0,0.6934990659356117
6,6,evo,111,73,0.007756711915135384,0.03627387061715126,21.10322337986053,3.4211268424987793,0.617081880569458,0.7441057562828064,-0.09987004101276398,0.027173787355422974,0.0,2.8040449619293213
6,6,evo,111,74,0.008711780421435833,0.038370609283447266,20.598930794139598,-0.10000000149011612,0.5198918581008911,0.7534665465354919,-0.06510511040687561,0.02434113621711731,0.0,0.6198918595910072
6,6,evo,111,75,0.009668777696788311,0.040442127734422684,20.146284248924225,-0.10000000149011612,0.49469876289367676,0.7710831761360168,-0.022730529308319092,0.022913634777069092,0.0,0.5946987643837929
6,6,evo,111,76,0.010316734202206135,0.04177007079124451,19.864577583700406,-0.10000000149011612,0.50694739818573,0.7862362265586853,-0.002370474161580205,0.023957252502441406,0.0,0.6069473996758461
6,6,evo,111,77,0.011180168949067593,0.04342926666140556,19.515516335610997,3.4211268424987793,0.5153101682662964,0.7967125773429871,0.020153185352683067,0.02566954493522644,0.0,2.905816674232483
6,6,evo,111,78,0.011858885176479816,0.044820386916399,19.25956135968367,-0.10000000149011612,0.5463411211967468,0.8122174143791199,0.024348456412553787,0.02747213840484619,0.0,0.646341122686863
6,6,evo,111,79,0.0125070596113801,0.046252358704805374,19.028447802066715,-0.10000000149011612,0.5492855906486511,0.8257209658622742,0.021555861458182335,0.028622537851333618,0.0,0.6492855921387672
6,6,evo,111,80,0.01292238850146532,0.047206584364175797,18.88657206376929,-0.10000000149011612,0.5368143916130066,0.8398579955101013,,,,0.6368143931031227
7,7,evo,86,0,0.00212630326859653,0.018679149448871613,26.72374793206419,,,,-0.04916979745030403,0.09970453381538391,0.0,
7,7,evo,86,1,0.002493400825187564,0.01946965605020523,26.032079011293348,3.0347962379455566,0.22234821319580078,0.22234821319580078,-0.08675022423267365,0.09515222907066345,0.0,2.812448024749756
7,7,evo,86,2,0.0025773891247808933,0.019422104582190514,25.88820008306927,-0.10000000149011612,0.22437328100204468,0.24351507425308228,-0.12166150659322739,0.09329238533973694,0.0,0.3243732824921608
7,7,evo,86,3,0.0027931116055697203,0.019720179960131645,25.53911710659645,-0.10000000149011612,0.26645201444625854,0.25826340913772583,-0.1355256587266922,0.0888720154762268,0.0,0.36645201593637466
7,7,evo,86,4,0.002878687111660838,0.02006644383072853,25.408055366028766,-0.10000000149011612,0.3026454448699951,0.2744724154472351,-0.13465562462806702,0.08279246091842651,0.0,0.40264544636011124
7,7,evo,86,5,0.0029638551641255617,0.020809398964047432,25.281430230132017,-0.10000000149011612,0.3719794750213623,0.2953794598579407,-0.13090988993644714,0.07961586117744446,0.0,0.4719794765114784
7,7,evo,86,6,0.0031513383146375418,0.02143554575741291,25.01504970265179,-0.10000000149011612,0.39956986904144287,0.3160608410835266,-0.12504230439662933,0.07740500569343567,0.0,0.499569870531559
7,7,evo,86,7,0.0029833305161446333,0.02149011939764023,25.252986295121588,3.0347962379455566,0.4236261248588562,0.3363891839981079,-0.11494790762662888,0.07849657535552979,0.0,2.6111701130867004
7,7,evo,86,8,0.0032328423112630844,0.02247019112110138,24.90415478505822,-0.10000000149011612,0.46920740604400635,0.3547239899635315,-0.10969793051481247,0.07990050315856934,0.0,0.5692074075341225
7,7,evo,86,9,0.003289333777502179,0.023064427077770233,24.82892055257842,-0.10000000149011612,0.4172096252441406,0.37020713090896606,-0.09430008381605148,0.08141431212425232,0.0,0.5172096267342567
7,7,evo,86,10,0.0035608888138085604,0.024189069867134094,24.484415866467995,-0.10000000149011612,0.4187462329864502,0.38550668954849243,-0.07404668629169464,0.08129546046257019,0.0,0.5187462344765663
7,7,evo,86,11,0.003735290840268135,0.024876492097973824,24.27675577140149,-0.10000000149011612,0.46249860525131226,0.3999630808830261,-0.07453781366348267,0.08809024095535278,0.0,0.5624986067414284
7,7,evo,86,12,0.003953753504902124,0.025839010253548622,24.029904100850157,-0.10000000149011612,0.4351819157600403,0.4087117910385132,-0.07717777043581009,0.09012755751609802,0.0,0.5351819172501564
7,7,evo,86,13,0.004163024947047234,0.02656952105462551,23.805909865831985,-0.10000000149011612,0.4866451025009155,0.4168877601623535,-0.0820574089884758,0.09083768725395203,0.0,0.5866451039910316
7,7,evo,86,14,0.004465208388864994,0.027650440111756325,23.501582680134455,3.0347962379455566,0.5600348711013794,0.42412298917770386,-0.08705878257751465,0.09338414669036865,0.0,2.4747613668441772
7,7,evo,86,15,0.004740951117128134,0.028704233467578888,23.241345225698762,-0.10000000149011612,0.5112674236297607,0.4310327172279358,-0.07277749478816986,0.09545326232910156,0.0,0.6112674251198769
7,7,evo,86,16,0.005081130191683769,0.02978675067424774,22.94039677200416,-0.10000000149011612,0.4761779308319092,0.4410210847854614,-0.05601771920919418,0.09691739082336426,0.0,0.5761779323220253
7,7,evo,86,17,0.005176178645342588,0.03038896434009075,22.859907432845553,-0.10000000149011612,0.46941912174224854,0.451005220413208,-0.05418359115719795,0.1021919846534729,0.0,0.5694191232323647
7,7,evo,86,18,0.005395973566919565,0.03130106255412102,22.679301864591935,-0.10000000149011612,0.4487645626068115,0.45792579650878906,-0.05783715844154358,0.1076703667640686,0.0,0.5487645640969276
7,7,evo,86,19,0.00586014473810792,0.03266282379627228,22.32091657329125,-0.10000000149011612,0.43590277433395386,0.46363943815231323,-0.05841704457998276,0.10756167769432068,0.0,0.53590277582407
7,7,evo,86,20,0.0060456618666648865,0.033428434282541275,22.18556146531035,3.0347962379455566,0.4309496283531189,0.46958935260772705,-0.07368834316730499,0.10936293005943298,0.0,2.6038466095924377
7,7,evo,86,21,0.006346574518829584,0.03434117138385773,21.974606162785108,-0.10000000149011612,0.36730682849884033,0.47281211614608765,-0.07249365001916885,0.10689201951026917,0.0,0.46730682998895645
7,7,evo,86,22,0.00658336142078042,0.03520635515451431,21.815523018664607,-0.10000000149011612,0.34673917293548584,0.47850149869918823,-0.07032124698162079,0.10577616095542908,0.0,0.44673917442560196
7,7,evo,86,23,0.006740417797118425,0.03575527295470238,21.713131833816565,-0.10000000149011612,0.26376640796661377,0.4841407537460327,-0.06423024088144302,0.10717186331748962,0.0,0.3637664094567299
7,7,evo,86,24,0.007020469754934311,0.03652535006403923,21.536338273074847,-0.10000000149011612,0.29080742597579956,0.4905274510383606,-0.05269235745072365,0.10595053434371948,0.0,0.3908074274659157
7,7,evo,86,25,0.007240097504109144,0.0372379869222641,21.402555850167445,-0.10000000149011612,0.36041945219039917,0.4978269338607788,-0.06229109317064285,0.10688889026641846,0.0,0.4604194536805153
7,7,evo,86,26,0.007613878697156906,0.03801381215453148,21.183940465622406,3.0347962379455566,0.3735693097114563,0.5018953680992126,-0.07573413848876953,0.10570186376571655,0.0,2.6612269282341003
7,7,evo,86,27,0.00788280088454485,0.03872421011328697,21.03319443351562,-0.10000000149011612,0.4042324423789978,0.5051608681678772,-0.08087683469057083,0.1053212583065033,0.0,0.5042324438691139
7,7,evo,86,28,0.008109183050692081,0.03923802450299263,20.910228960289903,-0.10000000149011612,0.42941272258758545,0.509170651435852,-0.07933058589696884,0.10334783792495728,0.0,0.5294127240777016
7,7,evo,86,29,0.008307806216180325,0.03964811936020851,20.805136421592167,-0.10000000149011612,0.45325803756713867,0.5142444372177124,-0.0771985724568367,0.10168707370758057,0.0,0.5532580390572548
7,7,evo,86,30,0.00866067036986351,0.04044468328356743,20.624484905848874,-0.10000000149011612,0.45001840591430664,0.5197526216506958,-0.0774354636669159,0.10230273008346558,0.0,0.5500184074044228
7,7,evo,86,31,0.008663332089781761,0.040586065500974655,20.62315037558122,3.0347962379455566,0.4053899645805359,0.5250986814498901,-0.06688528507947922,0.10154655575752258,0.0,2.6294062733650208
7,7,evo,86,32,0.008798206225037575,0.04099072888493538,20.556058626198748,-0.10000000149011612,0.5871340036392212,0.5322299003601074,-0.06956518441438675,0.10498547554016113,0.0,0.6871340051293373
7,7,evo,86,33,0.009079240262508392,0.041475821286439896,20.419504910829648,-0.10000000149011612,0.6360599994659424,0.5373576879501343,-0.07878144830465317,0.10435006022453308,0.0,0.7360600009560585
7,7,evo,86,34,0.0093211829662323,0.041922930628061295,20.305289671412112,-0.10000000149011612,0.6149093508720398,0.5416312217712402,-0.07695558667182922,0.10341888666152954,0.0,0.7149093523621559
7,7,evo,86,35,0.00956362672150135,0.04238982871174812,20.193773831999113,-0.10000000149011612,0.6219711899757385,0.5472099184989929,-0.06587230414152145,0.1028229296207428,0.0,0.7219711914658546
7,7,evo,86,36,0.009728028438985348,0.04287588223814964,20.119751684500045,-0.10000000149011612,0.64194256067276,0.5543515682220459,-0.05643858015537262,0.10248509049415588,0.0,0.7419425621628761
7,7,evo,86,37,0.00993585865944624,0.04323044419288635,20.027945950921293,3.0347962379455566,0.7181299328804016,0.5618271231651306,-0.05496377870440483,0.10374021530151367,0.0,2.316666305065155
7,7,evo,86,38,0.01013257633894682,0.04361787438392639,19.942801155943158,-0.10000000149011612,0.7104905247688293,0.5685089826583862,-0.05822591483592987,0.10287824273109436,0.0,0.8104905262589455
7,7,evo,86,39,0.010342497378587723,0.04405349865555763,19.85374580508837,-0.10000000149011612,0.7260197997093201,0.5745013356208801,-0.07190483063459396,0.10290682315826416,0.0,0.8260198011994362
7,7,evo,86,40,0.010660100728273392,0.044738367199897766,19.72238691601508,-0.10000000149011612,0.7465499043464661,0.5786300301551819,-0.09697908163070679,0.10429790616035461,0.0,0.8465499058365822
7,7,evo,86,41,0.010998931713402271,0.045331645756959915,19.58649494251293,-0.10000000149011612,0.6887115240097046,0.5803560018539429,-0.10998300462961197,0.10065436363220215,0.0,0.7887115254998207
7,7,evo,86,42,0.011090817861258984,0.04566706344485283,19.550364268413652,3.0347962379455566,0.7193216681480408,0.5829262733459473,-0.11614332348108292,0.09900346398353577,0.0,2.315474569797516
7,7,evo,86,43,0.011279359459877014,0.04603917524218559,19.477155626700103,-0.10000000149011612,0.6532433032989502,0.586394727230072,-0.11378543078899384,0.09644719958305359,0.0,0.7532433047890663
7,7,evo,86,44,0.011495017446577549,0.04646331071853638,19.39490365243192,-0.10000000149011612,0.6900013089179993,0.5919200778007507,-0.12600000202655792,0.09980997443199158,0.0,0.7900013104081154
7,7,evo,86,45,0.011930778622627258,0.04721552133560181,19.233312126183343,3.0347962379455566,0.6946046352386475,0.5955626368522644,-0.13355427980422974,0.10062748193740845,0.0,2.340191602706909
7,7,evo,86,46,0.012214596383273602,0.04777528718113899,19.131208791951,-0.10000000149011612,0.7040690183639526,0.5998386144638062,-0.14117304980754852,0.10233640670776367,0.0,0.8040690198540688
7,7,evo,86,47,0.012483355589210987,0.04836186766624451,19.036686584041046,-0.10000000149011612,0.6779650449752808,0.6035899519920349,-0.15106317400932312,0.10502618551254272,0.0,0.7779650464653969
7,7,evo,86,48,0.012792821042239666,0.04888748750090599,18.930336753819436,3.0347962379455566,0.6461560726165771,0.6067790389060974,-0.15384352207183838,0.11122938990592957,0.0,2.3886401653289795
7,7,evo,86,49,0.013129633851349354,0.04956948384642601,18.81747384996261,-0.10000000149011612,0.5968692302703857,0.6107319593429565,-0.14569081366062164,0.1130901575088501,0.0,0.6968692317605019
7,7,evo,86,50,0.01307869702577591,0.049543630331754684,18.83435520744356,3.0347962379455566,0.554394006729126,0.61672443151474,-0.1415751576423645,0.1165948212146759,0.0,2.4804022312164307
7,7,evo,86,51,0.013205808587372303,0.0499122329056263,18.792350019327976,-0.10000000149011612,0.5075467824935913,0.6218817234039307,-0.1412438303232193,0.12134072184562683,0.0,0.6075467839837074
7,7,evo,86,52,0.013575437478721142,0.05092965066432953,18.67246166046066,-0.10000000149011612,0.4628678560256958,0.6259256601333618,-0.14774003624916077,0.12409025430679321,0.0,0.5628678575158119
7,7,evo,86,53,0.013556982390582561,0.0509309284389019,18.67836968061977,3.0347962379455566,0.35759878158569336,0.6280494332313538,-0.14103403687477112,0.13002315163612366,0.0,2.6771974563598633
7,7,evo,86,54,0.01340457797050476,0.050597429275512695,18.727468547856315,-0.10000000149011612,0.2879559397697449,0.6317135095596313,-0.13484960794448853,0.1350124478340149,0.0,0.387955941259861
7,7,evo,86,55,0.013028677552938461,0.04950341954827309,18.850996641499304,-0.10000000149011612,0.23112744092941284,0.6346486210823059,-0.12747138738632202,0.14123445749282837,0.0,0.33112744241952896
7,7,evo,86,56,0.01274350006133318,0.04882588982582092,18.947112746255648,-0.10000000149011612,0.27105480432510376,0.6375194787979126,-0.13435319066047668,0.14974749088287354,0.0,0.3710548058152199
7,7,evo,86,57,0.012327584438025951,0.047939326614141464,19.09122014078257,-0.10000000149011612,0.24606013298034668,0.6370452642440796,-0.14099213480949402,0.1488552689552307,0.0,0.3460601344704628
7,7,evo,86,58,0.011965538375079632,0.047304559499025345,19.220677560504498,3.0347962379455566,0.24069589376449585,0.6363500356674194,-0.1432834267616272,0.1515345275402069,0.0,2.794100344181061
7,7,evo,86,59,0.011348935775458813,0.045789290219545364,19.45044861688075,-0.10000000149011612,0.22507578134536743,0.6354092955589294,-0.14538626372814178,0.15413567423820496,0.0,0.32507578283548355
7,7,evo,86,60,0.01073969155550003,0.04439401999115944,19.69008191417459,-0.10000000149011612,0.2364736795425415,0.6341627836227417,-0.15907344222068787,0.1525244116783142,0.0,0.3364736810326576
7,7,evo,86,61,0.010268664918839931,0.043280865997076035,19.884860175586752,-0.10000000149011612,0.22937089204788208,0.630534291267395,-0.1712217777967453,0.14797520637512207,0.0,0.3293708935379982
7,7,evo,86,62,0.009423558600246906,0.04142795130610466,20.25785064446465,-0.10000000149011612,0.25834137201309204,0.6268203258514404,-0.18895258009433746,0.14567792415618896,0.0,0.35834137350320816
7,7,evo,86,63,0.008520255796611309,0.0392182394862175,20.695473665725995,-0.10000000149011612,0.25164157152175903,0.6215280294418335,-0.19306989014148712,0.1366117000579834,0.0,0.35164157301187515
7,7,evo,86,64,0.007651197258383036,0.03729734942317009,21.162706011829584,3.0347962379455566,0.30084484815597534,0.6191836595535278,-0.19557808339595795,0.13092994689941406,0.0,2.7339513897895813
7,7,evo,86,65,0.006688537076115608,0.03475828468799591,21.746688611927844,-0.10000000149011612,0.27537381649017334,0.6171581149101257,-0.18164904415607452,0.1190863847732544,0.0,0.37537381798028946
7,7,evo,86,66,0.005696408450603485,0.03214901313185692,22.4439887795908,-0.10000000149011612,0.36810773611068726,0.6186243891716003,-0.1723932921886444,0.11463910341262817,0.0,0.4681077376008034
7,7,evo,86,67,0.004767094273120165,0.029753878712654114,23.217462594656485,-0.10000000149011612,0.36633408069610596,0.6180358529090881,-0.16453661024570465,0.10675686597824097,0.0,0.4663340821862221
7,7,evo,86,68,0.004153821151703596,0.027715861797332764,23.815522065251265,-0.10000000149011612,0.39588797092437744,0.6163044571876526,-0.16075420379638672,0.09975847601890564,0.0,0.49588797241449356
7,7,evo,86,69,0.003837198717519641,0.02678844891488552,24.159857093532775,3.0347962379455566,0.4033887982368469,0.6124085783958435,-0.1545291244983673,0.09063565731048584,0.0,2.6314074397087097
7,7,evo,86,70,0.004167900886386633,0.02794947288930416,23.800826172054528,-0.10000000149011612,0.3952438235282898,0.6080609560012817,-0.13432468473911285,0.08278584480285645,0.0,0.4952438250184059
7,7,evo,86,71,0.0048049516044557095,0.02966930717229843,23.183109821939123,-0.10000000149011612,0.3550683856010437,0.605137288570404,-0.07572546601295471,0.07094138860702515,0.0,0.4550683870911598
7,7,evo,86,72,0.005379828158766031,0.031229257583618164,22.692315962465415,-0.10000000149011612,0.261915385723114,0.6084499955177307,-0.0013786004856228828,0.061634331941604614,0.0,0.36191538721323013
7,7,evo,86,73,0.005797637160867453,0.03238166496157646,22.367489680020533,-0.10000000149011612,0.2583222985267639,0.6139160394668579,0.037526730448007584,0.05790477991104126,0.0,0.35832230001688004
7,7,evo,86,74,0.006168814841657877,0.033392373472452164,22.097982650053417,3.0347962379455566,0.3630228638648987,0.6145407557487488,0.05834594741463661,0.06209331750869751,0.0,2.671773374080658
7,7,evo,86,75,0.006263711955398321,0.03366204351186752,22.031682220639954,-0.10000000149011612,0.3453415036201477,0.6136311292648315,0.07438033819198608,0.06499037146568298,0.0,0.4453415051102638
7,7,evo,86,76,0.00632217014208436,0.03397480025887489,21.991338206169576,-0.10000000149011612,0.35701096057891846,0.6121130585670471,0.08090135455131531,0.06931006908416748,0.0,0.4570109620690346
7,7,evo,86,77,0.006271921563893557,0.034050751477479935,22.025993815387345,-0.10000000149011612,0.3286021947860718,0.6085651516914368,0.07053030282258987,0.07489821314811707,0.0,0.4286021962761879
7,7,evo,86,78,0.006050748750567436,0.03371661528944969,22.181908802038418,3.0347962379455566,0.29437655210494995,0.6012246608734131,0.05678166076540947,0.07770299911499023,0.0,2.7404196858406067
7,7,evo,86,79,0.005887627601623535,0.03339556232094765,22.300596673653047,-0.10000000149011612,0.33200037479400635,0.5909481048583984,0.03189799189567566,0.08148443698883057,0.0,0.43200037628412247
7,7,evo,86,80,0.005577779840677977,0.03275250270962715,22.535386316737064,-0.10000000149011612,0.26704835891723633,0.5775275230407715,,,,0.36704836040735245
8,8,evo,153,0,0.0018652143189683557,0.018962226808071136,27.292712591916644,,,,-0.0543966107070446,0.09336310625076294,0.0,
8,8,evo,153,1,0.0019465169170871377,0.019284235313534737,27.107418174964653,-0.10000000149011612,0.13182395696640015,0.13182395696640015,-0.06920988112688065,0.0889596939086914,0.0,0.23182395845651627
8,8,evo,153,2,0.001981116598471999,0.01946231536567211,27.03089963339389,-0.10000000149011612,0.10012868046760559,0.13878417015075684,-0.07793646305799484,0.08401486277580261,0.0,0.2001286819577217
8,8,evo,153,3,0.0019015009747818112,0.01936689391732216,27.20903447616452,3.884063720703125,0.09130644798278809,0.14934182167053223,-0.08691645413637161,0.081004798412323,0.0,3.792757272720337
8,8,evo,153,4,0.001865074154920876,0.019400721415877342,27.293038960629605,-0.10000000149011612,0.04185056313872337,0.16141584515571594,-0.08223320543766022,0.07465726137161255,0.0,0.1418505646288395
8,8,evo,153,5,0.001835713512264192,0.01924051344394684,27.361950953303094,-0.10000000149011612,0.06630063056945801,0.1765393316745758,-0.08426662534475327,0.07111063599586487,0.0,0.16630063205957413
8,8,evo,153,6,0.0019445408834144473,0.019509227946400642,27.11182921503591,-0.10000000149011612,0.0626889169216156,0.19054290652275085,-0.09954476356506348,0.06752932071685791,0.0,0.16268891841173172
8,8,evo,153,7,0.001997116021811962,0.019778260961174965,26.995967041983707,-0.10000000149011612,0.05917489156126976,0.20218783617019653,-0.10221763700246811,0.06402021646499634,0.0,0.15917489305138588
8,8,evo,153,8,0.0021883498411625624,0.02059302292764187,26.598832481789614,-0.10000000149011612,0.08928412199020386,0.21641689538955688,-0.088790662586689,0.05879029631614685,0.0,0.18928412348031998
8,8,evo,153,9,0.0024281051009893417,0.021609477698802948,26.147325186709857,3.884063720703125,0.10461774468421936,0.2335113286972046,-0.06220871955156326,0.05534559488296509,0.0,3.7794459760189056
8,8,evo,153,10,0.0026303648483008146,0.022387215867638588,25.799840079307188,-0.10000000149011612,0.10010784864425659,0.25276315212249756,-0.050831034779548645,0.052652955055236816,0.0,0.2001078501343727
8,8,evo,153,11,0.002760432893410325,0.022966131567955017,25.5902280616769,-0.10000000149011612,0.10444080829620361,0.2690778374671936,-0.045768678188323975,0.05182871222496033,0.0,0.20444080978631973
8,8,evo,153,12,0.0030394711066037416,0.023825570940971375,25.17201980689542,-0.10000000149011612,0.12509244680404663,0.28509169816970825,-0.03409291058778763,0.0489465594291687,0.0,0.22509244829416275
8,8,evo,153,13,0.0033155616838485003,0.02465852163732052,24.794428879130855,-0.10000000149011612,0.17219328880310059,0.30289512872695923,-0.02483329176902771,0.04671838879585266,0.0,0.2721932902932167
8,8,evo,153,14,0.0033716384787112474,0.024874577298760414,24.721589984357752,3.884063720703125,0.21314483880996704,0.3207164406776428,-0.00808579009026289,0.04376488924026489,0.0,3.670918881893158
8,8,evo,153,15,0.003627228317782283,0.025519555434584618,24.404251066660088,-0.10000000149011612,0.32803213596343994,0.340445876121521,-0.006940825376659632,0.04266911745071411,0.0,0.42803213745355606
8,8,evo,153,16,0.0037204890977591276,0.025841249153017998,24.29399963748384,-0.10000000149011612,0.315660297870636,0.3582804203033447,-0.008306403644382954,0.04270508885383606,0.0,0.4156602993607521
8,8,evo,153,17,0.003859954886138439,0.026299208402633667,24.134177711872162,-0.10000000149011612,0.31387418508529663,0.3762611150741577,-0.0034898247104138136,0.04237252473831177,0.0,0.41387418657541275
8,8,evo,153,18,0.0039598289877176285,0.026697494089603424,24.02323569451832,-0.10000000149011612,0.3126402497291565,0.39526867866516113,-0.00804950948804617,0.04290953278541565,0.0,0.4126402512192726
8,8,evo,153,19,0.003955955151468515,0.02678334154188633,24.02748640628992,3.884063720703125,0.31943321228027344,0.4130305051803589,-0.00032981857657432556,0.04273730516433716,0.0,3.5646305084228516
8,8,evo,153,20,0.004083804786205292,0.02710854448378086,23.889350262080782,-0.10000000149011612,0.39495426416397095,0.4327778220176697,-0.005607404746115208,0.043157219886779785,0.0,0.49495426565408707
8,8,evo,153,21,0.004143450874835253,0.027324602007865906,23.82637805828232,-0.10000000149011612,0.4072158932685852,0.4507998824119568,-0.007864333689212799,0.04392620921134949,0.0,0.5072158947587013
8,8,evo,153,22,0.00426855543628335,0.02763480506837368,23.69719073966891,-0.10000000149011612,0.39463484287261963,0.46908408403396606,-0.006306031718850136,0.04418361186981201,0.0,0.49463484436273575
8,8,evo,153,23,0.0044084168039262295,0.02792234718799591,23.557173508423745,-0.10000000149011612,0.38441652059555054,0.48752039670944214,-0.005358663387596607,0.04393118619918823,0.0,0.48441652208566666
8,8,evo,153,24,0.004673505201935768,0.028414776548743248,23.303572695740815,3.884063720703125,0.3704633116722107,0.5059579610824585,0.0032933757174760103,0.04457482695579529,0.0,3.5136004090309143
8,8,evo,153,25,0.0048394775949418545,0.028659874573349953,23.15201516429753,-0.10000000149011612,0.3134201169013977,0.5255667567253113,0.017601706087589264,0.045082420110702515,0.0,0.4134201183915138
8,8,evo,153,26,0.004903786350041628,0.02875274233520031,23.094684595783935,-0.10000000149011612,0.3040800094604492,0.5467091798782349,0.02479179948568344,0.04700249433517456,0.0,0.40408001095056534
8,8,evo,153,27,0.00491538317874074,0.028728490695357323,23.084426210818606,-0.10000000149011612,0.26685577630996704,0.5676745176315308,0.044470250606536865,0.048108041286468506,0.0,0.36685577780008316
8,8,evo,153,28,0.004732243251055479,0.0282012727111578,23.24932939471855,-0.10000000149011612,0.2913144826889038,0.5908067226409912,0.056855883449316025,0.051191359758377075,0.0,0.39131448417901993
8,8,evo,153,29,0.004715331364423037,0.028206700459122658,23.264877823150385,3.884063720703125,0.2952311635017395,0.6136620044708252,0.04815572500228882,0.0552372932434082,0.0,3.5888325572013855
8,8,evo,153,30,0.004519287962466478,0.027675015851855278,23.449299851733866,-0.10000000149011612,0.23164725303649902,0.6335422992706299,0.04904228448867798,0.05855885148048401,0.0,0.33164725452661514
8,8,evo,153,31,0.004414333961904049,0.027404064312577248,23.551348138282805,-0.10000000149011612,0.2095957100391388,0.6524568200111389,0.04186978563666344,0.0605868399143219,0.0,0.3095957115292549
8,8,evo,153,32,0.004186177626252174,0.026918018236756325,23.781823477927205,-0.10000000149011612,0.19725289940834045,0.6690147519111633,0.03493069112300873,0.06341248750686646,0.0,0.2972529008984566
8,8,evo,153,33,0.00400923378765583,0.026647070422768593,23.969386182996146,-0.10000000149011612,0.23671942949295044,0.6839208602905273,0.031155811622738838,0.06544581055641174,0.0,0.33671943098306656
8,8,evo,153,34,0.0038472095038741827,0.026133259758353233,24.148541630825605,3.884063720703125,0.22920143604278564,0.6976748108863831,0.03211512416601181,0.06786549091339111,0.0,3.6548622846603394
8,8,evo,153,35,0.0037590821739286184,0.02596220187842846,24.249181804597217,-0.10000000149011612,0.243735671043396,0.7111250162124634,0.0415215939283371,0.0705115795135498,0.0,0.3437356725335121
8,8,evo,153,36,0.0036381289828568697,0.025846993550658226,24.391219079250895,-0.10000000149011612,0.23514550924301147,0.7253276705741882,0.04736809805035591,0.07420164346694946,0.0,0.3351455107331276
8,8,evo,153,37,0.003402471309527755,0.025320732966065407,24.682055281867328,-0.10000000149011612,0.23614507913589478,0.7391931414604187,0.05579749867320061,0.07669675350189209,0.0,0.3361450806260109
8,8,evo,153,38,0.003308125538751483,0.02513786591589451,24.80418017936744,-0.10000000149011612,0.27562421560287476,0.752809464931488,0.05834577605128288,0.08044427633285522,0.0,0.3756242170929909
8,8,evo,153,39,0.003231350565329194,0.025433069095015526,24.90615923341352,3.884063720703125,0.30350959300994873,0.764630138874054,0.047150515019893646,0.08472225069999695,0.0,3.5805541276931763
8,8,evo,153,40,0.003042044350877404,0.025001274421811104,25.168344585272955,-0.10000000149011612,0.33561187982559204,0.7728989720344543,0.03486229479312897,0.08769014477729797,0.0,0.43561188131570816
8,8,evo,153,41,0.0028607926797121763,0.02469777502119541,25.435136141693675,-0.10000000149011612,0.3269369602203369,0.7781420350074768,0.020139440894126892,0.08740466833114624,0.0,0.42693696171045303
8,8,evo,153,42,0.0027351609896868467,0.024474697187542915,25.630171063049673,-0.10000000149011612,0.35526174306869507,0.7807236313819885,0.00610878923907876,0.08526331186294556,0.0,0.4552617445588112
8,8,evo,153,43,0.002658075885847211,0.024463526904582977,25.75432624471447,-0.10000000149011612,0.39734339714050293,0.7816728949546814,0.0026900069788098335,0.08326098322868347,0.0,0.49734339863061905
8,8,evo,153,44,0.0026011343579739332,0.024342894554138184,25.848372143479047,3.884063720703125,0.37185269594192505,0.7829441428184509,0.0002121850848197937,0.08075281977653503,0.0,3.5122110247612
8,8,evo,153,45,0.0026112941559404135,0.024572035297751427,25.831442032034477,-0.10000000149011612,0.3618156313896179,0.7846412062644958,-0.002705964259803295,0.07932823896408081,0.0,0.46181563287973404
8,8,evo,153,46,0.002552512800320983,0.024706711992621422,25.930320713390618,-0.10000000149011612,0.3421878218650818,0.786465585231781,-0.002526358002796769,0.07747775316238403,0.0,0.4421878233551979
8,8,evo,153,47,0.002595889149233699,0.025046592578291893,25.85713856904023,-0.10000000149011612,0.3551977872848511,0.7886077761650085,-0.013297772035002708,0.07660287618637085,0.0,0.4551977887749672
8,8,evo,153,48,0.0026592311915010214,0.025515727698802948,25.752439038010184,-0.10000000149011612,0.3408740162849426,0.7890153527259827,-0.027055691927671432,0.07547491788864136,0.0,0.44087401777505875
8,8,evo,153,49,0.0029019787907600403,0.026097195222973824,25.37305765947056,3.884063720703125,0.31764209270477295,0.7882182002067566,-0.04343346133828163,0.0745496153831482,0.0,3.566421627998352
8,8,evo,153,50,0.0030819240491837263,0.026722388342022896,25.111780682220257,-0.10000000149011612,0.23368710279464722,0.7863112092018127,-0.04362419247627258,0.07109826803207397,0.0,0.33368710428476334
8,8,evo,153,51,0.0033399828244000673,0.027576399967074394,24.762557665080323,-0.10000000149011612,0.2044823169708252,0.7873179316520691,-0.04027390480041504,0.06738117337226868,0.0,0.3044823184609413
8,8,evo,153,52,0.0035791797563433647,0.0282424408942461,24.462164895877542,-0.10000000149011612,0.19568157196044922,0.7904003262519836,-0.04236961528658867,0.06415465474128723,0.0,0.29568157345056534
8,8,evo,153,53,0.003904589219018817,0.028921887278556824,24.08424649186763,-0.10000000149011612,0.16914677619934082,0.7938477396965027,-0.03912828117609024,0.0600304901599884,0.0,0.26914677768945694
8,8,evo,153,54,0.004194409120827913,0.02966739423573017,23.773292109111253,3.884063720703125,0.19862616062164307,0.799153745174408,-0.03698031231760979,0.05694937705993652,0.0,3.685437560081482
8,8,evo,153,55,0.0045931050553917885,0.030645549297332764,23.37893621106098,-0.10000000149011612,0.20146238803863525,0.8052085041999817,-0.027354644611477852,0.052885472774505615,0.0,0.3014623895287514
8,8,evo,153,56,0.004979489836841822,0.0314670167863369,23.028151496888498,-0.10000000149011612,0.2597913146018982,0.8139488101005554,-0.00875188410282135,0.04906046390533447,0.0,0.3597913160920143
8,8,evo,153,57,0.005328579340130091,0.032195284962654114,22.73388563390394,-0.10000000149011612,0.2958725094795227,0.8257289528846741,0.0031541779171675444,0.04731598496437073,0.0,0.3958725109696388
8,8,evo,153,58,0.005669116973876953,0.03312684968113899,22.46484581889753,3.884063720703125,0.31811952590942383,0.837573230266571,-0.006193381734192371,0.047428786754608154,0.0,3.565944194793701
8,8,evo,153,59,0.006008780095726252,0.03380405902862549,22.21213689639647,-0.10000000149011612,0.25873810052871704,0.8469407558441162,-0.005416932515799999,0.04657629132270813,0.0,0.35873810201883316
8,8,evo,153,60,0.006316379178315401,0.0344710610806942,21.995318067658435,-0.10000000149011612,0.2712321877479553,0.8598189353942871,-0.0002660118043422699,0.043687283992767334,0.0,0.37123218923807144
8,8,evo,153,61,0.006667721550911665,0.03519550338387489,21.760225449309488,-0.10000000149011612,0.28042715787887573,0.8738410472869873,-0.0008032357436604798,0.04162821173667908,0.0,0.38042715936899185
8,8,evo,153,62,0.0071402364410459995,0.03618738427758217,21.462874068034612,-0.10000000149011612,0.3119731545448303,0.8871982097625732,0.0016563370591029525,0.04027780890464783,0.0,0.41197315603494644
8,8,evo,153,63,0.007487548049539328,0.036794066429138184,21.256603776132724,3.884063720703125,0.2952238917350769,0.9016134738922119,0.004849261604249477,0.038497596979141235,0.0,3.588839828968048
8,8,evo,153,64,0.007905927486717701,0.03759414330124855,21.020471733301072,-0.10000000149011612,0.3039368987083435,0.9159746170043945,0.004364660009741783,0.03774803876876831,0.0,0.4039369001984596
8,8,evo,153,65,0.008140616118907928,0.03793274983763695,20.893427244823066,-0.10000000149011612,0.2978512644767761,0.9292137622833252,0.010403052903711796,0.03763595223426819,0.0,0.39785126596689224
8,8,evo,153,66,0.008546642027795315,0.03865208849310875,20.682044858862945,-0.10000000149011612,0.35384172201156616,0.943347692489624,0.007853603921830654,0.03760811686515808,0.0,0.4538417235016823
8,8,evo,153,67,0.009006463922560215,0.039506737142801285,20.454456863072682,3.884063720703125,0.3537244200706482,0.9543371796607971,-0.007565216161310673,0.03715583682060242,0.0,3.530339300632477
8,8,evo,153,68,0.00951343309134245,0.04044628143310547,20.216627318983853,-0.10000000149011612,0.28239840269088745,0.9621499180793762,-0.019389009103178978,0.03670144081115723,0.0,0.38239840418100357
8,8,evo,153,69,0.009916690178215504,0.04134656861424446,20.03633254982104,-0.10000000149011612,0.2622193694114685,0.969809353351593,-0.029312781989574432,0.0352439284324646,0.0,0.3622193709015846
8,8,evo,153,70,0.01042349636554718,0.04235408827662468,19.819865806941458,-0.10000000149011612,0.24215549230575562,0.9754601120948792,-0.03246278315782547,0.03421670198440552,0.0,0.34215549379587173
8,8,evo,153,71,0.011037076823413372,0.0435514934360981,19.57145934538239,-0.10000000149011612,0.25848811864852905,0.9804103970527649,-0.029944878071546555,0.032578080892562866,0.0,0.35848812013864517
8,8,evo,153,72,0.011679665185511112,0.04491836950182915,19.32569606724401,3.884063720703125,0.2927781939506531,0.9841640591621399,-0.03610646352171898,0.03169131278991699,0.0,3.591285526752472
8,8,evo,153,73,0.012297570705413818,0.046228427439928055,19.10180671766575,-0.10000000149011612,0.2622969150543213,0.9837494492530823,-0.02020529843866825,0.030947983264923096,0.0,0.3622969165444374
8,8,evo,153,74,0.012753106653690338,0.04710254445672035,18.943840083116854,-0.10000000149011612,0.28332871198654175,0.9880674481391907,-0.004996642004698515,0.030090361833572388,0.0,0.38332871347665787
8,8,evo,153,75,0.013252845965325832,0.04815250635147095,18.776908497032508,-0.10000000149011612,0.3439999222755432,0.9886408448219299,-0.002987420652061701,0.030296385288238525,0.0,0.44399992376565933
8,8,evo,153,76,0.013869598507881165,0.04972362518310547,18.579361105442675,-0.10000000149011612,0.36103951930999756,0.9856343865394592,-0.005987036041915417,0.031786441802978516,0.0,0.4610395208001137
8,8,evo,153,77,0.014251566492021084,0.05091752111911774,18.461373966063505,3.884063720703125,0.3702734112739563,0.9826076626777649,-0.018946101889014244,0.03260570764541626,0.0,3.5137903094291687
8,8,evo,153,78,0.014803215861320496,0.05218864977359772,18.296439279082502,-0.10000000149011612,0.3201466202735901,0.9770882725715637,-0.019202006980776787,0.03280961513519287,0.0,0.4201466217637062
8,8,evo,153,79,0.015407971106469631,0.05352838709950447,18.12254544621966,-0.10000000149011612,0.3145809769630432,0.9745875000953674,-0.005889699794352055,0.033085256814956665,0.0,0.41458097845315933
8,8,evo,153,80,0.01610623113811016,0.0550069622695446,17.93006072703823,-0.10000000149011612,0.31934553384780884,0.9723623394966125,,,,0.41934553533792496
9,9,evo,422,0,0.0018405057489871979,0.02004634030163288,27.350628216568595,,,,-0.01461224164813757,0.11043339967727661,0.0,
9,9,evo,422,1,0.0017792098224163055,0.02014048397541046,27.497728324983143,-0.10000000149011612,0.28195756673812866,0.28195756673812866,-0.046258654445409775,0.10273846983909607,0.0,0.3819575682282448
9,9,evo,422,2,0.0018327411962673068,0.020449092611670494,27.368988579884082,-0.10000000149011612,0.17389535903930664,0.29536205530166626,-0.07697008550167084,0.09952318668365479,0.0,0.27389536052942276
9,9,evo,422,3,0.002183418720960617,0.020848968997597694,26.60862970307928,3.4087719917297363,0.10751977562904358,0.3007959723472595,-0.05612143129110336,0.08558103442192078,0.0,3.3012522161006927
9,9,evo,422,4,0.002150721615180373,0.020654933527112007,26.674158001263706,-0.10000000149011612,0.21007400751113892,0.3115941286087036,-0.046866223216056824,0.07847994565963745,0.0,0.31007400900125504
9,9,evo,422,5,0.002024135086685419,0.020449409261345863,26.937605069289084,-0.10000000149011612,0.23827141523361206,0.3173636794090271,-0.08093680441379547,0.0787765383720398,0.0,0.3382714167237282
9,9,evo,422,6,0.002054518321529031,0.020819291472434998,26.872899814872987,3.4087719917297363,0.1597658395767212,0.31533879041671753,-0.09938300400972366,0.07406294345855713,0.0,3.249006152153015
9,9,evo,422,7,0.0023507485166192055,0.021671390160918236,26.287938292699696,-0.10000000149011612,0.13179582357406616,0.31600069999694824,-0.05142925679683685,0.06421032547950745,0.0,0.23179582506418228
9,9,evo,422,8,0.0028387357015162706,0.023073362186551094,25.468750402731235,-0.10000000149011612,0.28696107864379883,0.32923823595046997,-0.03342502564191818,0.058733075857162476,0.0,0.38696108013391495
9,9,evo,422,9,0.0029333755373954773,0.02354249358177185,25.32632334094682,3.4087719917297363,0.3132472634315491,0.33503299951553345,-0.05774936452507973,0.06341895461082458,0.0,3.0955247282981873
9,9,evo,422,10,0.003321020631119609,0.02457682229578495,24.787284264330598,-0.10000000149011612,0.28250402212142944,0.3341692090034485,-0.03674399480223656,0.05915093421936035,0.0,0.38250402361154556
9,9,evo,422,11,0.003976514562964439,0.025936031714081764,24.004974227161885,-0.10000000149011612,0.3534170389175415,0.3434227705001831,0.021999530494213104,0.05362921953201294,0.0,0.4534170404076576
9,9,evo,422,12,0.0043001254089176655,0.026913871988654137,23.665188784653633,3.4087719917297363,0.4311562776565552,0.35945022106170654,0.019471334293484688,0.056281834840774536,0.0,2.977615714073181
9,9,evo,422,13,0.004187234211713076,0.026845894753932953,23.780727462953514,-0.10000000149011612,0.4914969801902771,0.36460989713668823,0.017146624624729156,0.06783312559127808,0.0,0.5914969816803932
9,9,evo,422,14,0.004547683522105217,0.027608314529061317,23.422097659248685,3.4087719917297363,0.45843929052352905,0.3721469044685364,0.04225506633520126,0.07399612665176392,0.0,2.9503327012062073
9,9,evo,422,15,0.00464775413274765,0.027997344732284546,23.32756854287097,-0.10000000149011612,0.473189115524292,0.3849833607673645,0.07036513090133667,0.08403873443603516,0.0,0.5731891170144081
9,9,evo,422,16,0.004935214761644602,0.02866785228252411,23.066939437506214,-0.10000000149011612,0.4817737340927124,0.3992875814437866,0.11346028745174408,0.08716517686843872,0.0,0.5817737355828285
9,9,evo,422,17,0.00542868347838521,0.029498569667339325,22.65305479323886,3.4087719917297363,0.6165868043899536,0.4179619550704956,0.13795800507068634,0.11212119460105896,0.0,2.7921851873397827
9,9,evo,422,18,0.006068915128707886,0.03042534738779068,22.16888935897499,-0.10000000149011612,0.4914097189903259,0.435083270072937,0.12828463315963745,0.1247992217540741,0.0,0.591409720480442
9,9,evo,422,19,0.006862189155071974,0.03152509406208992,21.63537314861635,-0.10000000149011612,0.37811923027038574,0.4494287967681885,0.08253166079521179,0.1280055046081543,0.0,0.47811923176050186
9,9,evo,422,20,0.008191555738449097,0.0348517931997776,20.866336092945087,3.4087719917297363,0.32151514291763306,0.45926403999328613,-0.006598963402211666,0.13561001420021057,0.0,3.0872568488121033
9,9,evo,422,21,0.009218413382768631,0.03799944743514061,20.35343820638714,-0.10000000149011612,0.3334065079689026,0.4599418044090271,-0.1256394386291504,0.13660579919815063,0.0,0.4334065094590187
9,9,evo,422,22,0.010164428502321243,0.04041915386915207,19.929170346615237,-0.10000000149011612,0.3616299033164978,0.44964033365249634,-0.20089800655841827,0.12426310777664185,0.0,0.4616299048066139
9,9,evo,422,23,0.010835248045623302,0.042654719203710556,19.651611421556623,3.4087719917297363,0.4362739324569702,0.4362126588821411,-0.2625868022441864,0.10876578092575073,0.0,2.972498059272766
9,9,evo,422,24,0.011240142397582531,0.043695107102394104,19.492281868014242,-0.10000000149011612,0.47923552989959717,0.42559337615966797,-0.23845450580120087,0.08970567584037781,0.0,0.5792355313897133
9,9,evo,422,25,0.011490154080092907,0.04433466121554375,19.39674147492267,-0.10000000149011612,0.6060559749603271,0.4409145712852478,-0.1933276504278183,0.07498690485954285,0.0,0.7060559764504433
9,9,evo,422,26,0.01136715617030859,0.04403562843799591,19.443481733089996,3.4087719917297363,0.6116012930870056,0.4638369679450989,-0.1354822814464569,0.06616517901420593,0.0,2.7971706986427307
9,9,evo,422,27,0.011263868771493435,0.04402126744389534,19.48312417874216,-0.10000000149011612,0.5885061025619507,0.4833689332008362,-0.08356647938489914,0.06423616409301758,0.0,0.6885061040520668
9,9,evo,422,28,0.011263447813689709,0.044204454869031906,19.483286488043937,-0.10000000149011612,0.5163307189941406,0.4951872229576111,-0.06971194595098495,0.07001903653144836,0.0,0.6163307204842567
9,9,evo,422,29,0.011456250213086605,0.04457848146557808,19.409575096158175,3.4087719917297363,0.4932389259338379,0.4970993995666504,-0.1079169288277626,0.07545647025108337,0.0,2.9155330657958984
9,9,evo,422,30,0.011935323476791382,0.04529941454529762,19.231658060429183,-0.10000000149011612,0.6074634194374084,0.4898490905761719,-0.13735774159431458,0.07855862379074097,0.0,0.7074634209275246
9,9,evo,422,31,0.012487360276281834,0.04611162468791008,19.035293581516893,3.4087719917297363,0.6532670855522156,0.4870014190673828,-0.12693831324577332,0.07598331570625305,0.0,2.7555049061775208
9,9,evo,422,32,0.01307443156838417,0.04685552790760994,18.835771836905526,-0.10000000149011612,0.5040954947471619,0.49257010221481323,-0.0885557159781456,0.07643598318099976,0.0,0.604095496237278
9,9,evo,422,33,0.01368267834186554,0.047971878200769424,18.638288824960124,-0.10000000149011612,0.4589369297027588,0.502062201499939,-0.07613235712051392,0.08127045631408691,0.0,0.5589369311928749
9,9,evo,422,34,0.014254574663937092,0.04897333309054375,18.4604573688563,3.4087719917297363,0.4639538526535034,0.5045122504234314,-0.08671557158231735,0.08749288320541382,0.0,2.944818139076233
9,9,evo,422,35,0.01480831578373909,0.05024956539273262,18.29494332932011,-0.10000000149011612,0.6364730000495911,0.5039477348327637,-0.10404890030622482,0.08974534273147583,0.0,0.7364730015397072
9,9,evo,422,36,0.015327020548284054,0.051420796662569046,18.145422603575575,-0.10000000149011612,0.6194465756416321,0.5040351152420044,-0.09526026993989944,0.08828946948051453,0.0,0.7194465771317482
9,9,evo,422,37,0.0157201886177063,0.05254831910133362,18.03542247409995,3.4087719917297363,0.6704575419425964,0.5104093551635742,-0.08918886631727219,0.09284248948097229,0.0,2.73831444978714
9,9,evo,422,38,0.015974637120962143,0.05349041149020195,17.965689984686986,-0.10000000149011612,0.604422390460968,0.5153292417526245,-0.0865803211927414,0.09406968951225281,0.0,0.7044223919510841
9,9,evo,422,39,0.01610410399734974,0.054089438170194626,17.93063433516242,-0.10000000149011612,0.6672725081443787,0.5203587412834167,-0.09446120262145996,0.09213808178901672,0.0,0.7672725096344948
9,9,evo,422,40,0.016189606860280037,0.05470345541834831,17.90763697292583,3.4087719917297363,0.7591227889060974,0.5243240594863892,-0.11617535352706909,0.09034797549247742,0.0,2.649649202823639
9,9,evo,422,41,0.016307925805449486,0.054965466260910034,17.876012730818612,-0.10000000149011612,0.7845966219902039,0.5268458724021912,-0.1256319284439087,0.08849567174911499,0.0,0.88459662348032
9,9,evo,422,42,0.016409432515501976,0.055209606885910034,17.849064378163504,3.4087719917297363,0.8362328410148621,0.5330372452735901,-0.13377459347248077,0.08825847506523132,0.0,2.5725391507148743
9,9,evo,422,43,0.01627965271472931,0.05487451329827309,17.88354863923809,-0.10000000149011612,0.7949817776679993,0.539577305316925,-0.139156311750412,0.0901496410369873,0.0,0.8949817791581154
9,9,evo,422,44,0.01622776873409748,0.05456750467419624,17.89741190160526,3.4087719917297363,0.7514007687568665,0.5471118688583374,-0.14443281292915344,0.09504708647727966,0.0,2.65737122297287
9,9,evo,422,45,0.01589634269475937,0.05381210520863533,17.987027832385337,3.4087719917297363,0.6402350068092346,0.5551192760467529,-0.13754285871982574,0.09860533475875854,0.0,2.7685369849205017
9,9,evo,422,46,0.015457485802471638,0.05290798470377922,18.10861143723543,-0.10000000149011612,0.5389308929443359,0.5662186741828918,-0.1223270371556282,0.10973533987998962,0.0,0.6389308944344521
9,9,evo,422,47,0.01475612074136734,0.05157143995165825,18.310277998334804,3.4087719917297363,0.4489811062812805,0.5779739618301392,-0.1031644269824028,0.1249062716960907,0.0,2.959790885448456
9,9,evo,422,48,0.014370561577379704,0.05082975700497627,18.4252626003615,-0.10000000149011612,0.450470507144928,0.5897295475006104,-0.09276857227087021,0.13861331343650818,0.0,0.5504705086350441
9,9,evo,422,49,0.013715368695557117,0.0497092641890049,18.62792513229431,3.4087719917297363,0.4123164415359497,0.6000773310661316,-0.07237434387207031,0.14875060319900513,0.0,2.9964555501937866
9,9,evo,422,50,0.013541637919843197,0.04949672147631645,18.68328802672428,-0.10000000149011612,0.5018066763877869,0.6143695116043091,-0.07995285093784332,0.1580682396888733,0.0,0.601806677877903
9,9,evo,422,51,0.01309678703546524,0.04892418161034584,18.82835234413981,-0.10000000149011612,0.46475744247436523,0.623974621295929,-0.07816144824028015,0.15822625160217285,0.0,0.5647574439644814
9,9,evo,422,52,0.012844301760196686,0.0488552488386631,18.912894998005825,3.4087719917297363,0.49321305751800537,0.639765739440918,-0.08654844760894775,0.1585596203804016,0.0,2.915558934211731
9,9,evo,422,53,0.012514274567365646,0.04850068688392639,19.025943206879138,-0.10000000149011612,0.4145708680152893,0.6539511680603027,-0.10603777319192886,0.1532050371170044,0.0,0.5145708695054054
9,9,evo,422,54,0.012131284922361374,0.04766390845179558,19.16093197061111,-0.10000000149011612,0.39364659786224365,0.6680877208709717,-0.10541310906410217,0.1391308307647705,0.0,0.49364659935235977
9,9,evo,422,55,0.011643636040389538,0.04690244421362877,19.33911378303723,3.4087719917297363,0.4406139850616455,0.6880502104759216,-0.1179785430431366,0.12657979130744934,0.0,2.968158006668091
9,9,evo,422,56,0.010999373160302639,0.045465048402547836,19.586320640034618,-0.10000000149011612,0.3912276029586792,0.7039077281951904,-0.14204059541225433,0.11375266313552856,0.0,0.4912276044487953
9,9,evo,422,57,0.010255311615765095,0.04377840459346771,19.890511387133493,-0.10000000149011612,0.4437737464904785,0.7194601893424988,-0.15934596955776215,0.0981278121471405,0.0,0.5437737479805946
9,9,evo,422,58,0.009282100014388561,0.04115349054336548,20.323537563799224,3.4087719917297363,0.4358069896697998,0.7385653853416443,-0.1659322828054428,0.08406749367713928,0.0,2.9729650020599365
9,9,evo,422,59,0.008362575434148312,0.03859943151473999,20.77659951677143,-0.10000000149011612,0.4017925262451172,0.7596138119697571,-0.17527006566524506,0.07245263457298279,0.0,0.5017925277352333
9,9,evo,422,60,0.00744469091296196,0.03601217642426491,21.28153328480183,-0.10000000149011612,0.405922532081604,0.7791723608970642,-0.1773621141910553,0.06099030375480652,0.0,0.5059225335717201
9,9,evo,422,61,0.006263845134526491,0.03270814195275307,22.03158988187022,3.4087719917297363,0.3081085681915283,0.8002080321311951,-0.14162594079971313,0.05154848098754883,0.0,3.100663423538208
9,9,evo,422,62,0.0048351283185184,0.029556969180703163,23.15591995772296,-0.10000000149011612,0.39020878076553345,0.825657069683075,-0.05648479983210564,0.0444389283657074,0.0,0.49020878225564957
9,9,evo,422,63,0.003633775981143117,0.026598243042826653,24.396418500473153,-0.10000000149011612,0.27497589588165283,0.852027416229248,0.05232570320367813,0.03605508804321289,0.0,0.37497589737176895
9,9,evo,422,64,0.0030022708233445883,0.024973830208182335,25.22550134284929,3.4087719917297363,0.302798867225647,0.8754119873046875,0.14277535676956177,0.035095274448394775,0.0,3.1059731245040894
9,9,evo,422,65,0.0030352547764778137,0.02545732446014881,25.17804848781654,-0.10000000149011612,0.46175891160964966,0.8983175754547119,0.19334037601947784,0.03873017430305481,0.0,0.5617589130997658
9,9,evo,422,66,0.0030401458498090506,0.02530541457235813,25.17105580783406,-0.10000000149011612,0.5308448672294617,0.928184986114502,0.2192005068063736,0.04475864768028259,0.0,0.6308448687195778
9,9,evo,422,67,0.003270244225859642,0.025578275322914124,24.85419812482676,3.4087719917297363,0.6522117257118225,0.9670644402503967,0.19955843687057495,0.05510374903678894,0.0,2.756560266017914
9,9,evo,422,68,0.0034095372539013624,0.025331584736704826,24.673045599266654,-0.10000000149011612,0.5513639450073242,1.001368522644043,0.2208254635334015,0.06594774127006531,0.0,0.6513639464974403
9,9,evo,422,69,0.0036781514063477516,0.025770077481865883,24.343703975590678,3.4087719917297363,0.4758538007736206,1.0458645820617676,0.1722182333469391,0.08206236362457275,0.0,2.9329181909561157
9,9,evo,422,70,0.003619828261435032,0.025964753702282906,24.413120335774337,-0.10000000149011612,0.47357386350631714,1.067267656326294,0.1177440732717514,0.10678774118423462,0.0,0.5735738649964333
9,9,evo,422,71,0.003930818755179644,0.027230456471443176,24.055169804587244,-0.10000000149011612,0.4532308578491211,1.103896141052246,0.04625167325139046,0.12049779295921326,0.0,0.5532308593392372
9,9,evo,422,72,0.0042686183005571365,0.028768381103873253,23.697126780311734,3.4087719917297363,0.3739996552467346,1.1301865577697754,-0.03736881539225578,0.12203684449195862,0.0,3.0347723364830017
9,9,evo,422,73,0.0043436759151518345,0.029050180688500404,23.621425852405174,-0.10000000149011612,0.3038378357887268,1.1624784469604492,-0.06618288159370422,0.11175587773323059,0.0,0.4038378372788429
9,9,evo,422,74,0.00444659823551774,0.029498888179659843,23.51972108684646,-0.10000000149011612,0.3782021403312683,1.1939663887023926,-0.07826229929924011,0.09367677569389343,0.0,0.47820214182138443
9,9,evo,422,75,0.004233596846461296,0.029359107837080956,23.732905009914987,3.4087719917297363,0.40788739919662476,1.220735788345337,-0.06577276438474655,0.07703405618667603,0.0,3.0008845925331116
9,9,evo,422,76,0.004541005939245224,0.030232271179556847,23.428479300788307,-0.10000000149011612,0.44162243604660034,1.2485077381134033,-0.04805203527212143,0.06964382529258728,0.0,0.5416224375367165
9,9,evo,422,77,0.00546844070777297,0.0323953852057457,22.6213649241415,3.4087719917297363,0.43016648292541504,1.273989200592041,-0.06556789577007294,0.06702318787574768,0.0,2.9786055088043213
9,9,evo,422,78,0.006159964948892593,0.03409671038389206,22.10421759028081,-0.10000000149011612,0.41137099266052246,1.291158676147461,-0.07510720193386078,0.06413036584854126,0.0,0.5113709941506386
9,9,evo,422,79,0.0070551480166614056,0.03591611608862877,21.51493870336997,-0.10000000149011612,0.4002228379249573,1.308182954788208,-0.051762573421001434,0.059460580348968506,0.0,0.5002228394150734
9,9,evo,422,80,0.007462168578058481,0.036723215132951736,21.271349440256117,3.4087719917297363,0.3233144283294678,1.3316164016723633,,,,3.0854575634002686
10,10,evo,353,0,0.0028563470114022493,0.023144850507378578,25.441890321961562,,,,0.01732938550412655,0.061183810234069824,0.0,
10,10,evo,353,1,0.0030016035307198763,0.023686746135354042,25.22646672449731,3.222259044647217,0.06328374147415161,0.06328374147415161,0.032885171473026276,0.062001198530197144,0.0,3.158975303173065
10,10,evo,353,2,0.0030957821290940046,0.023999184370040894,25.092296111227657,-0.10000000149011612,0.010289695113897324,0.05523687228560448,0.05132480338215828,0.060918211936950684,0.0,0.11028969660401344
10,10,evo,353,3,0.0033350279554724693,0.02463681995868683,24.769005213106862,-0.10000000149011612,0.007625099271535873,0.05925464257597923,0.06281128525733948,0.06276935338973999,0.0,0.10762510076165199
10,10,evo,353,4,0.0036061678547412157,0.025215737521648407,24.429540622250254,3.222259044647217,0.01511591300368309,0.06732413172721863,0.09093596041202545,0.06595245003700256,0.0,3.2071431316435337
10,10,evo,353,5,0.003815487027168274,0.0257257167249918,24.184500187282723,-0.10000000149011612,0.06703954935073853,0.08013838529586792,0.08985202759504318,0.0698014497756958,0.0,0.16703955084085464
10,10,evo,353,6,0.004024692345410585,0.02614091895520687,23.95267312264356,-0.10000000149011612,0.059203144162893295,0.09513714909553528,0.10384829342365265,0.07474055886268616,0.0,0.15920314565300941
10,10,evo,353,7,0.0041564167477190495,0.026460373774170876,23.812809139154417,-0.10000000149011612,0.03639417514204979,0.1134188175201416,0.0981164276599884,0.07962822914123535,0.0,0.1363941766321659
10,10,evo,353,8,0.004434491042047739,0.02685515023767948,23.53156218067707,3.222259044647217,0.02223169431090355,0.1335480511188507,0.08760755509138107,0.0847238302230835,0.0,3.2000273503363132
10,10,evo,353,9,0.004631759598851204,0.02737630158662796,23.342539897818657,-0.10000000149011612,0.031378861516714096,0.15451228618621826,0.05757147818803787,0.08833920955657959,0.0,0.13137886300683022
10,10,evo,353,10,0.004759041592478752,0.027829477563500404,23.224804995918547,-0.10000000149011612,0.036298032850027084,0.1738595962524414,0.026870880275964737,0.09005290269851685,0.0,0.1362980343401432
10,10,evo,353,11,0.004563245456665754,0.027791500091552734,23.40726169928103,3.222259044647217,0.0505405031144619,0.19146263599395752,-0.0127947386354208,0.08993464708328247,0.0,3.171718541532755
10,10,evo,353,12,0.004647162277251482,0.02807234227657318,23.3281216184772,-0.10000000149011612,0.028932031244039536,0.20664769411087036,-0.03876064717769623,0.08397907018661499,0.0,0.12893203273415565
10,10,evo,353,13,0.004745209123939276,0.02827722765505314,23.237446432216075,-0.10000000149011612,0.013973947614431381,0.22073036432266235,-0.049298010766506195,0.07540449500083923,0.0,0.1139739491045475
10,10,evo,353,14,0.0050573572516441345,0.02897518314421177,22.960763667278297,3.222259044647217,-0.010679397732019424,0.235645592212677,-0.03670162707567215,0.06565231084823608,0.0,3.232938442379236
10,10,evo,353,15,0.005188464652746916,0.02928219549357891,22.849611376211506,-0.10000000149011612,0.0035132132470607758,0.2544437050819397,-0.013824684545397758,0.05997166037559509,0.0,0.1035132147371769
10,10,evo,353,16,0.00523802824318409,0.029563354328274727,22.80832164210532,-0.10000000149011612,0.004951860755681992,0.27778762578964233,0.03152710199356079,0.05876120924949646,0.0,0.10495186224579811
10,10,evo,353,17,0.005564199760556221,0.030239926651120186,22.545972867766928,3.222259044647217,0.009794320911169052,0.30710774660110474,0.05556587874889374,0.05899164080619812,0.0,3.2124647237360477
10,10,evo,353,18,0.005888385232537985,0.030826183035969734,22.300037851358006,-0.10000000149011612,-0.028611931949853897,0.3386717438697815,0.06516161561012268,0.060612112283706665,0.0,0.07138806954026222
10,10,evo,353,19,0.006079582963138819,0.031221913173794746,22.161262106975595,-0.10000000149011612,-0.029252830892801285,0.37034064531326294,0.08070904016494751,0.062101930379867554,0.0,0.07074717059731483
10,10,evo,353,20,0.006316603627055883,0.03155190125107765,21.995163746464502,3.222259044647217,-0.028534773737192154,0.40188509225845337,0.10581835359334946,0.06194981932640076,0.0,3.250793818384409
10,10,evo,353,21,0.006408382207155228,0.03163168951869011,21.932515940667056,-0.10000000149011612,-0.01065850630402565,0.4347853660583496,0.1137518510222435,0.06292286515235901,0.0,0.08934149518609047
10,10,evo,353,22,0.006418932229280472,0.03156658634543419,21.925372095478295,-0.10000000149011612,-0.003470931202173233,0.46787500381469727,0.11589880287647247,0.06325042247772217,0.0,0.09652907028794289
10,10,evo,353,23,0.006431122776120901,0.03158445283770561,21.917131992521192,3.222259044647217,-0.002865973860025406,0.5005664825439453,0.0943387970328331,0.06425738334655762,0.0,3.225125018507242
10,10,evo,353,24,0.006184642668813467,0.031225746497511864,22.086853876186225,-0.10000000149011612,-0.02744794264435768,0.5305331349372864,0.0796373039484024,0.06575492024421692,0.0,0.07255205884575844
10,10,evo,353,25,0.005975673440843821,0.031055325642228127,22.236131439092986,-0.10000000149011612,-0.03454989567399025,0.5583527684211731,0.05154312402009964,0.0672362744808197,0.0,0.06545010581612587
10,10,evo,353,26,0.005549160297960043,0.030452154576778412,22.557727295895113,3.222259044647217,-0.037032488733530045,0.5834989547729492,0.01757350005209446,0.06614512205123901,0.0,3.259291533380747
10,10,evo,353,27,0.005334982182830572,0.030237695202231407,22.728670266446258,-0.10000000149011612,-0.023645851761102676,0.6057106852531433,-0.01561971940100193,0.06518563628196716,0.0,0.07635414972901344
10,10,evo,353,28,0.005198376253247261,0.03024981915950775,22.841322898993756,-0.10000000149011612,-0.011082354933023453,0.6242754459381104,-0.03332563489675522,0.060871273279190063,0.0,0.08891764655709267
10,10,evo,353,29,0.0051707737147808075,0.030359284952282906,22.86444467560044,3.222259044647217,0.004556771367788315,0.6410620212554932,-0.028936736285686493,0.05470961332321167,0.0,3.2177022732794285
10,10,evo,353,30,0.005123958457261324,0.03034237027168274,22.903943999763964,-0.10000000149011612,-0.002805206924676895,0.6595504283905029,-0.012678357772529125,0.04927888512611389,0.0,0.09719479456543922
10,10,evo,353,31,0.0051228804513812065,0.030500343069434166,22.904857787930432,-0.10000000149011612,0.02802523598074913,0.6817012429237366,0.016683479771018028,0.04613354802131653,0.0,0.12802523747086525
10,10,evo,353,32,0.004842387977987528,0.02990451455116272,23.149404173005593,3.222259044647217,0.07268422842025757,0.7080671787261963,0.05399620160460472,0.04534560441970825,0.0,3.1495748162269592
10,10,evo,353,33,0.004838761407881975,0.0298630241304636,23.15265791777488,-0.10000000149011612,0.14369165897369385,0.7380918860435486,0.06849128752946854,0.04732710123062134,0.0,0.24369166046380997
10,10,evo,353,34,0.004740484524518251,0.02953239716589451,23.2417726685536,-0.10000000149011612,0.21216705441474915,0.767372190952301,0.05733821913599968,0.05275338888168335,0.0,0.31216705590486526
10,10,evo,353,35,0.004757697694003582,0.02955728955566883,23.226031566655255,3.222259044647217,0.24717241525650024,0.7920793890953064,0.03639179468154907,0.058077991008758545,0.0,2.9750866293907166
10,10,evo,353,36,0.0044569033198058605,0.028790399432182312,23.50966786629602,-0.10000000149011612,0.20634201169013977,0.8114342093467712,0.019376549869775772,0.061111271381378174,0.0,0.3063420131802559
10,10,evo,353,37,0.004118006210774183,0.027903199195861816,23.853130027148495,-0.10000000149011612,0.20586365461349487,0.8271645903587341,0.019946295768022537,0.060618460178375244,0.0,0.305863656103611
10,10,evo,353,38,0.003990008030086756,0.02750108391046524,23.99026230273438,3.222259044647217,0.26347941160202026,0.8430955410003662,0.030499648302793503,0.05953174829483032,0.0,2.9587796330451965
10,10,evo,353,39,0.003930115140974522,0.027190880849957466,24.05594725869518,-0.10000000149011612,0.2948208451271057,0.8611571788787842,0.036072347313165665,0.06045490503311157,0.0,0.39482084661722183
10,10,evo,353,40,0.003939932212233543,0.02697131596505642,24.045112502825916,-0.10000000149011612,0.3056691288948059,0.8798203468322754,0.0383455865085125,0.06325778365135193,0.0,0.405669130384922
10,10,evo,353,41,0.0036643820349127054,0.026408353820443153,24.359992547079795,3.222259044647217,0.3180939555168152,0.8976104259490967,0.036781661212444305,0.06835293769836426,0.0,2.9041650891304016
10,10,evo,353,42,0.003544336184859276,0.025901563465595245,24.50465091439398,-0.10000000149011612,0.3221866488456726,0.9134807586669922,0.03667730838060379,0.07182967662811279,0.0,0.4221866503357887
10,10,evo,353,43,0.003386939875781536,0.025403708219528198,24.701925127879267,-0.10000000149011612,0.3394760489463806,0.9281773567199707,0.032585762441158295,0.07458460330963135,0.0,0.43947605043649673
10,10,evo,353,44,0.0032976698130369186,0.024832770228385925,24.817928312733294,3.222259044647217,0.35775619745254517,0.9411468505859375,0.015931852161884308,0.07676413655281067,0.0,2.8645028471946716
10,10,evo,353,45,0.0032097529619932175,0.024601712822914124,24.93528391698471,-0.10000000149011612,0.33892542123794556,0.9508741497993469,-0.005252523347735405,0.07702192664146423,0.0,0.4389254227280617
10,10,evo,353,46,0.003185393288731575,0.02450278401374817,24.96836939284276,-0.10000000149011612,0.330740749835968,0.9574809670448303,-0.019003447145223618,0.0747121274471283,0.0,0.43074075132608414
10,10,evo,353,47,0.003230823902413249,0.02473256178200245,24.906867127636637,3.222259044647217,0.314423143863678,0.9628596901893616,-0.030785834416747093,0.07067427039146423,0.0,2.907835900783539
10,10,evo,353,48,0.003267518477514386,0.024974467232823372,24.85781947845399,-0.10000000149011612,0.3186955451965332,0.9675450921058655,-0.02008855901658535,0.06618314981460571,0.0,0.4186955466866493
10,10,evo,353,49,0.0034542903304100037,0.02567657269537449,24.616411631217716,-0.10000000149011612,0.36957842111587524,0.9763534665107727,-0.01188428234308958,0.06333920359611511,0.0,0.46957842260599136
10,10,evo,353,50,0.003764138324186206,0.02661324106156826,24.24334425540481,-0.10000000149011612,0.37551480531692505,0.985734760761261,-0.03992687538266182,0.06396612524986267,0.0,0.47551480680704117
10,10,evo,353,51,0.003829449415206909,0.027281835675239563,24.16863662878965,3.222259044647217,0.2877469062805176,0.9882081151008606,-0.048463642597198486,0.061647623777389526,0.0,2.934512138366699
10,10,evo,353,52,0.004208225756883621,0.02835828810930252,23.759009698194138,-0.10000000149011612,0.2966007590293884,0.9935417771339417,-0.021920057013630867,0.05551791191101074,0.0,0.39660076051950455
10,10,evo,353,53,0.004572038073092699,0.029415274038910866,23.398901617270575,-0.10000000149011612,0.3612005114555359,1.006002426147461,-0.005198915954679251,0.05339035391807556,0.0,0.461200512945652
10,10,evo,353,54,0.005057554692029953,0.0303347110748291,22.96059412102707,3.222259044647217,0.38029104471206665,1.0173108577728271,-0.0004280991561245173,0.054122596979141235,0.0,2.84196799993515
10,10,evo,353,55,0.0054427143186330795,0.03126117214560509,22.64184460666817,-0.10000000149011612,0.3489271402359009,1.0283453464508057,-0.0074246167205274105,0.05488771200180054,0.0,0.448927141726017
10,10,evo,353,56,0.005633633118122816,0.03196040168404579,22.492114392037912,-0.10000000149011612,0.29829806089401245,1.0383517742156982,-0.006862558890134096,0.05532291531562805,0.0,0.39829806238412857
10,10,evo,353,57,0.00576976640149951,0.03229358419775963,22.388417696160904,3.222259044647217,0.27242058515548706,1.0512120723724365,0.01688362844288349,0.05419349670410156,0.0,2.9498384594917297
10,10,evo,353,58,0.006068698596209288,0.03302663937211037,22.169044313435453,-0.10000000149011612,0.300862193107605,1.0695953369140625,0.030068717896938324,0.0556696355342865,0.0,0.4008621945977211
10,10,evo,353,59,0.006255421321839094,0.033575236797332764,22.037434339181825,-0.10000000149011612,0.3107253909111023,1.0862953662872314,0.02649400569498539,0.05943235754966736,0.0,0.4107253924012184
10,10,evo,353,60,0.006281979847699404,0.033629175275564194,22.019034611318766,3.222259044647217,0.31110578775405884,1.1025731563568115,0.02947290614247322,0.06140822172164917,0.0,2.911153256893158
10,10,evo,353,61,0.006557459011673927,0.034012455493211746,21.832644153482793,-0.10000000149011612,0.3791883587837219,1.1221840381622314,0.01600942760705948,0.06469714641571045,0.0,0.47918836027383804
10,10,evo,353,62,0.006432328838855028,0.03373417258262634,21.91631761329006,-0.10000000149011612,0.3312227725982666,1.1381609439849854,0.012716814875602722,0.06554684042930603,0.0,0.4312227740883827
10,10,evo,353,63,0.006960020866245031,0.03470371291041374,21.57389458366235,3.222259044647217,0.34504932165145874,1.1587457656860352,0.008245292119681835,0.06583622097969055,0.0,2.877209722995758
10,10,evo,353,64,0.007133858278393745,0.03506975993514061,21.466755226291376,-0.10000000149011612,0.2515832781791687,1.1771843433380127,0.003155504120513797,0.06570228934288025,0.0,0.3515832796692848
10,10,evo,353,65,0.007279279176145792,0.03552708774805069,21.37911624165195,-0.10000000149011612,0.22625386714935303,1.1951978206634521,0.004773375578224659,0.06523263454437256,0.0,0.32625386863946915
10,10,evo,353,66,0.007440471556037664,0.03625759482383728,21.283995392262597,3.222259044647217,0.16489627957344055,1.2121965885162354,0.0016327560879290104,0.06620457768440247,0.0,3.0573627650737762
10,10,evo,353,67,0.007511441130191088,0.036486417055130005,21.242767321241544,-0.10000000149011612,0.08006203174591064,1.2249586582183838,0.01786920242011547,0.06335297226905823,0.0,0.18006203323602676
10,10,evo,353,68,0.007755741477012634,0.037227775901556015,21.103766757380043,-0.10000000149011612,0.1260601282119751,1.2403700351715088,0.018844150006771088,0.06342428922653198,0.0,0.22606012970209122
10,10,evo,353,69,0.008022909983992577,0.0381271056830883,20.95668080497819,3.222259044647217,0.11268645524978638,1.2466435432434082,0.022719038650393486,0.06689941883087158,0.0,3.1095725893974304
10,10,evo,353,70,0.008441525511443615,0.03908770903944969,20.735790626948862,-0.10000000149011612,0.13307034969329834,1.2530591487884521,0.018404360860586166,0.0702984631061554,0.0,0.23307035118341446
10,10,evo,353,71,0.008680074475705624,0.039626095443964005,20.61476548527514,-0.10000000149011612,0.0994793176651001,1.2522883415222168,0.012986145913600922,0.07484158873558044,0.0,0.19947931915521622
10,10,evo,353,72,0.008769958280026913,0.04017980396747589,20.57002472631359,3.222259044647217,0.10183525085449219,1.24896240234375,0.02134525589644909,0.07881087064743042,0.0,3.1204237937927246
10,10,evo,353,73,0.009157883934676647,0.04112923517823219,20.382048649411992,-0.10000000149011612,0.10766106843948364,1.2443804740905762,0.02323700115084648,0.08320677280426025,0.0,0.20766106992959976
10,10,evo,353,74,0.009568835608661175,0.04197623208165169,20.191409064759824,-0.10000000149011612,0.13346156477928162,1.2329285144805908,0.03142482042312622,0.08846670389175415,0.0,0.23346156626939774
10,10,evo,353,75,0.01007478591054678,0.04298343136906624,19.967641738574287,3.222259044647217,0.1945653259754181,1.2216136455535889,0.05820237845182419,0.09878480434417725,0.0,3.0276937186717987
10,10,evo,353,76,0.010797757655382156,0.044405508786439896,19.666664240504904,-0.10000000149011612,0.2559059262275696,1.210287094116211,0.058453917503356934,0.11172851920127869,0.0,0.3559059277176857
10,10,evo,353,77,0.011218314059078693,0.04530707374215126,19.500724059902872,-0.10000000149011612,0.2821592688560486,1.1883065700531006,0.06869678199291229,0.12148711085319519,0.0,0.3821592703461647
10,10,evo,353,78,0.011960296891629696,0.04703967645764351,19.222580396790324,3.222259044647217,0.32407647371292114,1.1737706661224365,0.09908941388130188,0.12654650211334229,0.0,2.8981825709342957
10,10,evo,353,79,0.012699042446911335,0.04849207401275635,18.962290251622168,-0.10000000149011612,0.3171842098236084,1.1576039791107178,0.0812668427824974,0.13102015852928162,0.0,0.4171842113137245
10,10,evo,353,80,0.013406746089458466,0.05001627281308174,18.726766156510294,-0.10000000149011612,0.294495165348053,1.1280121803283691,,,,0.3944951668381691
11,11,evo,464,0,0.004033498466014862,0.027972770854830742,23.943181038880947,,,,-0.048539645969867706,0.1130913496017456,0.0,
11,11,evo,464,1,0.0038690047804266214,0.028065001592040062,24.124007336771474,-0.10000000149011612,0.36106735467910767,0.36106735467910767,-0.04941394925117493,0.11428850889205933,0.0,0.4610673561692238
11,11,evo,464,2,0.004115105140954256,0.028625087812542915,23.856190640840524,-0.10000000149011612,0.40887516736984253,0.4095299243927002,-0.07132718712091446,0.1181325912475586,0.0,0.5088751688599586
11,11,evo,464,3,0.004109339322894812,0.02889539860188961,23.862279960035558,3.7610039710998535,0.41002708673477173,0.4466068148612976,-0.07039255648851395,0.11454874277114868,0.0,3.350976884365082
11,11,evo,464,4,0.004364581312984228,0.029366126284003258,23.600574111065917,-0.10000000149011612,0.4518429636955261,0.47936582565307617,-0.06062545254826546,0.11268329620361328,0.0,0.5518429651856422
11,11,evo,464,5,0.004373712465167046,0.029625266790390015,23.591497715718045,-0.10000000149011612,0.422313392162323,0.5057563781738281,-0.08183535188436508,0.11632317304611206,0.0,0.5223133936524391
11,11,evo,464,6,0.004446802195161581,0.030117059126496315,23.51952188621773,3.7610039710998535,0.4353233575820923,0.5224834084510803,-0.10589110851287842,0.1167023777961731,0.0,3.3256806135177612
11,11,evo,464,7,0.004486510530114174,0.030141951516270638,23.480913085961358,-0.10000000149011612,0.5109929442405701,0.5386546850204468,-0.10996876657009125,0.11576282978057861,0.0,0.6109929457306862
11,11,evo,464,8,0.0042345114052295685,0.029690690338611603,23.731966930674204,-0.10000000149011612,0.5098164081573486,0.5556728839874268,-0.10940832644701004,0.12024760246276855,0.0,0.6098164096474648
11,11,evo,464,9,0.00437206169590354,0.02984834648668766,23.59313718176724,3.7610039710998535,0.4777689576148987,0.5700691938400269,-0.12460892647504807,0.12735119462013245,0.0,3.283235013484955
11,11,evo,464,10,0.004375550430268049,0.029614096507430077,23.589673063464296,-0.10000000149011612,0.3969525098800659,0.5806994438171387,-0.13495710492134094,0.12718185782432556,0.0,0.49695251137018204
11,11,evo,464,11,0.004463484976440668,0.029481971636414528,23.503259226712103,-0.10000000149011612,0.39966297149658203,0.5935872197151184,-0.13771946728229523,0.12674397230148315,0.0,0.49966297298669815
11,11,evo,464,12,0.004546379670500755,0.02955186367034912,23.423342989413925,3.7610039710998535,0.4009302854537964,0.6076139211654663,-0.14893938601016998,0.12454637885093689,0.0,3.360073685646057
11,11,evo,464,13,0.004904499743133783,0.030396943911910057,23.094052838755328,-0.10000000149011612,0.3762480616569519,0.6203678250312805,-0.15049681067466736,0.1252116560935974,0.0,0.476248063147068
11,11,evo,464,14,0.005639832001179457,0.0324234701693058,22.48733832549884,-0.10000000149011612,0.37613922357559204,0.6360502243041992,-0.14158684015274048,0.12047430872917175,0.0,0.47613922506570816
11,11,evo,464,15,0.00647029047831893,0.03455626964569092,21.890762216034464,3.7610039710998535,0.33828413486480713,0.6539077758789062,-0.11340399086475372,0.11231869459152222,0.0,3.4227198362350464
11,11,evo,464,16,0.0075015053153038025,0.037077780812978745,21.248515786706903,-0.10000000149011612,0.4373563528060913,0.6750552654266357,-0.09646956622600555,0.10747390985488892,0.0,0.5373563542962074
11,11,evo,464,17,0.008316594175994396,0.039032820612192154,20.800544902235195,-0.10000000149011612,0.3733978271484375,0.6941419839859009,-0.09330959618091583,0.10414278507232666,0.0,0.4733978286385536
11,11,evo,464,18,0.009066063910722733,0.040991369634866714,20.425812237312925,3.7610039710998535,0.3801504373550415,0.7135962843894958,-0.08017139881849289,0.10102754831314087,0.0,3.380853533744812
11,11,evo,464,19,0.010210017673671246,0.043442029505968094,19.909735061431334,-0.10000000149011612,0.3228546977043152,0.7375645041465759,-0.045301422476768494,0.0888012945652008,0.0,0.4228546991944313
11,11,evo,464,20,0.010881421156227589,0.044850390404462814,19.633143803730025,-0.10000000149011612,0.3425917625427246,0.7664398550987244,-0.01942591741681099,0.08211150765419006,0.0,0.44259176403284073
11,11,evo,464,21,0.011522437445819378,0.04596705362200737,19.384556409391077,3.7610039710998535,0.35087066888809204,0.7934338450431824,-0.01963796094059944,0.08331418037414551,0.0,3.4101333022117615
11,11,evo,464,22,0.011787832714617252,0.04651022329926491,19.285660360079063,-0.10000000149011612,0.35319775342941284,0.818058431148529,-0.04536595568060875,0.08385610580444336,0.0,0.45319775491952896
11,11,evo,464,23,0.012100692838430405,0.04703615978360176,19.171897629651244,-0.10000000149011612,0.3800123929977417,0.8410096168518066,-0.04294276237487793,0.08298906683921814,0.0,0.4800123944878578
11,11,evo,464,24,0.012674531899392605,0.04809442535042763,18.970680712265615,3.7610039710998535,0.39151543378829956,0.8706085681915283,-0.0056658582761883736,0.0773007869720459,0.0,3.369488537311554
11,11,evo,464,25,0.013227214105427265,0.049196094274520874,18.785316165868462,-0.10000000149011612,0.42651110887527466,0.9045009613037109,-0.004176471382379532,0.07870322465896606,0.0,0.5265111103653908
11,11,evo,464,26,0.013625561259686947,0.04993298277258873,18.65645599365844,-0.10000000149011612,0.3956001400947571,0.9298183917999268,-0.027761342003941536,0.0815335214138031,0.0,0.4956001415848732
11,11,evo,464,27,0.014113329350948334,0.05104486271739006,18.503705235819524,3.7610039710998535,0.3390916585922241,0.9528217911720276,-0.04031946137547493,0.08046996593475342,0.0,3.4219123125076294
11,11,evo,464,28,0.01468753069639206,0.052243541926145554,18.3305121272395,-0.10000000149011612,0.27006983757019043,0.9778111577033997,-0.021261386573314667,0.0744921863079071,0.0,0.37006983906030655
11,11,evo,464,29,0.015330624766647816,0.05350477620959282,18.14440146047206,-0.10000000149011612,0.27397340536117554,1.0070650577545166,-0.011684888042509556,0.06969952583312988,0.0,0.37397340685129166
11,11,evo,464,30,0.01589689403772354,0.05442102253437042,17.986877205880077,3.7610039710998535,0.2521475553512573,1.0321159362792969,-0.010953845456242561,0.07054883241653442,0.0,3.508856415748596
11,11,evo,464,31,0.016307322308421135,0.05511067435145378,17.876173450386574,-0.10000000149011612,0.21150177717208862,1.0544984340667725,-0.0004530083097051829,0.06797924637794495,0.0,0.31150177866220474
11,11,evo,464,32,0.016616232693195343,0.05555747449398041,17.79467434584229,-0.10000000149011612,0.2265903353691101,1.0774555206298828,0.01610664278268814,0.06702965497970581,0.0,0.3265903368592262
11,11,evo,464,33,0.01682433858513832,0.05599851533770561,17.740620001780364,3.7610039710998535,0.2822421193122864,1.0991053581237793,0.011643419973552227,0.06905215978622437,0.0,3.478761851787567
11,11,evo,464,34,0.017014488577842712,0.05635882541537285,17.6918110041236,-0.10000000149011612,0.25853413343429565,1.113471269607544,0.009708434343338013,0.07268387079238892,0.0,0.3585341349244118
11,11,evo,464,35,0.017344340682029724,0.05720135569572449,17.608422045332844,-0.10000000149011612,0.20308437943458557,1.1251912117004395,0.006096738390624523,0.07437393069267273,0.0,0.3030843809247017
11,11,evo,464,36,0.017795072868466377,0.05813450738787651,17.497002292781147,3.7610039710998535,0.17546692490577698,1.1321609020233154,0.021603507921099663,0.0742611289024353,0.0,3.5855370461940765
11,11,evo,464,37,0.018032830208539963,0.058634281158447266,17.439361064727766,-0.10000000149011612,0.2593769431114197,1.1386938095092773,0.02713201195001602,0.07645344734191895,0.0,0.3593769446015358
11,11,evo,464,38,0.01825360395014286,0.059041500091552734,17.386513766246264,-0.10000000149011612,0.22987216711044312,1.1374456882476807,0.04481677711009979,0.08291420340538025,0.0,0.32987216860055923
11,11,evo,464,39,0.018201978877186775,0.059041500091552734,17.39881393953164,3.7610039710998535,0.2014096975326538,1.1332552433013916,0.05262113735079765,0.08978641033172607,0.0,3.5595942735671997
11,11,evo,464,40,0.018159938976168633,0.059101179242134094,17.408856151958673,-0.10000000149011612,0.1310090720653534,1.1204264163970947,0.05685249716043472,0.10028964281082153,0.0,0.2310090735554695
11,11,evo,464,41,0.017912110313773155,0.05886821076273918,17.468532447687185,-0.10000000149011612,0.12645003199577332,1.1002674102783203,0.07778530567884445,0.10722747445106506,0.0,0.22645003348588943
11,11,evo,464,42,0.01770918443799019,0.05894065275788307,17.51801438936195,3.7610039710998535,0.1678100824356079,1.077784776687622,0.06304848939180374,0.1146756112575531,0.0,3.5931938886642456
11,11,evo,464,43,0.017223989591002464,0.058225780725479126,17.638662456422768,-0.10000000149011612,0.16949087381362915,1.040764570236206,0.058756694197654724,0.11798712611198425,0.0,0.26949087530374527
11,11,evo,464,44,0.016894781962037086,0.057965684682130814,17.722474087008738,-0.10000000149011612,0.26605290174484253,1.0032367706298828,0.04899567738175392,0.12181597948074341,0.0,0.36605290323495865
11,11,evo,464,45,0.016339244320988655,0.057066354900598526,17.86768033165526,3.7610039710998535,0.28402966260910034,0.9609716534614563,0.03640572354197502,0.12042459845542908,0.0,3.476974308490753
11,11,evo,464,46,0.016078978776931763,0.05673094093799591,17.937415380270817,-0.10000000149011612,0.27336305379867554,0.9156398773193359,0.033673275262117386,0.11918717622756958,0.0,0.37336305528879166
11,11,evo,464,47,0.016309143975377083,0.05732262134552002,17.87568833351292,3.7610039710998535,0.2698696255683899,0.8703441619873047,0.00824990775436163,0.12075623869895935,0.0,3.4911343455314636
11,11,evo,464,48,0.016302864998579025,0.05728496238589287,17.877360677594066,-0.10000000149011612,0.21080774068832397,0.8173896670341492,-0.025186700746417046,0.11895373463630676,0.0,0.3108077421784401
11,11,evo,464,49,0.016363469883799553,0.05737176537513733,17.86124598488613,-0.10000000149011612,0.18948674201965332,0.7613210082054138,-0.05886802077293396,0.11257106065750122,0.0,0.28948674350976944
11,11,evo,464,50,0.016536496579647064,0.05774452164769173,17.81556494619615,3.7610039710998535,0.08489155769348145,0.7049247026443481,-0.08046900480985641,0.10173442959785461,0.0,3.676112413406372
11,11,evo,464,51,0.016884544864296913,0.05867098271846771,17.725106416076883,-0.10000000149011612,0.09767112135887146,0.6523367166519165,-0.0714934691786766,0.08935627341270447,0.0,0.19767112284898758
11,11,evo,464,52,0.01719824969768524,0.059455107897520065,17.64515749913179,-0.10000000149011612,0.1540122628211975,0.608548641204834,-0.039180975407361984,0.07813727855682373,0.0,0.25401226431131363
11,11,evo,464,53,0.017565619200468063,0.060205716639757156,17.553365364152697,3.7610039710998535,0.29133206605911255,0.5675262212753296,-0.06990417838096619,0.07653546333312988,0.0,3.469671905040741
11,11,evo,464,54,0.017793886363506317,0.06058134138584137,17.49729187279035,-0.10000000149011612,0.17313942313194275,0.5019149780273438,-0.0950448289513588,0.07518047094345093,0.0,0.27313942462205887
11,11,evo,464,55,0.018372347578406334,0.06165651977062225,17.358353469490847,-0.10000000149011612,0.16799458861351013,0.4446526765823364,-0.07182611525058746,0.0657069981098175,0.0,0.26799459010362625
11,11,evo,464,56,0.018864339217543602,0.0623302161693573,17.243584027185157,3.7610039710998535,0.27070432901382446,0.4073992371559143,-0.06673169136047363,0.06023481488227844,0.0,3.490299642086029
11,11,evo,464,57,0.01936407946050167,0.06322284787893295,17.13003143900049,-0.10000000149011612,0.345350980758667,0.35771995782852173,-0.07663078606128693,0.06055989861488342,0.0,0.4453509822487831
11,11,evo,464,58,0.020100926980376244,0.06472598761320114,16.967839140631288,-0.10000000149011612,0.36267340183258057,0.3038404583930969,-0.051765695214271545,0.055211156606674194,0.0,0.4626734033226967
11,11,evo,464,59,0.020740563049912453,0.06581903249025345,16.83179457872203,3.7610039710998535,0.4041486382484436,0.26660555601119995,0.01328087318688631,0.04967913031578064,0.0,3.35685533285141
11,11,evo,464,60,0.02133604884147644,0.06715207546949387,16.70886003150603,-0.10000000149011612,0.4790535569190979,0.23550140857696533,0.03949912264943123,0.0515362024307251,0.0,0.579053558409214
11,11,evo,464,61,0.02205835096538067,0.06841904670000076,16.564269575986618,-0.10000000149011612,0.5255603194236755,0.18348395824432373,0.021437734365463257,0.06137862801551819,0.0,0.6255603209137917
11,11,evo,464,62,0.022561533376574516,0.06923796981573105,16.46631387208441,3.7610039710998535,0.4564768671989441,0.13151103258132935,0.01617383398115635,0.06845873594284058,0.0,3.3045271039009094
11,11,evo,464,63,0.022943051531910896,0.07015388458967209,16.393488194193516,-0.10000000149011612,0.5201162099838257,0.10705384612083435,0.03289279341697693,0.0749397873878479,0.0,0.6201162114739418
11,11,evo,464,64,0.02337299846112728,0.07122523337602615,16.31285569525218,3.7610039710998535,0.4614834785461426,0.09294858574867249,0.004058972001075745,0.08274456858634949,0.0,3.299520492553711
11,11,evo,464,65,0.023609647527337074,0.07175692170858383,16.269104965330975,-0.10000000149011612,0.3347802758216858,0.07167035341262817,0.007966331206262112,0.09088605642318726,0.0,0.4347802773118019
11,11,evo,464,66,0.023901401087641716,0.07236742973327637,16.215766401900805,-0.10000000149011612,0.34450340270996094,0.06767749786376953,0.03251662850379944,0.09433946013450623,0.0,0.44450340420007706
11,11,evo,464,67,0.02401038445532322,0.07282283902168274,16.19600885945111,3.7610039710998535,0.29726672172546387,0.06701710820198059,0.04210063815116882,0.10152414441108704,0.0,3.4637372493743896
11,11,evo,464,68,0.024031782522797585,0.07309825718402863,16.192140148347267,-0.10000000149011612,0.2851378917694092,0.06144341453909874,0.082461878657341,0.1118268072605133,0.0,0.3851378932595253
11,11,evo,464,69,0.02391907572746277,0.07300315052270889,16.212556062144834,-0.10000000149011612,0.3063674569129944,0.06467479467391968,0.10154203325510025,0.13521277904510498,0.0,0.4063674584031105
11,11,evo,464,70,0.023324204608798027,0.0720144584774971,16.32193157437832,3.7610039710998535,0.2249944806098938,0.06176215037703514,0.15615105628967285,0.12733912467956543,0.0,3.5360094904899597
11,11,evo,464,71,0.022430775687098503,0.06995538622140884,16.491557076563694,-0.10000000149011612,0.39308691024780273,0.06706288456916809,0.17498311400413513,0.1585862636566162,0.0,0.49308691173791885
11,11,evo,464,72,0.02065092884004116,0.06567095965147018,16.85060409817147,-0.10000000149011612,0.25924748182296753,0.06103026494383812,0.12517784535884857,0.16828662157058716,0.0,0.35924748331308365
11,11,evo,464,73,0.01811317913234234,0.059956472367048264,17.42005317854825,3.7610039710998535,0.2029007077217102,0.052499499171972275,0.04040592536330223,0.16731691360473633,0.0,3.5581032633781433
11,11,evo,464,74,0.015879040583968163,0.05530758574604988,17.99175741309165,-0.10000000149011612,0.20940041542053223,0.05184429511427879,-0.08934859931468964,0.15904083847999573,0.0,0.30940041691064835
11,11,evo,464,75,0.014484365470707417,0.052388112992048264,18.391005255624915,-0.10000000149011612,0.2641928791999817,0.054490890353918076,-0.1751774698495865,0.14637836813926697,0.0,0.3641928806900978
11,11,evo,464,76,0.01402873545885086,0.05134038254618645,18.529814742313675,3.7610039710998535,0.34787994623184204,0.07263004779815674,-0.27607497572898865,0.12205541133880615,0.0,3.4131240248680115
11,11,evo,464,77,0.014118758030235767,0.051386017352342606,18.502035047245947,-0.10000000149011612,0.4579746723175049,0.09976974129676819,-0.3106090724468231,0.10366654396057129,0.0,0.557974673807621
11,11,evo,464,78,0.01444584783166647,0.0521717332303524,18.402569641826105,3.7610039710998535,0.5153590440750122,0.15856516361236572,-0.31026312708854675,0.08648917078971863,0.0,3.2456449270248413
11,11,evo,464,79,0.014907881617546082,0.05299511179327965,18.265840646068632,-0.10000000149011612,0.6216747760772705,0.22803181409835815,-0.298463374376297,0.07344558835029602,0.0,0.7216747775673866
11,11,evo,464,80,0.015498566441237926,0.053863804787397385,18.097084705685745,-0.10000000149011612,0.720654308795929,0.2816244959831238,,,,0.8206543102860451
12,12,evo,292,0,0.0019533440936356783,0.019277533516287804,27.092212463157047,,,,0.032962728291749954,0.09294301271438599,0.0,
12,12,evo,292,1,0.0019107158295810223,0.019196154549717903,27.188038984090106,-0.10000000149011612,0.0850314199924469,0.0850314199924469,0.035526033490896225,0.09478184580802917,0.0,0.18503142148256302
12,12,evo,292,2,0.0019332397496327758,0.019650287926197052,27.13714283847301,3.2003300189971924,0.10813915729522705,0.08404910564422607,0.00892877671867609,0.096122145652771,0.0,3.0921908617019653
12,12,evo,292,3,0.0019457036396488547,0.01975911296904087,27.109233087062744,-0.10000000149011612,0.06549099087715149,0.09348207712173462,0.02215724252164364,0.09718188643455505,0.0,0.1654909923672676
12,12,evo,292,4,0.0019334936514496803,0.019792942330241203,27.13657249577416,-0.10000000149011612,0.09417659044265747,0.10714483261108398,0.0296741034835577,0.09478971362113953,0.0,0.1941765919327736
12,12,evo,292,5,0.002242737216874957,0.02083716355264187,26.492216100313666,3.2003300189971924,0.09046542644500732,0.12130892276763916,0.008555460721254349,0.09614798426628113,0.0,3.109864592552185
12,12,evo,292,6,0.0023942352272570133,0.021449586376547813,26.20833183553176,-0.10000000149011612,0.13628077507019043,0.1326548457145691,0.020072583109140396,0.09703707695007324,0.0,0.23628077656030655
12,12,evo,292,7,0.002484068274497986,0.02182266116142273,26.048364717683057,-0.10000000149011612,0.17850446701049805,0.14737442135810852,0.014832507818937302,0.09568169713020325,0.0,0.27850446850061417
12,12,evo,292,8,0.00274597923271358,0.022753268480300903,25.613027515683097,-0.10000000149011612,0.15525296330451965,0.1590060591697693,0.0008688827510923147,0.09701192378997803,0.0,0.2552529647946358
12,12,evo,292,9,0.002980021061375737,0.023528775200247765,25.257806665254424,3.2003300189971924,0.17652350664138794,0.16920459270477295,0.007640615571290255,0.09435036778450012,0.0,3.0238065123558044
12,12,evo,292,10,0.0030876530800014734,0.023887164890766144,25.103715016992794,-0.10000000149011612,0.24608033895492554,0.18090516328811646,-0.01601608283817768,0.0934230387210846,0.0,0.34608034044504166
12,12,evo,292,11,0.0034278035163879395,0.024879364296793938,24.64984080037663,-0.10000000149011612,0.19539937376976013,0.18825232982635498,-0.03745800629258156,0.09368088841438293,0.0,0.29539937525987625
12,12,evo,292,12,0.003396594198420644,0.025098614394664764,24.689563365312246,3.2003300189971924,0.18226474523544312,0.19435766339302063,-0.04714732989668846,0.09037524461746216,0.0,3.0180652737617493
12,12,evo,292,13,0.0034422946628183126,0.025084571912884712,24.631519565073894,-0.10000000149011612,0.079344242811203,0.20048001408576965,-0.04602126404643059,0.08740520477294922,0.0,0.17934424430131912
12,12,evo,292,14,0.0033420901745557785,0.024935850873589516,24.759818363745097,-0.10000000149011612,0.069007009267807,0.20787590742111206,-0.03054456226527691,0.08396837115287781,0.0,0.16900701075792313
12,12,evo,292,15,0.003272879868745804,0.024803409352898598,24.85069935204762,-0.10000000149011612,0.06892555952072144,0.2181951403617859,-0.01808958686888218,0.08291944861412048,0.0,0.16892556101083755
12,12,evo,292,16,0.0031915309373289347,0.02461320348083973,24.96000941349758,3.2003300189971924,0.05408173426985741,0.2293044924736023,-0.0030354466289281845,0.08326685428619385,0.0,3.146248284727335
12,12,evo,292,17,0.0032908404245972633,0.024729689583182335,24.826931764710775,-0.10000000149011612,0.04553389176726341,0.24188143014907837,0.005623300094157457,0.08308133482933044,0.0,0.14553389325737953
12,12,evo,292,18,0.0033785055857151747,0.02489851415157318,24.712753587152463,-0.10000000149011612,0.02696448192000389,0.25450271368026733,-0.00015740469098091125,0.08490034937858582,0.0,0.12696448341012
12,12,evo,292,19,0.003578765317797661,0.025325199589133263,24.46266780103209,3.2003300189971924,0.010294463485479355,0.2655324339866638,-9.813904762268066e-05,0.08335581421852112,0.0,3.190035555511713
12,12,evo,292,20,0.0037411421071738005,0.025601252913475037,24.26995794825249,-0.10000000149011612,0.01781299337744713,0.2772068381309509,-0.007778532337397337,0.08206230401992798,0.0,0.11781299486756325
12,12,evo,292,21,0.003894171444699168,0.02599666826426983,24.095849321565765,-0.10000000149011612,0.018726345151662827,0.2875654101371765,-0.022253064438700676,0.08124050498008728,0.0,0.11872634664177895
12,12,evo,292,22,0.004051674157381058,0.026273997500538826,23.92365488618156,-0.10000000149011612,-0.004296008497476578,0.29651397466659546,-0.001428290270268917,0.07819658517837524,0.0,0.09570399299263954
12,12,evo,292,23,0.003885716199874878,0.02601645328104496,24.10528922040196,3.2003300189971924,-0.014106307178735733,0.3100932240486145,0.019718434661626816,0.07648119330406189,0.0,3.214436326175928
12,12,evo,292,24,0.004053352866321802,0.02628580667078495,23.921855869255452,-0.10000000149011612,-0.01601797714829445,0.3253166675567627,0.03083462454378605,0.07738503813743591,0.0,0.08398202434182167
12,12,evo,292,25,0.004204914439469576,0.02664962410926819,23.762428366899154,-0.10000000149011612,-0.02447870746254921,0.34115850925445557,0.03502073884010315,0.07902881503105164,0.0,0.07552129402756691
12,12,evo,292,26,0.004297509323805571,0.02716662734746933,23.667831724017205,3.2003300189971924,-0.028131071478128433,0.35703951120376587,0.015621303580701351,0.0813772976398468,0.0,3.228461090475321
12,12,evo,292,27,0.004198851529508829,0.027207477018237114,23.768694816504684,-0.10000000149011612,-0.04324199631810188,0.3696841597557068,0.02017122693359852,0.0791715681552887,0.0,0.056758005172014236
12,12,evo,292,28,0.004366975277662277,0.02764756791293621,23.5981926670134,-0.10000000149011612,-0.040242258459329605,0.3844485878944397,0.03574896231293678,0.07657283544540405,0.0,0.059757743030786514
12,12,evo,292,29,0.004656692501157522,0.028379032388329506,23.31922439211272,3.2003300189971924,-0.047053802758455276,0.4009910225868225,0.03538721054792404,0.07727217674255371,0.0,3.2473838217556477
12,12,evo,292,30,0.00477713393047452,0.02864072658121586,23.20832582779723,-0.10000000149011612,-0.04805222526192665,0.4168103337287903,0.04283420741558075,0.07660180330276489,0.0,0.05194777622818947
12,12,evo,292,31,0.004868661519140005,0.028923802077770233,23.125904175838066,-0.10000000149011612,-0.04484480991959572,0.43429839611053467,0.04408835247159004,0.07600656151771545,0.0,0.0551551915705204
12,12,evo,292,32,0.004913444630801678,0.028992416337132454,23.086139336127278,-0.10000000149011612,-0.0480043925344944,0.45125454664230347,0.03702668845653534,0.07713955640792847,0.0,0.05199560895562172
12,12,evo,292,33,0.005078262183815241,0.02958410046994686,22.942848808461473,3.2003300189971924,-0.028646204620599747,0.4671120047569275,0.03632006049156189,0.07693067193031311,0.0,3.228976223617792
12,12,evo,292,34,0.005070977378636599,0.029675690457224846,22.949083268126497,-0.10000000149011612,-0.02688932791352272,0.4833040237426758,0.03495493531227112,0.07700958847999573,0.0,0.0731106735765934
12,12,evo,292,35,0.0051828124560415745,0.030028341338038445,22.854345061479073,-0.10000000149011612,-0.036959413439035416,0.49920541048049927,0.029401013627648354,0.07646194100379944,0.0,0.0630405880510807
12,12,evo,292,36,0.005365698132663965,0.03064076602458954,22.7037376383068,3.2003300189971924,-0.037910494953393936,0.5145857334136963,0.03547985479235649,0.07324743270874023,0.0,3.2382405139505863
12,12,evo,292,37,0.0055623664520680904,0.031195105984807014,22.5474040294605,-0.10000000149011612,-0.01809084787964821,0.5315313339233398,0.02247053198516369,0.07186084985733032,0.0,0.08190915361046791
12,12,evo,292,38,0.005687545984983444,0.03143956884741783,22.450750789600924,-0.10000000149011612,-0.01687011495232582,0.545863926410675,0.012719358317553997,0.06958186626434326,0.0,0.0831298865377903
12,12,evo,292,39,0.005825921893119812,0.031747858971357346,22.346353421619135,3.2003300189971924,-0.006991419941186905,0.5599890351295471,0.023171113803982735,0.06664469838142395,0.0,3.2073214389383793
12,12,evo,292,40,0.006084708031266928,0.03237112984061241,22.157602561277223,-0.10000000149011612,-0.00272316113114357,0.576196551322937,0.022843632847070694,0.06485876441001892,0.0,0.09727684035897255
12,12,evo,292,41,0.006288466975092888,0.032784413546323776,22.014552155093916,-0.10000000149011612,-0.004532996565103531,0.5914719104766846,0.01623254269361496,0.06393790245056152,0.0,0.09546700492501259
12,12,evo,292,42,0.006585425231605768,0.0335688591003418,21.814161766965206,-0.10000000149011612,-0.0014537312090396881,0.6061887741088867,0.01976398006081581,0.0631098747253418,0.0,0.09854627028107643
12,12,evo,292,43,0.0065339053981006145,0.03364800289273262,21.848271577975737,3.2003300189971924,-0.016588244587183,0.6218869090080261,0.021216221153736115,0.06193968653678894,0.0,3.2169182635843754
12,12,evo,292,44,0.006880535278469324,0.03440020978450775,21.623777740547926,-0.10000000149011612,-0.016215357929468155,0.6372601985931396,0.02150307223200798,0.06004062294960022,0.0,0.08378464356064796
12,12,evo,292,45,0.00716545432806015,0.03505253046751022,21.447562678048023,-0.10000000149011612,-0.023947421461343765,0.6528437733650208,0.029954146593809128,0.059751957654953,0.0,0.07605258002877235
12,12,evo,292,46,0.007613586727529764,0.03616759926080704,21.184107007846514,3.2003300189971924,-0.030278686434030533,0.6697945594787598,0.03182303532958031,0.06091099977493286,0.0,3.230608705431223
12,12,evo,292,47,0.007916291244328022,0.036866191774606705,21.014782362597572,-0.10000000149011612,-0.05652296915650368,0.6860249042510986,0.049473393708467484,0.05962511897087097,0.0,0.04347703233361244
12,12,evo,292,48,0.008323959074914455,0.03771701455116272,20.796700636817604,-0.10000000149011612,-0.05583987012505531,0.70556640625,0.050104498863220215,0.059801191091537476,0.0,0.044160131365060806
12,12,evo,292,49,0.008721035905182362,0.0386485792696476,20.594319254821066,3.2003300189971924,-0.05798998847603798,0.7228569388389587,0.06058116257190704,0.05877655744552612,0.0,3.2583200074732304
12,12,evo,292,50,0.009002541191875935,0.039347488433122635,20.456348828016104,-0.10000000149011612,-0.0335184670984745,0.742792546749115,0.0614488460123539,0.06027171015739441,0.0,0.06648153439164162
12,12,evo,292,51,0.009127509780228138,0.039618756622076035,20.396476930266232,-0.10000000149011612,-0.037104297429323196,0.7609006762504578,0.058892812579870224,0.06242245435714722,0.0,0.06289570406079292
12,12,evo,292,52,0.00896675605326891,0.03942759335041046,20.47364645358747,3.2003300189971924,-0.03396618738770485,0.7790226340293884,0.06316928565502167,0.06350374221801758,0.0,3.2342962063848972
12,12,evo,292,53,0.00908591877669096,0.03977353870868683,20.41631149867044,-0.10000000149011612,-0.043043527752161026,0.7979921698570251,0.059063639491796494,0.06351232528686523,0.0,0.05695647373795509
12,12,evo,292,54,0.009067077189683914,0.039877258241176605,20.425326870260974,-0.10000000149011612,-0.048821065574884415,0.8155649304389954,0.05531616136431694,0.06338098645210266,0.0,0.051178935915231705
12,12,evo,292,55,0.00904699508100748,0.040013208985328674,20.434956458159306,3.2003300189971924,-0.04826453700661659,0.8335358500480652,0.048793625086545944,0.06452995538711548,0.0,3.248594556003809
12,12,evo,292,56,0.009032242931425571,0.04013161361217499,20.442043901310537,-0.10000000149011612,-0.050574276596307755,0.8504440784454346,0.05463099479675293,0.06700807809829712,0.0,0.049425724893808365
12,12,evo,292,57,0.00924524012953043,0.040517132729291916,20.34081804291108,-0.10000000149011612,-0.0494675375521183,0.8692758083343506,0.08348259329795837,0.06819826364517212,0.0,0.05053246393799782
12,12,evo,292,58,0.009134179912507534,0.0404118187725544,20.39330438509646,3.2003300189971924,-0.043806422501802444,0.8920314311981201,0.09905122220516205,0.07122069597244263,0.0,3.244136441498995
12,12,evo,292,59,0.009045015089213848,0.04013511911034584,20.435907042981594,-0.10000000149011612,-0.039292801171541214,0.9127652645111084,0.12823767960071564,0.07804808020591736,0.0,0.060707200318574905
12,12,evo,292,60,0.00874137319624424,0.03926004841923714,20.584203379941425,-0.10000000149011612,-0.04101765528321266,0.9373283386230469,0.1444147676229477,0.09278473258018494,0.0,0.05898234620690346
12,12,evo,292,61,0.008424096740782261,0.0382898673415184,20.744766544357383,3.2003300189971924,-0.04263165965676308,0.9577210545539856,0.14720644056797028,0.11291441321372986,0.0,3.2429616786539555
12,12,evo,292,62,0.007795147597789764,0.03667885810136795,21.081756572167983,-0.10000000149011612,-0.04623812809586525,0.9765961766242981,0.12274009734392166,0.1370585560798645,0.0,0.05376187339425087
12,12,evo,292,63,0.007233757525682449,0.03526316210627556,21.40636052807327,-0.10000000149011612,-0.0418609119951725,0.9899924397468567,0.0880342572927475,0.15709486603736877,0.0,0.05813908949494362
12,12,evo,292,64,0.006483228411525488,0.033637791872024536,21.882086774380227,3.2003300189971924,-0.020803634077310562,1.0021483898162842,0.07100790739059448,0.16669422388076782,0.0,3.221133653074503
12,12,evo,292,65,0.006567870732396841,0.033554498106241226,21.825754035072524,-0.10000000149011612,0.059154655784368515,1.0163276195526123,0.06068018078804016,0.1601489782333374,0.0,0.15915465727448463
12,12,evo,292,66,0.006518093403428793,0.0335286445915699,21.858794204429714,-0.10000000149011612,0.13068342208862305,1.0314078330993652,0.038382068276405334,0.16127854585647583,0.0,0.23068342357873917
12,12,evo,292,67,0.006359224673360586,0.03338918089866638,21.965958309879156,-0.10000000149011612,0.1710028052330017,1.0442814826965332,-0.009609078988432884,0.15053966641426086,0.0,0.27100280672311783
12,12,evo,292,68,0.006875839550048113,0.034549567848443985,21.626742662697076,3.2003300189971924,0.24955374002456665,1.0525314807891846,-0.029129937291145325,0.14155292510986328,0.0,2.9507762789726257
12,12,evo,292,69,0.0073019093833863735,0.03545049577951431,21.365635609425034,-0.10000000149011612,0.3850032687187195,1.063549518585205,-0.04566699266433716,0.13765013217926025,0.0,0.4850032702088356
12,12,evo,292,70,0.007861262187361717,0.03668555989861488,21.04507718973545,-0.10000000149011612,0.4111860394477844,1.0700297355651855,-0.07606764882802963,0.12357664108276367,0.0,0.5111860409379005
12,12,evo,292,71,0.008394843898713589,0.037811797112226486,20.759873751134982,3.2003300189971924,0.41534942388534546,1.07277512550354,-0.07555611431598663,0.11752337217330933,0.0,2.784980595111847
12,12,evo,292,72,0.008732732385396957,0.03864315524697304,20.58849848592952,-0.10000000149011612,0.4004784822463989,1.079343557357788,-0.03226695954799652,0.11243933439254761,0.0,0.500478483736515
12,12,evo,292,73,0.008900166489183903,0.03920770809054375,20.50601869236258,-0.10000000149011612,0.4210742712020874,1.0914037227630615,-0.023053249344229698,0.11294892430305481,0.0,0.5210742726922035
12,12,evo,292,74,0.009334704838693142,0.04005150869488716,20.298994097934717,3.2003300189971924,0.4170191287994385,1.0894062519073486,-0.07688499242067337,0.11551791429519653,0.0,2.783310890197754
12,12,evo,292,75,0.009825680404901505,0.04114200174808502,20.07637366055564,-0.10000000149011612,0.39841127395629883,1.075179100036621,-0.10142284631729126,0.10992515087127686,0.0,0.49841127544641495
12,12,evo,292,76,0.010145563632249832,0.04204101487994194,19.937238209247298,-0.10000000149011612,0.43379688262939453,1.0729081630706787,-0.0896134078502655,0.10365188121795654,0.0,0.5337968841195107
12,12,evo,292,77,0.01025582104921341,0.04227238893508911,19.89029565635045,3.2003300189971924,0.3768107295036316,1.07431960105896,-0.07551638036966324,0.10260778665542603,0.0,2.823519289493561
12,12,evo,292,78,0.010379888117313385,0.04263397678732872,19.838073276335425,-0.10000000149011612,0.4355486035346985,1.070159912109375,-0.08855234831571579,0.10338270664215088,0.0,0.5355486050248146
12,12,evo,292,79,0.010513979941606522,0.04294322058558464,19.78232855856486,-0.10000000149011612,0.3537406325340271,1.0566565990447998,-0.08442693948745728,0.10489332675933838,0.0,0.4537406340241432
12,12,evo,292,80,0.010544861666858196,0.04306863620877266,19.769591131946903,3.2003300189971924,0.3712926506996155,1.0508232116699219,,,,2.829037368297577
13,13,evo,335,0,0.0043746898882091045,0.027740756049752235,23.590527276960724,,,,-0.021446820348501205,0.08828431367874146,0.0,
13,13,evo,335,1,0.00431409478187561,0.027541935443878174,23.651103175567528,-0.10000000149011612,-0.006090883165597916,-0.006090883165597916,-0.02429576776921749,0.08535614609718323,0.0,0.0939091183245182
13,13,evo,335,2,0.0041300649754703045,0.027328431606292725,23.840431158336134,3.458718776702881,-0.033086154609918594,0.0020756684243679047,-0.003902113763615489,0.08242648839950562,0.0,3.4918049313127995
13,13,evo,335,3,0.004186304286122322,0.027299389243125916,23.781692076788893,-0.10000000149011612,-0.030022326856851578,0.006788160651922226,0.01910519227385521,0.08119454979896545,0.0,0.06997767463326454
13,13,evo,335,4,0.004304620902985334,0.02765299379825592,23.66065089736706,-0.10000000149011612,-0.030269507318735123,0.013253029435873032,0.0353318527340889,0.08314430713653564,0.0,0.069730494171381
13,13,evo,335,5,0.004751113709062338,0.028367863968014717,23.232045754264345,3.458718776702881,-0.03874877467751503,0.020261075347661972,0.05496550351381302,0.0877562165260315,0.0,3.497467551380396
13,13,evo,335,6,0.005112695973366499,0.028836356475949287,22.91350031841231,-0.10000000149011612,-0.03799985721707344,0.02927916869521141,0.06947056949138641,0.09267419576644897,0.0,0.06200014427304268
13,13,evo,335,7,0.005526916589587927,0.029632287099957466,22.57517089598619,-0.10000000149011612,-0.03240096941590309,0.039122339338064194,0.08174353837966919,0.10221853852272034,0.0,0.06759903207421303
13,13,evo,335,8,0.005964174866676331,0.030718954280018806,22.24449631731573,-0.10000000149011612,-0.0038615502417087555,0.050474997609853745,0.07825987040996552,0.11655667424201965,0.0,0.09613845124840736
13,13,evo,335,9,0.006397247314453125,0.03153179958462715,21.94006859345576,3.458718776702881,0.0019651316106319427,0.06142386421561241,0.08255450427532196,0.12393176555633545,0.0,3.456753645092249
13,13,evo,335,10,0.007199577521532774,0.03320376202464104,21.426929876590552,-0.10000000149011612,0.0466499887406826,0.074411541223526,0.08594342321157455,0.13406077027320862,0.0,0.14664999023079872
13,13,evo,335,11,0.00839539896696806,0.03586665168404579,20.7595866045082,-0.10000000149011612,0.09587040543556213,0.08854138851165771,0.0901237428188324,0.13736653327941895,0.0,0.19587040692567825
13,13,evo,335,12,0.009844048880040646,0.03915536776185036,20.068262385003987,3.458718776702881,0.15271463990211487,0.10512775182723999,0.06303749978542328,0.13723525404930115,0.0,3.306004136800766
13,13,evo,335,13,0.011271250434219837,0.04237515106797218,19.480279005859124,-0.10000000149011612,0.18746310472488403,0.11990955471992493,0.019084211438894272,0.1292302906513214,0.0,0.28746310621500015
13,13,evo,335,14,0.012311798520386219,0.04487943276762962,19.09678500242891,-0.10000000149011612,0.21474987268447876,0.1322135031223297,-0.04510374367237091,0.12239748239517212,0.0,0.3147498741745949
13,13,evo,335,15,0.013158123008906841,0.04701445996761322,18.808060579114922,3.458718776702881,0.2524356245994568,0.13826090097427368,-0.1381651908159256,0.11410960555076599,0.0,3.206283152103424
13,13,evo,335,16,0.013471107929944992,0.04785922169685364,18.70596684301209,-0.10000000149011612,0.19538968801498413,0.13467541337013245,-0.17319227755069733,0.10312020778656006,0.0,0.29538968950510025
13,13,evo,335,17,0.013673695735633373,0.04826228693127632,18.64114088163174,3.458718776702881,0.2608937621116638,0.1331689953804016,-0.1363532990217209,0.08777156472206116,0.0,3.197825014591217
13,13,evo,335,18,0.013681442476809025,0.04820740222930908,18.638681111910138,3.458718776702881,0.4545212388038635,0.14803817868232727,-0.08368859440088272,0.08718600869178772,0.0,3.0041975378990173
13,13,evo,335,19,0.013475116342306137,0.04789464548230171,18.704674764860513,-0.10000000149011612,0.4193582534790039,0.17381024360656738,-0.05015389993786812,0.09128323197364807,0.0,0.51935825496912
13,13,evo,335,20,0.013374961912631989,0.04770028963685036,18.737074460287758,-0.10000000149011612,0.4208117127418518,0.1969568133354187,-0.07383314520120621,0.09876644611358643,0.0,0.5208117142319679
13,13,evo,335,21,0.013550430536270142,0.048299312591552734,18.680469057817593,-0.10000000149011612,0.5031772255897522,0.21044138073921204,-0.11260678619146347,0.09952467679977417,0.0,0.6031772270798683
13,13,evo,335,22,0.01382487267255783,0.04888110235333443,18.593388598684847,3.458718776702881,0.49873214960098267,0.2227577567100525,-0.08680911362171173,0.09461915493011475,0.0,2.959986627101898
13,13,evo,335,23,0.013846696354448795,0.04900141432881355,18.58653831377626,-0.10000000149011612,0.6435293555259705,0.24713128805160522,-0.06610124558210373,0.0977092981338501,0.0,0.7435293570160866
13,13,evo,335,24,0.013838428072631359,0.04913066700100899,18.589132392256456,-0.10000000149011612,0.5939340591430664,0.26938408613204956,-0.08716823160648346,0.10216084122657776,0.0,0.6939340606331825
13,13,evo,335,25,0.014047215692698956,0.04953629896044731,18.524097490064396,-0.10000000149011612,0.5618678331375122,0.2843608260154724,-0.09909437596797943,0.0989992618560791,0.0,0.6618678346276283
13,13,evo,335,26,0.014301877468824387,0.049919258803129196,18.446069470923376,3.458718776702881,0.616633951663971,0.3029370903968811,-0.07053039222955704,0.09860146045684814,0.0,2.84208482503891
13,13,evo,335,27,0.01438457053154707,0.05023105815052986,18.42103099958122,-0.10000000149011612,0.6349290609359741,0.3289937376976013,-0.050565820187330246,0.10158175230026245,0.0,0.7349290624260902
13,13,evo,335,28,0.014450612477958202,0.05044838786125183,18.401137452838732,-0.10000000149011612,0.6274641156196594,0.35235875844955444,-0.06985754519701004,0.10723984241485596,0.0,0.7274641171097755
13,13,evo,335,29,0.014743202365934849,0.051080599427223206,18.314081732748452,3.458718776702881,0.6539674401283264,0.3697531819343567,-0.08980226516723633,0.10969409346580505,0.0,2.8047513365745544
13,13,evo,335,30,0.014880378730595112,0.05126921460032463,18.27386015126537,-0.10000000149011612,0.5907589197158813,0.3893049955368042,-0.08022083342075348,0.10607939958572388,0.0,0.6907589212059975
13,13,evo,335,31,0.015051712282001972,0.05149548128247261,18.224140919422045,-0.10000000149011612,0.6324761509895325,0.4143580198287964,-0.07981937378644943,0.10816386342048645,0.0,0.7324761524796486
13,13,evo,335,32,0.01501381490379572,0.051693663001060486,18.235089425894984,3.458718776702881,0.6223154664039612,0.43620169162750244,-0.09776342660188675,0.1112213134765625,0.0,2.8364033102989197
13,13,evo,335,33,0.015198606066405773,0.052160244435071945,18.18196241359717,-0.10000000149011612,0.6258147358894348,0.45510637760162354,-0.1014983057975769,0.11323606967926025,0.0,0.7258147373795509
13,13,evo,335,34,0.015381738543510437,0.052672144025564194,18.12994574990909,-0.10000000149011612,0.6343404650688171,0.4776144027709961,-0.09924990683794022,0.11540549993515015,0.0,0.7343404665589333
13,13,evo,335,35,0.015491735190153122,0.05314606428146362,18.098999352876962,3.458718776702881,0.5675286054611206,0.5004658102989197,-0.10153778642416,0.11810654401779175,0.0,2.8911901712417603
13,13,evo,335,36,0.01555610541254282,0.05345945432782173,18.08099122613125,-0.10000000149011612,0.5017015933990479,0.5218525528907776,-0.09902174025774002,0.12018486857414246,0.0,0.601701594889164
13,13,evo,335,37,0.015523565001785755,0.05359221622347832,18.090085354740843,3.458718776702881,0.47042280435562134,0.5443785786628723,-0.0935002788901329,0.12408843636512756,0.0,2.9882959723472595
13,13,evo,335,38,0.015536420047283173,0.05380987003445625,18.08649045562283,-0.10000000149011612,0.44057726860046387,0.5669963359832764,-0.08721911907196045,0.12841728329658508,0.0,0.54057727009058
13,13,evo,335,39,0.015488333068788052,0.053679659962654114,18.099953206515504,-0.10000000149011612,0.3618263006210327,0.5891894102096558,-0.08430356532335281,0.12873727083206177,0.0,0.46182630211114883
13,13,evo,335,40,0.015608790330588818,0.05382327362895012,18.066307531263654,3.458718776702881,0.38100939989089966,0.6105674505233765,-0.08497992157936096,0.12919631600379944,0.0,3.077709376811981
13,13,evo,335,41,0.015742912888526917,0.05410347506403923,18.02914907658587,-0.10000000149011612,0.3957594037055969,0.631560742855072,-0.09838950634002686,0.13250279426574707,0.0,0.49575940519571304
13,13,evo,335,42,0.015771085396409035,0.05401827022433281,18.021384166615817,-0.10000000149011612,0.33655351400375366,0.6509861946105957,-0.09587961435317993,0.13215312361717224,0.0,0.4365535154938698
13,13,evo,335,43,0.015809593722224236,0.05409805104136467,18.010792905019,-0.10000000149011612,0.35530340671539307,0.6757131218910217,-0.09628566354513168,0.13305816054344177,0.0,0.4553034082055092
13,13,evo,335,44,0.015840133652091026,0.05428123474121094,18.00241158344963,3.458718776702881,0.31118184328079224,0.6984293460845947,-0.1096319854259491,0.13623377680778503,0.0,3.1475369334220886
13,13,evo,335,45,0.015831224620342255,0.05422059819102287,18.00485489099354,-0.10000000149011612,0.25730305910110474,0.7185348868370056,-0.09947124868631363,0.13091757893562317,0.0,0.35730306059122086
13,13,evo,335,46,0.0157669335603714,0.054355595260858536,18.0225276242907,-0.10000000149011612,0.3649727702140808,0.7444745898246765,-0.08457423001527786,0.13073107600212097,0.0,0.46497277170419693
13,13,evo,335,47,0.015819955617189407,0.054654624313116074,18.007947392477462,3.458718776702881,0.378373920917511,0.7675740122795105,-0.10451581329107285,0.1304699182510376,0.0,3.08034485578537
13,13,evo,335,48,0.015864914283156395,0.054492831230163574,17.995622700150502,-0.10000000149011612,0.3261663317680359,0.7827288508415222,-0.11648038774728775,0.12731590867042542,0.0,0.426166333258152
13,13,evo,335,49,0.015956731513142586,0.054512929171323776,17.970560623071037,-0.10000000149011612,0.42622244358062744,0.8039087653160095,-0.13247330486774445,0.11839160323143005,0.0,0.5262224450707436
13,13,evo,335,50,0.015770120546221733,0.05424964427947998,18.021649869273546,3.458718776702881,0.433197557926178,0.826219379901886,-0.1558951735496521,0.11286923289299011,0.0,3.025521218776703
13,13,evo,335,51,0.015484805218875408,0.053530946373939514,18.100942532002925,-0.10000000149011612,0.4209039807319641,0.8468375205993652,-0.1550934612751007,0.1015951931476593,0.0,0.5209039822220802
13,13,evo,335,52,0.015310759656131268,0.053000856190919876,18.15003260883625,-0.10000000149011612,0.4326176643371582,0.8702125549316406,-0.1132979542016983,0.09102275967597961,0.0,0.5326176658272743
13,13,evo,335,53,0.015320158563554287,0.05297979339957237,18.147367397347274,3.458718776702881,0.46206092834472656,0.8908038139343262,-0.08098482340574265,0.08868497610092163,0.0,2.9966578483581543
13,13,evo,335,54,0.015372033230960369,0.053302764892578125,18.132686853573688,-0.10000000149011612,0.4004736542701721,0.8990578651428223,-0.04772111400961876,0.09015873074531555,0.0,0.5004736557602882
13,13,evo,335,55,0.015562771819531918,0.053856462240219116,18.079130501020774,-0.10000000149011612,0.5258816480636597,0.908341646194458,-0.012383177876472473,0.09079861640930176,0.0,0.6258816495537758
13,13,evo,335,56,0.015812141820788383,0.05477079376578331,18.010092990780173,3.458718776702881,0.5866451263427734,0.9276807308197021,-0.03237757086753845,0.09639707207679749,0.0,2.8720736503601074
13,13,evo,335,57,0.016291001811623573,0.05587916448712349,17.880522080253066,-0.10000000149011612,0.4797229766845703,0.9506168961524963,-0.04584553837776184,0.09849858283996582,0.0,0.5797229781746864
13,13,evo,335,58,0.016426628455519676,0.056278079748153687,17.844515658053545,-0.10000000149011612,0.4742588996887207,0.9918408989906311,-0.02049228735268116,0.09224390983581543,0.0,0.5742589011788368
13,13,evo,335,59,0.016444241628050804,0.05651296675205231,17.839861504177055,3.458718776702881,0.5067211389541626,1.0487501621246338,0.012305309064686298,0.0885571539402008,0.0,2.9519976377487183
13,13,evo,335,60,0.016630306839942932,0.05686242878437042,17.79099737691805,-0.10000000149011612,0.543723464012146,1.1108717918395996,0.020015714690089226,0.09294748306274414,0.0,0.6437234655022621
13,13,evo,335,61,0.016977574676275253,0.057688672095537186,17.70124350602171,-0.10000000149011612,0.44400888681411743,1.177619457244873,0.022253645583987236,0.09651294350624084,0.0,0.5440088883042336
13,13,evo,335,62,0.01724383607506752,0.05838822200894356,17.633661143284723,3.458718776702881,0.31508463621139526,1.253100872039795,-0.012643691152334213,0.10056641697883606,0.0,3.1436341404914856
13,13,evo,335,63,0.017486635595560074,0.05868598446249962,17.57293740140249,-0.10000000149011612,0.1672723889350891,1.319596290588379,-0.025536712259054184,0.10114100575447083,0.0,0.26727239042520523
13,13,evo,335,64,0.017488140612840652,0.058809489011764526,17.572563634493086,-0.10000000149011612,0.0994504988193512,1.3798243999481201,-0.005790757481008768,0.09412902593612671,0.0,0.19945050030946732
13,13,evo,335,65,0.0178318340331316,0.05948542058467865,17.48803986633615,3.458718776702881,0.13043081760406494,1.4290587902069092,0.002632835414260626,0.09408137202262878,0.0,3.328287959098816
13,13,evo,335,66,0.017946189269423485,0.059614989906549454,17.460277562756236,-0.10000000149011612,0.13475799560546875,1.451803207397461,0.026494257152080536,0.0925915539264679,0.0,0.23475799709558487
13,13,evo,335,67,0.018122473731637,0.05992678925395012,17.417825210812243,-0.10000000149011612,0.08975076675415039,1.4516630172729492,0.04809100925922394,0.09211710095405579,0.0,0.1897507682442665
13,13,evo,335,68,0.01834952086210251,0.06038570776581764,17.36375271447951,3.458718776702881,0.058920618146657944,1.4237616062164307,0.05188865587115288,0.09714451432228088,0.0,3.399798158556223
13,13,evo,335,69,0.01866023801267147,0.060925375670194626,17.290828210969888,-0.10000000149011612,0.01024138554930687,1.3636009693145752,0.08244302868843079,0.09597870707511902,0.0,0.11024138703942299
13,13,evo,335,70,0.01898627169430256,0.06161598861217499,17.2156030864682,-0.10000000149011612,0.033392634242773056,1.2829923629760742,0.07992321252822876,0.09709882736206055,0.0,0.13339263573288918
13,13,evo,335,71,0.019419245421886444,0.06271158903837204,17.117676495813473,3.458718776702881,0.02131872996687889,1.1781845092773438,0.07226818799972534,0.0975269079208374,0.0,3.437400046736002
13,13,evo,335,72,0.01950378715991974,0.06341943889856339,17.098810510497675,-0.10000000149011612,-0.007679704576730728,1.0570623874664307,0.09321021288633347,0.09747490286827087,0.0,0.09232029691338539
13,13,evo,335,73,0.01993655599653721,0.06528160721063614,17.00349863119791,-0.10000000149011612,-0.016432587057352066,0.9309852123260498,0.097458615899086,0.09797769784927368,0.0,0.08356741443276405
13,13,evo,335,74,0.020872600376605988,0.06813087314367294,16.804234417414378,3.458718776702881,-0.01972857490181923,0.8089775443077087,0.09476587176322937,0.09719029068946838,0.0,3.4784473516047
13,13,evo,335,75,0.021820740774273872,0.07079791277647018,16.611305099933865,-0.10000000149011612,-0.01555204764008522,0.6992532014846802,0.11405366659164429,0.09599760174751282,0.0,0.0844479538500309
13,13,evo,335,76,0.023211868479847908,0.07403332740068436,16.342898988449765,-0.10000000149011612,-0.019220534712076187,0.6036407947540283,0.13028524816036224,0.09322455525398254,0.0,0.08077946677803993
13,13,evo,335,77,0.025073865428566933,0.07774107903242111,16.007787093249135,3.458718776702881,-0.010954085737466812,0.5216814875602722,0.13081739842891693,0.08927389979362488,0.0,3.4696728624403477
13,13,evo,335,78,0.02640613168478012,0.08007747679948807,15.78295215264168,-0.10000000149011612,-0.02226412668824196,0.4563038945198059,0.17100122570991516,0.08503958582878113,0.0,0.07773587480187416
13,13,evo,335,79,0.02764224447309971,0.081990085542202,15.584266963663296,-0.10000000149011612,0.0006219111382961273,0.4067094326019287,0.1784670352935791,0.0828254222869873,0.0,0.10062191262841225
13,13,evo,335,80,0.028410449624061584,0.0834086537361145,15.465218930738363,3.458718776702881,0.006621357053518295,0.3663850426673889,,,,3.4520974196493626
14,14,evo,488,0,0.002506082644686103,0.0225764662027359,26.010046110995276,,,,0.035522572696208954,0.051877766847610474,0.0,
14,14,evo,488,1,0.0027364373672753572,0.023853018879890442,25.628144877217288,3.289830446243286,0.46506333351135254,0.46506333351135254,0.10137303918600082,0.04724118113517761,0.0,2.8247671127319336
14,14,evo,488,2,0.0025825004559010267,0.023392820730805397,25.879595931402747,-0.10000000149011612,0.42666345834732056,0.5502924919128418,0.07627138495445251,0.05291473865509033,0.0,0.5266634598374367
14,14,evo,488,3,0.002513251034542918,0.02306155301630497,25.997641300020394,-0.10000000149011612,0.4354318380355835,0.5708820223808289,0.08482316881418228,0.05903330445289612,0.0,0.5354318395256996
14,14,evo,488,4,0.0026159798726439476,0.023642705753445625,25.82365601797807,3.289830446243286,0.5421361327171326,0.5931516289710999,0.08374010771512985,0.06478297710418701,0.0,2.7476943135261536
14,14,evo,488,5,0.0031084921211004257,0.024890854954719543,25.07450229073353,-0.10000000149011612,0.529775083065033,0.6070145964622498,0.05190663039684296,0.07511547207832336,0.0,0.6297750845551491
14,14,evo,488,6,0.003640769748017192,0.02613549493253231,24.388067861381675,-0.10000000149011612,0.47223103046417236,0.6140598654747009,0.04978745058178902,0.07992741465568542,0.0,0.5722310319542885
14,14,evo,488,7,0.0038457203190773726,0.0270076971501112,24.150223031183472,3.289830446243286,0.49115073680877686,0.6206883788108826,0.03151436895132065,0.07872161269187927,0.0,2.7986797094345093
14,14,evo,488,8,0.004488527774810791,0.028444135561585426,23.478960830772294,-0.10000000149011612,0.4594380259513855,0.6237376928329468,0.01536055188626051,0.07758897542953491,0.0,0.5594380274415016
14,14,evo,488,9,0.00484468461945653,0.029071243479847908,23.14734489508535,3.289830446243286,0.4742664098739624,0.626624584197998,0.025315046310424805,0.07594332098960876,0.0,2.8155640363693237
14,14,evo,488,10,0.005147765856236219,0.029773985967040062,22.88381215003305,-0.10000000149011612,0.44812703132629395,0.632129967212677,0.004812747240066528,0.07513588666915894,0.0,0.5481270328164101
14,14,evo,488,11,0.005588952451944351,0.03093181736767292,22.526695851319985,-0.10000000149011612,0.4367550015449524,0.6355018615722656,-0.029748190194368362,0.07806941866874695,0.0,0.5367550030350685
14,14,evo,488,12,0.005511255469173193,0.030910752713680267,22.587494571870664,3.289830446243286,0.4376581311225891,0.6383374333381653,-0.03100300207734108,0.07743379473686218,0.0,2.852172315120697
14,14,evo,488,13,0.005472320597618818,0.030623530969023705,22.61828467264154,-0.10000000149011612,0.39334607124328613,0.6433550715446472,-0.0490359403192997,0.07250073552131653,0.0,0.49334607273340225
14,14,evo,488,14,0.00568004185333848,0.030985752120614052,22.456484641821177,3.289830446243286,0.40697991847991943,0.6473090648651123,-0.08575205504894257,0.0702413022518158,0.0,2.8828505277633667
14,14,evo,488,15,0.005483486223965883,0.030216947197914124,22.609432432605935,-0.10000000149011612,0.3800506591796875,0.649445116519928,-0.07952096313238144,0.0644359290599823,0.0,0.4800506606698036
14,14,evo,488,16,0.005088940728455782,0.028986671939492226,22.93372607380683,-0.10000000149011612,0.41583430767059326,0.6550110578536987,-0.047042787075042725,0.05887076258659363,0.0,0.5158343091607094
14,14,evo,488,17,0.00454555731266737,0.027745863422751427,23.42412862061842,3.289830446243286,0.4212833046913147,0.6647452116012573,-0.046112027019262314,0.059889525175094604,0.0,2.8685471415519714
14,14,evo,488,18,0.003990968223661184,0.026613561436533928,23.989217300820613,-0.10000000149011612,0.42147713899612427,0.672649085521698,-0.04091692715883255,0.06004336476325989,0.0,0.5214771404862404
14,14,evo,488,19,0.003641584189608693,0.02583709917962551,24.38709645160532,-0.10000000149011612,0.4650720953941345,0.6819003820419312,-0.02095421589910984,0.05748528242111206,0.0,0.5650720968842506
14,14,evo,488,20,0.003546644002199173,0.02578093111515045,24.501824020664465,3.289830446243286,0.49134671688079834,0.6937011480331421,-0.031472280621528625,0.06322768330574036,0.0,2.798483729362488
14,14,evo,488,21,0.0037450764793902636,0.026111237704753876,24.265393090091006,-0.10000000149011612,0.5024679899215698,0.7029525637626648,-0.02332404814660549,0.06583958864212036,0.0,0.6024679914116859
14,14,evo,488,22,0.004378240555524826,0.027805542573332787,23.587003804869205,3.289830446243286,0.45873939990997314,0.7149905562400818,-0.0047030141577124596,0.07444864511489868,0.0,2.831091046333313
14,14,evo,488,23,0.005043893586844206,0.029847705736756325,22.972340844966293,-0.10000000149011612,0.5210856795310974,0.7290334105491638,-0.027644893154501915,0.08772456645965576,0.0,0.6210856810212135
14,14,evo,488,24,0.0058015561662614346,0.032015610486269,22.36455498890207,-0.10000000149011612,0.40940433740615845,0.7391698956489563,-0.03738168627023697,0.09343045949935913,0.0,0.5094043388962746
14,14,evo,488,25,0.006976921111345291,0.0349864698946476,21.56336187598629,3.289830446243286,0.3439880609512329,0.7504852414131165,0.015564294531941414,0.08822524547576904,0.0,2.9458423852920532
14,14,evo,488,26,0.008133740164339542,0.037964027374982834,20.897097054249105,-0.10000000149011612,0.4118049144744873,0.7702171206474304,0.03258245810866356,0.09255722165107727,0.0,0.5118049159646034
14,14,evo,488,27,0.008624047040939331,0.039410363882780075,20.642888832375018,3.289830446243286,0.2924172878265381,0.7869779467582703,0.05913219600915909,0.09463956952095032,0.0,2.997413158416748
14,14,evo,488,28,0.009393787942826748,0.04120710492134094,20.271592478891623,-0.10000000149011612,0.2147086262702942,0.8063178658485413,0.09067156165838242,0.10220998525619507,0.0,0.3147086277604103
14,14,evo,488,29,0.010186050087213516,0.04296715185046196,19.919941926260726,-0.10000000149011612,0.0985243022441864,0.8269168734550476,0.1015668660402298,0.11603391170501709,0.0,0.19852430373430252
14,14,evo,488,30,0.010483503341674805,0.04364404454827309,19.794935620366985,3.289830446243286,0.03578003868460655,0.8459749221801758,0.14976215362548828,0.12888184189796448,0.0,3.2540504075586796
14,14,evo,488,31,0.010786582715809345,0.044243067502975464,19.67116121835296,-0.10000000149011612,-0.005373749881982803,0.8697264194488525,0.17826958000659943,0.146234929561615,0.0,0.09462625160813332
14,14,evo,488,32,0.011080567725002766,0.04497963562607765,19.55437987484895,3.289830446243286,-0.03579181805253029,0.8896908760070801,0.19274109601974487,0.1608130931854248,0.0,3.3256222642958164
14,14,evo,488,33,0.011095032095909119,0.044717948883771896,19.548714370952393,-0.10000000149011612,-0.04992998018860817,0.9089334011077881,0.21697714924812317,0.16617944836616516,0.0,0.05007002130150795
14,14,evo,488,34,0.011518987827003002,0.045653343200683594,19.38585680674938,-0.10000000149011612,-0.04916292801499367,0.9268221855163574,0.22136615216732025,0.17322281002998352,0.0,0.05083707347512245
14,14,evo,488,35,0.01205920334905386,0.04702148213982582,19.186813814610172,3.289830446243286,-0.05157797411084175,0.9403133392333984,0.2030884027481079,0.17153915762901306,0.0,3.341408420354128
14,14,evo,488,36,0.012626267969608307,0.04801304638385773,18.987249977991574,-0.10000000149011612,-0.05822933092713356,0.9510725140571594,0.18631884455680847,0.16088244318962097,0.0,0.04177067056298256
14,14,evo,488,37,0.013295367360115051,0.04910130426287651,18.762996583123552,3.289830446243286,-0.057996559888124466,0.9601204991340637,0.17127884924411774,0.1479860544204712,0.0,3.3478270061314106
14,14,evo,488,38,0.014172510243952274,0.05069572106003761,18.485532204269315,-0.10000000149011612,-0.04548025503754616,0.9679837822914124,0.11529745161533356,0.13682323694229126,0.0,0.05451974645256996
14,14,evo,488,39,0.014719883911311626,0.051908764988183975,18.32095615058002,-0.10000000149011612,-0.051508400589227676,0.9714906811714172,0.08586084097623825,0.12476572394371033,0.0,0.04849160090088844
14,14,evo,488,40,0.01523253321647644,0.0531744658946991,18.172278661680956,3.289830446243286,-0.058500129729509354,0.9790287613868713,0.052535876631736755,0.11778977513313293,0.0,3.3483305759727955
14,14,evo,488,41,0.015939986333251,0.0547497384250164,17.97512055298515,-0.10000000149011612,-0.06931152939796448,0.9832270741462708,0.052554309368133545,0.10487383604049683,0.0,0.030688472092151642
14,14,evo,488,42,0.016443831846117973,0.05592607334256172,17.839969729447446,-0.10000000149011612,-0.06972742080688477,0.9948523640632629,0.05455325171351433,0.09622785449028015,0.0,0.030272580683231354
14,14,evo,488,43,0.01701754331588745,0.05677657201886177,17.691031352832606,3.289830446243286,-0.06909576058387756,1.0037262439727783,0.06643986701965332,0.09099447727203369,0.0,3.3589262068271637
14,14,evo,488,44,0.017496543005108833,0.057876650243997574,17.570477514345843,-0.10000000149011612,-0.057166937738657,1.0153465270996094,0.07997935265302658,0.0857832133769989,0.0,0.04283306375145912
14,14,evo,488,45,0.017600158229470253,0.058303654193878174,17.544834277610256,3.289830446243286,-0.03173709288239479,1.0249912738800049,0.10561392456293106,0.08108207583427429,0.0,3.321567539125681
14,14,evo,488,46,0.017639758065342903,0.058464497327804565,17.535073756445104,3.289830446243286,0.007784511893987656,1.0364995002746582,0.1416231095790863,0.07724395394325256,0.0,3.2820459343492985
14,14,evo,488,47,0.017841244116425514,0.059043094515800476,17.485748644184554,-0.10000000149011612,0.03780021890997887,1.0471057891845703,0.1499529778957367,0.07626897096633911,0.0,0.13780022040009499
14,14,evo,488,48,0.017558949068188667,0.05872045084834099,17.555014808869096,3.289830446243286,0.005073036998510361,1.053044080734253,0.1956346035003662,0.07280835509300232,0.0,3.2847574092447758
14,14,evo,488,49,0.017591191455721855,0.05898437276482582,17.547047446743306,3.289830446243286,0.027172740548849106,1.0655298233032227,0.20750391483306885,0.06881043314933777,0.0,3.262657705694437
14,14,evo,488,50,0.017068518325686455,0.05810132250189781,17.678041772395193,3.289830446243286,0.006513949483633041,1.065004587173462,0.23678582906723022,0.0642710030078888,0.0,3.283316496759653
14,14,evo,488,51,0.01662575453519821,0.0569530613720417,17.792186357669934,-0.10000000149011612,0.0551753006875515,1.071518898010254,0.2561764419078827,0.0631161630153656,0.0,0.15517530217766762
14,14,evo,488,52,0.016069600358605385,0.05551406741142273,17.939949237475826,-0.10000000149011612,0.04893171414732933,1.066080093383789,0.27926337718963623,0.06259387731552124,0.0,0.14893171563744545
14,14,evo,488,53,0.015590295195579529,0.05424932762980461,18.07145661552817,3.289830446243286,0.016810979694128036,1.0610487461090088,0.30843013525009155,0.060437023639678955,0.0,3.273019466549158
14,14,evo,488,54,0.015052174217998981,0.05275766924023628,18.22400763679456,-0.10000000149011612,0.034366425126791,1.0475947856903076,0.3167332112789154,0.06164294481277466,0.0,0.13436642661690712
14,14,evo,488,55,0.014498132281005383,0.0514061264693737,18.386879420614626,3.289830446243286,0.02318238839507103,1.0278308391571045,0.2879555821418762,0.06727495789527893,0.0,3.266648057848215
14,14,evo,488,56,0.014222857542335987,0.05061274766921997,18.47013139879628,-0.10000000149011612,-0.05280071869492531,1.0006330013275146,0.29871881008148193,0.06677699089050293,0.0,0.04719928279519081
14,14,evo,488,57,0.014071159064769745,0.050369877368211746,18.516701275331886,-0.10000000149011612,-0.05992128327488899,0.9679234623908997,0.2597404718399048,0.07109969854354858,0.0,0.04007871821522713
14,14,evo,488,58,0.013947213999927044,0.050498172640800476,18.555125354223073,3.289830446243286,-0.07005876302719116,0.9315550327301025,0.17154152691364288,0.0776585042476654,0.0,3.3598892092704773
14,14,evo,488,59,0.01385114062577486,0.05061338469386101,18.585144614671933,-0.10000000149011612,-0.056794945150613785,0.8929827213287354,0.05383889377117157,0.09657886624336243,0.0,0.043205056339502335
14,14,evo,488,60,0.01401347666978836,0.05105794593691826,18.534541051717515,3.289830446243286,-0.05137771740555763,0.8504467010498047,-0.07793600857257843,0.11759158968925476,0.0,3.3412081636488438
14,14,evo,488,61,0.014218549244105816,0.05158132687211037,18.47144713551501,-0.10000000149011612,-0.03518057242035866,0.8050412535667419,-0.20434442162513733,0.1424356997013092,0.0,0.06481942906975746
14,14,evo,488,62,0.01371955405920744,0.050708163529634476,18.6266000472059,-0.10000000149011612,-0.05637047067284584,0.7734817862510681,-0.27679750323295593,0.14468789100646973,0.0,0.04362953081727028
14,14,evo,488,63,0.013438637368381023,0.05047200247645378,18.71644765016894,3.289830446243286,-0.023604098707437515,0.7829340100288391,-0.2975429594516754,0.1308358907699585,0.0,3.3134345449507236
14,14,evo,488,64,0.013527631759643555,0.051027942448854446,18.687782273301462,-0.10000000149011612,0.06429153680801392,0.7789003252983093,-0.2910708487033844,0.11335250735282898,0.0,0.16429153829813004
14,14,evo,488,65,0.013942900113761425,0.052277687937021255,18.55646883884604,3.289830446243286,0.07718944549560547,0.7528499960899353,-0.25268256664276123,0.08828297257423401,0.0,3.2126410007476807
14,14,evo,488,66,0.014722384512424469,0.05400964990258217,18.32021843753989,-0.10000000149011612,0.2566682696342468,0.7043982744216919,-0.1925036907196045,0.06974592804908752,0.0,0.35666827112436295
14,14,evo,488,67,0.015548600815236568,0.055838629603385925,18.083086860945087,-0.10000000149011612,0.2976304292678833,0.6230836510658264,-0.12104874849319458,0.0605337917804718,0.0,0.3976304307579994
14,14,evo,488,68,0.015928665176033974,0.05695177987217903,17.978206166013685,3.289830446243286,0.25959986448287964,0.5212081074714661,-0.0070870970375835896,0.051084965467453,0.0,3.0302305817604065
14,14,evo,488,69,0.016489287838339806,0.05820887163281441,17.82798100847787,-0.10000000149011612,0.2351372241973877,0.4239553213119507,0.13878534734249115,0.041593581438064575,0.0,0.3351372256875038
14,14,evo,488,70,0.016799896955490112,0.05894256755709648,17.746933820717135,3.289830446243286,0.3418648838996887,0.33233028650283813,0.2556423246860504,0.03549736738204956,0.0,2.9479655623435974
14,14,evo,488,71,0.01716640405356884,0.05961690843105316,17.653206695012855,-0.10000000149011612,0.47184282541275024,0.24197977781295776,0.3458949625492096,0.03409096598625183,0.0,0.5718428269028664
14,14,evo,488,72,0.017725542187690735,0.06075463071465492,17.514004717713586,-0.10000000149011612,0.5496460199356079,0.17782551050186157,0.39140981435775757,0.0357765257358551,0.0,0.649646021425724
14,14,evo,488,73,0.01826874352991581,0.06194182112812996,17.382913211088123,3.289830446243286,0.5601255893707275,0.13408046960830688,0.4180659055709839,0.03959017992019653,0.0,2.7297048568725586
14,14,evo,488,74,0.018935637548565865,0.06334859132766724,17.22720067930912,-0.10000000149011612,0.5310583710670471,0.10652697086334229,0.41045287251472473,0.04169905185699463,0.0,0.6310583725571632
14,14,evo,488,75,0.019453078508377075,0.06437908858060837,17.110116604871383,3.289830446243286,0.472744882106781,0.07802802324295044,0.37263157963752747,0.050510257482528687,0.0,2.817085564136505
14,14,evo,488,76,0.01988486386835575,0.0650971457362175,17.014773778449246,-0.10000000149011612,0.43894529342651367,0.04829278215765953,0.26077088713645935,0.07028865814208984,0.0,0.5389452949166298
14,14,evo,488,77,0.01933380961418152,0.06374464184045792,17.13682562350015,-0.10000000149011612,0.30476242303848267,0.018580462783575058,0.16712117195129395,0.0840369462966919,0.0,0.4047624245285988
14,14,evo,488,78,0.01808728091418743,0.0606754869222641,17.42626716319939,3.289830446243286,0.1966264247894287,-0.008128467947244644,0.06349677592515945,0.10640156269073486,0.0,3.0932040214538574
14,14,evo,488,79,0.016850749030709267,0.0575699545443058,17.733807895894515,-0.10000000149011612,0.17319944500923157,-0.029979590326547623,-0.10390163213014603,0.12266093492507935,0.0,0.2731994464993477
14,14,evo,488,80,0.01562725007534027,0.05457580089569092,18.061174379870565,3.289830446243286,0.07096707820892334,-0.046813998371362686,,,,3.218863368034363
15,15,evo,387,0,0.0021972244139760733,0.021682240068912506,26.581255840562022,,,,0.04517333209514618,0.1175408661365509,0.0,
15,15,evo,387,1,0.0026490602176636457,0.022735076025128365,25.769081693351623,3.1786885261535645,0.41901081800460815,0.41901081800460815,0.032192330807447433,0.12377855181694031,0.0,2.7596777081489563
15,15,evo,387,2,0.0030448425095528364,0.023851102218031883,25.164351657572155,-0.10000000149011612,0.4388352632522583,0.3940276503562927,0.014222616329789162,0.1297549307346344,0.0,0.5388352647423744
15,15,evo,387,3,0.00349344196729362,0.025122230872511864,24.56746466805942,-0.10000000149011612,0.4156119227409363,0.3752899765968323,-0.010246860794723034,0.1289336085319519,0.0,0.5156119242310524
15,15,evo,387,4,0.003840268589556217,0.026402609422802925,24.156383998817127,3.1786885261535645,0.39393579959869385,0.35997772216796875,-0.033771101385354996,0.12645715475082397,0.0,2.7847527265548706
15,15,evo,387,5,0.00431421073153615,0.027568422257900238,23.65098645207489,-0.10000000149011612,0.3313026428222656,0.3468326926231384,-0.04785006865859032,0.12344995141029358,0.0,0.43130264431238174
15,15,evo,387,6,0.004613624420017004,0.028485305607318878,23.35957762860692,-0.10000000149011612,0.3192533254623413,0.3365235924720764,-0.05108791962265968,0.11907544732093811,0.0,0.41925332695245743
15,15,evo,387,7,0.004830655176192522,0.029145920649170876,23.159939623937596,-0.10000000149011612,0.32117801904678345,0.3296874165534973,-0.045995231717824936,0.11547592282295227,0.0,0.42117802053689957
15,15,evo,387,8,0.004946229513734579,0.029693881049752235,23.057257354806193,3.1786885261535645,0.32473212480545044,0.3263617753982544,-0.052011556923389435,0.11312165856361389,0.0,2.853956401348114
15,15,evo,387,9,0.005208706017583609,0.03035513497889042,22.832701537103578,-0.10000000149011612,0.2895704507827759,0.3235994577407837,-0.05883466452360153,0.11123022437095642,0.0,0.389570452272892
15,15,evo,387,10,0.005220918450504541,0.030528748407959938,22.82253090312072,-0.10000000149011612,0.25350868701934814,0.32270997762680054,-0.059440478682518005,0.10773655772209167,0.0,0.35350868850946426
15,15,evo,387,11,0.004945133347064257,0.029968341812491417,23.058219930226418,3.1786885261535645,0.2669495940208435,0.32441866397857666,-0.05355791747570038,0.10410147905349731,0.0,2.911738932132721
15,15,evo,387,12,0.00484435074031353,0.029797280207276344,23.147644206346175,-0.10000000149011612,0.30958205461502075,0.3286685347557068,-0.0508790947496891,0.10139748454093933,0.0,0.40958205610513687
15,15,evo,387,13,0.004623671527951956,0.02941846288740635,23.35013026374932,-0.10000000149011612,0.3270534873008728,0.333884060382843,-0.0553964227437973,0.09817132353782654,0.0,0.4270534887909889
15,15,evo,387,14,0.0047840247862041,0.029601333662867546,23.202065789185205,3.1786885261535645,0.3740900158882141,0.3397568464279175,-0.06611039489507675,0.095055490732193,0.0,2.8045985102653503
15,15,evo,387,15,0.004520049784332514,0.02911592274904251,23.448567817944085,-0.10000000149011612,0.3637778162956238,0.3462361693382263,-0.06348899751901627,0.08794769644737244,0.0,0.4637778177857399
15,15,evo,387,16,0.004155999515205622,0.028288716450333595,23.813245117749986,-0.10000000149011612,0.40310823917388916,0.35601502656936646,-0.05364863574504852,0.08265623450279236,0.0,0.5031082406640053
15,15,evo,387,17,0.004044195171445608,0.027865858748555183,23.931678936753663,3.1786885261535645,0.39156854152679443,0.3674883246421814,-0.04514651745557785,0.0809253454208374,0.0,2.78711998462677
15,15,evo,387,18,0.00376494531519711,0.02723524160683155,24.242413274262592,-0.10000000149011612,0.33590954542160034,0.37966620922088623,-0.03933648020029068,0.07884320616722107,0.0,0.43590954691171646
15,15,evo,387,19,0.0034380934666842222,0.026623135432600975,24.63682320926036,-0.10000000149011612,0.35923928022384644,0.3927344083786011,-0.04487921670079231,0.07734769582748413,0.0,0.45923928171396255
15,15,evo,387,20,0.0033067960757762194,0.02641441859304905,24.80592586427641,3.1786885261535645,0.387101948261261,0.4053371548652649,-0.060382913798093796,0.07758781313896179,0.0,2.7915865778923035
15,15,evo,387,21,0.0030799878295511007,0.025708487257361412,25.114509995934654,-0.10000000149011612,0.3178572654724121,0.4173167943954468,-0.04581018537282944,0.07201376557350159,0.0,0.41785726696252823
15,15,evo,387,22,0.0028232671320438385,0.024818411096930504,25.492480278099006,-0.10000000149011612,0.41795408725738525,0.4340754747390747,-0.02470686286687851,0.0681103765964508,0.0,0.5179540887475014
15,15,evo,387,23,0.002601996762678027,0.02406684122979641,25.846932481095376,3.1786885261535645,0.4727092385292053,0.45133471488952637,-0.029502011835575104,0.07024818658828735,0.0,2.705979287624359
15,15,evo,387,24,0.002418777672573924,0.023389948531985283,26.164040489641835,-0.10000000149011612,0.4096974730491638,0.46547430753707886,-0.030483998358249664,0.07091790437698364,0.0,0.5096974745392799
15,15,evo,387,25,0.00261422130279243,0.02375791408121586,25.8265765068301,-0.10000000149011612,0.4485360383987427,0.4813006520271301,-0.011935663409531116,0.06990823149681091,0.0,0.5485360398888588
15,15,evo,387,26,0.002867750823497772,0.024865007027983665,25.424585868540284,3.1786885261535645,0.48272740840911865,0.4998622536659241,-0.017275674268603325,0.0684194266796112,0.0,2.695961117744446
15,15,evo,387,27,0.0028983105439692736,0.024949893355369568,25.37855083217263,-0.10000000149011612,0.5016012787818909,0.515127420425415,-0.02481631562113762,0.06991460919380188,0.0,0.601601280272007
15,15,evo,387,28,0.003080626018345356,0.02552083134651184,25.113610209388728,-0.10000000149011612,0.4903271198272705,0.5306137204170227,-0.011294420808553696,0.06756207346916199,0.0,0.5903271213173866
15,15,evo,387,29,0.0034168697893619537,0.026355057954788208,24.66371571051714,3.1786885261535645,0.4949389696121216,0.5485621690750122,0.010059330612421036,0.06470978260040283,0.0,2.683749556541443
15,15,evo,387,30,0.0034559096675366163,0.026492925360798836,24.614376178722818,-0.10000000149011612,0.5287777781486511,0.5674490332603455,0.01705232635140419,0.06563186645507812,0.0,0.6287777796387672
15,15,evo,387,31,0.003592291846871376,0.02660941146314144,24.446283873897507,-0.10000000149011612,0.503602921962738,0.5850513577461243,0.013179008848965168,0.06767132878303528,0.0,0.6036029234528542
15,15,evo,387,32,0.0034558475017547607,0.026364633813500404,24.614454301421176,3.1786885261535645,0.4534318447113037,0.6021157503128052,0.015555248595774174,0.06907731294631958,0.0,2.7252566814422607
15,15,evo,387,33,0.0034859536681324244,0.026339100673794746,24.57678389402773,-0.10000000149011612,0.4183990955352783,0.6198570728302002,0.016742397099733353,0.06932619214057922,0.0,0.5183990970253944
15,15,evo,387,34,0.0034021108876913786,0.026036879047751427,24.68251535189163,-0.10000000149011612,0.3773403763771057,0.6371582746505737,0.020641721785068512,0.07032141089439392,0.0,0.47734037786722183
15,15,evo,387,35,0.0031070131808519363,0.025308923795819283,25.07656904337842,3.1786885261535645,0.37670713663101196,0.6546779870986938,0.02390596643090248,0.07339227199554443,0.0,2.8019813895225525
15,15,evo,387,36,0.0029305971693247557,0.024806922301650047,25.33043874213455,-0.10000000149011612,0.2821771502494812,0.6720057725906372,0.027538327500224113,0.07481470704078674,0.0,0.3821771517395973
15,15,evo,387,37,0.002748920349404216,0.024285128340125084,25.608378437561594,-0.10000000149011612,0.2554263472557068,0.6894547939300537,0.02381105162203312,0.07762530446052551,0.0,0.3554263487458229
15,15,evo,387,38,0.0024505360051989555,0.02374674379825592,26.107389121089717,3.1786885261535645,0.22078794240951538,0.7059354782104492,0.020002616569399834,0.08054444193840027,0.0,2.957900583744049
15,15,evo,387,39,0.002359214937314391,0.02323867566883564,26.27232490722163,-0.10000000149011612,0.19534027576446533,0.7219914793968201,0.007399383001029491,0.08238756656646729,0.0,0.29534027725458145
15,15,evo,387,40,0.0021519341971725225,0.022489020600914955,26.67171012857784,-0.10000000149011612,0.12188911437988281,0.7364105582237244,0.007774319499731064,0.08005347847938538,0.0,0.22188911586999893
15,15,evo,387,41,0.002261159708723426,0.022414343431591988,26.456687617732946,3.1786885261535645,0.13070467114448547,0.7514330744743347,0.002884502988308668,0.07610079646110535,0.0,3.047983855009079
15,15,evo,387,42,0.0022114566527307034,0.02200903743505478,26.55321568916743,-0.10000000149011612,0.2145310640335083,0.7652894854545593,-0.009493634104728699,0.07578280568122864,0.0,0.3145310655236244
15,15,evo,387,43,0.0020363812800496817,0.02152075618505478,26.911409039782924,-0.10000000149011612,0.25567370653152466,0.7777013182640076,-0.018928080797195435,0.07431581616401672,0.0,0.3556737080216408
15,15,evo,387,44,0.0021497015841305256,0.021821385249495506,26.67621823507836,3.1786885261535645,0.238067626953125,0.7892407774925232,-0.012406658381223679,0.07099765539169312,0.0,2.9406208992004395
15,15,evo,387,45,0.002162250690162182,0.02178851328790188,26.65093955598943,-0.10000000149011612,0.3354334831237793,0.8015739321708679,-0.004210950341075659,0.06955975294113159,0.0,0.4354334846138954
15,15,evo,387,46,0.00215735100209713,0.02172883413732052,26.66079189217179,-0.10000000149011612,0.3620142340660095,0.8137146830558777,-0.026689594611525536,0.07095295190811157,0.0,0.46201423555612564
15,15,evo,387,47,0.0021638863254338503,0.02165990136563778,26.64765557582802,3.1786885261535645,0.3751683235168457,0.8221834301948547,-0.03859035670757294,0.07107284665107727,0.0,2.8035202026367188
15,15,evo,387,48,0.002406321233138442,0.022152649238705635,26.1864639675218,-0.10000000149011612,0.44807374477386475,0.8302876353263855,-0.03221140801906586,0.06731286644935608,0.0,0.5480737462639809
15,15,evo,387,49,0.0025003354530781507,0.022476255893707275,26.020017210689513,-0.10000000149011612,0.47690701484680176,0.83889240026474,-0.035534076392650604,0.0671105682849884,0.0,0.5769070163369179
15,15,evo,387,50,0.0025795327965170145,0.022718481719493866,25.884589460787836,3.1786885261535645,0.4476073384284973,0.8458411693572998,-0.03044050559401512,0.06515857577323914,0.0,2.731081187725067
15,15,evo,387,51,0.0027768064755946398,0.023313676938414574,25.564543865479163,-0.10000000149011612,0.5898354053497314,0.853369951248169,-0.0276696365326643,0.0667787492275238,0.0,0.6898354068398476
15,15,evo,387,52,0.0030421745032072067,0.023910462856292725,25.16815877854902,-0.10000000149011612,0.5842094421386719,0.8597309589385986,-0.03631275147199631,0.06808844208717346,0.0,0.684209443628788
15,15,evo,387,53,0.0033004507422447205,0.024825751781463623,24.814267445154698,3.1786885261535645,0.54252028465271,0.8641431331634521,-0.03496631234884262,0.06770947575569153,0.0,2.6361682415008545
15,15,evo,387,54,0.003713040379807353,0.025924861431121826,24.30270327737979,-0.10000000149011612,0.5646591782569885,0.8687746524810791,-0.023002920672297478,0.06638240814208984,0.0,0.6646591797471046
15,15,evo,387,55,0.0041252546943724155,0.026966847479343414,23.845492328241598,-0.10000000149011612,0.570165753364563,0.8737962245941162,-0.016036495566368103,0.06757694482803345,0.0,0.6701657548546791
15,15,evo,387,56,0.004414273891597986,0.027843201532959938,23.55140723752672,3.1786885261535645,0.5027545690536499,0.877788782119751,0.00945484358817339,0.06851699948310852,0.0,2.6759339570999146
15,15,evo,387,57,0.0047419373877346516,0.02866593934595585,23.240441847190418,-0.10000000149011612,0.46504098176956177,0.8837506771087646,0.03295469284057617,0.07102537155151367,0.0,0.5650409832596779
15,15,evo,387,58,0.005174842197448015,0.029697710648179054,22.86102889121764,-0.10000000149011612,0.4483638405799866,0.8893282413482666,0.028850143775343895,0.07781055569648743,0.0,0.5483638420701027
15,15,evo,387,59,0.005074512213468552,0.02970377542078495,22.946056978837767,3.1786885261535645,0.37805354595184326,0.8921585083007812,0.031693197786808014,0.08383071422576904,0.0,2.800634980201721
15,15,evo,387,60,0.005178018938750029,0.0300187636166811,22.85836365453949,-0.10000000149011612,0.30959850549697876,0.8956043720245361,0.04146716371178627,0.0860014259815216,0.0,0.4095985069870949
15,15,evo,387,61,0.005296943709254265,0.03062448836863041,22.75974642297582,-0.10000000149011612,0.26557761430740356,0.8993487358093262,0.03133049234747887,0.09242162108421326,0.0,0.3655776157975197
15,15,evo,387,62,0.005071644671261311,0.030223650857806206,22.94851181529365,3.1786885261535645,0.20888414978981018,0.9009215831756592,0.04179750755429268,0.09524193406105042,0.0,2.9698043763637543
15,15,evo,387,63,0.005138504784554243,0.03063693642616272,22.89163234756664,-0.10000000149011612,0.25225937366485596,0.9048001766204834,0.046687133610248566,0.10031193494796753,0.0,0.3522593751549721
15,15,evo,387,64,0.005229545757174492,0.03099309466779232,22.81536032685318,-0.10000000149011612,0.23070114850997925,0.9079809188842773,0.03735934942960739,0.11006557941436768,0.0,0.33070115000009537
15,15,evo,387,65,0.005092311184853315,0.030887776985764503,22.930850650075293,3.1786885261535645,0.17343077063560486,0.9101927280426025,0.059676628559827805,0.11429676413536072,0.0,3.0052577555179596
15,15,evo,387,66,0.005026967730373144,0.03074895404279232,22.986939026306594,-0.10000000149011612,0.1536065936088562,0.9163715839385986,0.06803730130195618,0.11357539892196655,0.0,0.2536065950989723
15,15,evo,387,67,0.00488269655033946,0.030438432469964027,23.11340265396023,-0.10000000149011612,0.17108803987503052,0.9219028949737549,0.0300932377576828,0.1193477213382721,0.0,0.27108804136514664
15,15,evo,387,68,0.004370757378637791,0.029142409563064575,23.59443300589568,3.1786885261535645,0.1254553198814392,0.9236204624176025,0.054210416972637177,0.11732059717178345,0.0,3.0532332062721252
15,15,evo,387,69,0.004213439766317606,0.02880891226232052,23.753632102019473,-0.10000000149011612,0.22838175296783447,0.9325287342071533,0.060900427401065826,0.11335423588752747,0.0,0.3283817544579506
15,15,evo,387,70,0.003992673475295305,0.028180209919810295,23.987362053768845,3.1786885261535645,0.2728303074836731,0.9390943050384521,0.024656683206558228,0.11894291639328003,0.0,2.9058582186698914
15,15,evo,387,71,0.003549155779182911,0.027129927650094032,24.498749382250253,-0.10000000149011612,0.29807209968566895,0.941521167755127,0.028203541412949562,0.12457352876663208,0.0,0.39807210117578506
15,15,evo,387,72,0.0034177887719124556,0.026947379112243652,24.662547812956564,-0.10000000149011612,0.2933827042579651,0.9484215378761292,-0.00965798832476139,0.12340110540390015,0.0,0.3933827057480812
15,15,evo,387,73,0.003411518409848213,0.02692440152168274,24.670522807598868,3.1786885261535645,0.23537451028823853,0.9499559998512268,-0.06222746893763542,0.11654201149940491,0.0,2.943314015865326
15,15,evo,387,74,0.003664707764983177,0.027575761079788208,24.359606516136928,-0.10000000149011612,0.31068307161331177,0.9504163861274719,-0.06547470390796661,0.10808831453323364,0.0,0.4106830731034279
15,15,evo,387,75,0.004403546452522278,0.029486121609807014,23.561974179723627,-0.10000000149011612,0.30938732624053955,0.9568155407905579,-0.040492452681064606,0.09595033526420593,0.0,0.40938732773065567
15,15,evo,387,76,0.00485932407900691,0.030236417427659035,23.134241359172414,3.1786885261535645,0.42589324712753296,0.9668200612068176,0.00487924600020051,0.09086304903030396,0.0,2.7527952790260315
15,15,evo,387,77,0.005125086288899183,0.030795864760875702,22.902988181790782,-0.10000000149011612,0.4891200661659241,0.9785793423652649,0.027794189751148224,0.0897078812122345,0.0,0.5891200676560402
15,15,evo,387,78,0.005333659704774618,0.031316060572862625,22.72974696380124,-0.10000000149011612,0.46196508407592773,0.9861710667610168,0.007609880063682795,0.09609383344650269,0.0,0.5619650855660439
15,15,evo,387,79,0.005449552554637194,0.03151009604334831,22.636391547929765,3.1786885261535645,0.31066030263900757,0.9902113080024719,-0.0029569256585091352,0.09268537163734436,0.0,2.868028223514557
15,15,evo,387,80,0.005687365774065256,0.03197954595088959,22.450888398769266,-0.10000000149011612,0.2945007085800171,0.999782145023346,,,,0.3945007100701332
16,16,evo,346,0,0.0019493653671815991,0.020745888352394104,27.101067539662193,,,,0.004062913358211517,0.07764589786529541,0.0,
16,16,evo,346,1,0.002128654858097434,0.021226191893219948,26.71894749728896,3.336426019668579,0.06688934564590454,0.06688934564590454,-0.0020491955801844597,0.08079174160957336,0.0,3.2695366740226746
16,16,evo,346,2,0.002007245784625411,0.02099226415157318,26.97399445464173,-0.10000000149011612,0.012276913970708847,0.06834104657173157,0.003293100045993924,0.07722565531730652,0.0,0.11227691546082497
16,16,evo,346,3,0.0020362900104373693,0.02109725959599018,26.911603692806317,-0.10000000149011612,0.04471677169203758,0.07262670993804932,0.005619246978312731,0.07623112201690674,0.0,0.1447167731821537
16,16,evo,346,4,0.0022095718886703253,0.02131076343357563,26.556918640519296,3.336426019668579,0.058928247541189194,0.07810378074645996,-0.007425954099744558,0.07768335938453674,0.0,3.27749777212739
16,16,evo,346,5,0.00224176119081676,0.021452458575367928,26.494106535762295,-0.10000000149011612,0.002477165311574936,0.0825117826461792,-0.009037576615810394,0.07562255859375,0.0,0.10247716680169106
16,16,evo,346,6,0.002053315518423915,0.020970242097973824,26.87544310550571,-0.10000000149011612,-0.002311263233423233,0.08879491686820984,0.010652742348611355,0.0717805027961731,0.0,0.09768873825669289
16,16,evo,346,7,0.002056622179225087,0.021033430472016335,26.868454849454267,-0.10000000149011612,0.03969364985823631,0.09805262088775635,0.006931130774319172,0.07189679145812988,0.0,0.13969365134835243
16,16,evo,346,8,0.0022173214238137007,0.02167457900941372,26.54171346817648,3.336426019668579,0.044687893241643906,0.10542649030685425,-0.011173955164849758,0.0735970139503479,0.0,3.291738126426935
16,16,evo,346,9,0.002157545881345868,0.021532883867621422,26.660399600143926,-0.10000000149011612,0.04402148351073265,0.11163461208343506,-0.009939905256032944,0.07159626483917236,0.0,0.14402148500084877
16,16,evo,346,10,0.002017117803916335,0.021222680807113647,26.952687373366597,-0.10000000149011612,0.05839109048247337,0.12045347690582275,0.004112659953534603,0.06749194860458374,0.0,0.1583910919725895
16,16,evo,346,11,0.002087579807266593,0.02130533754825592,26.803569126381458,3.336426019668579,0.10248410701751709,0.13161104917526245,-0.004575494211167097,0.06749668717384338,0.0,3.233941912651062
16,16,evo,346,12,0.002019034931436181,0.02122587524354458,26.948561672382603,-0.10000000149011612,0.06986334919929504,0.14078563451766968,0.00571389589458704,0.06783422827720642,0.0,0.16986335068941116
16,16,evo,346,13,0.002224796684458852,0.02154596708714962,26.527096713581628,-0.10000000149011612,0.09158921241760254,0.15335598587989807,0.00544905848801136,0.06689095497131348,0.0,0.19158921390771866
16,16,evo,346,14,0.0017852019518613815,0.020817695185542107,27.483126469927427,-0.10000000149011612,0.083659827709198,0.16510939598083496,0.019962571561336517,0.06804993748664856,0.0,0.18365982919931412
16,16,evo,346,15,0.002022858476266265,0.021482139825820923,26.940345003861967,3.336426019668579,0.12072202563285828,0.17982888221740723,0.003927397076040506,0.06761959195137024,0.0,3.215703994035721
16,16,evo,346,16,0.0020716842263936996,0.021830320358276367,26.836764406187964,-0.10000000149011612,0.12210530042648315,0.1913294792175293,-0.009340658783912659,0.07003152370452881,0.0,0.22210530191659927
16,16,evo,346,17,0.0020911991596221924,0.021826809272170067,26.796046042908443,-0.10000000149011612,0.14561155438423157,0.2032749056816101,-0.01477256789803505,0.06885474920272827,0.0,0.2456115558743477
16,16,evo,346,18,0.0020955970976501703,0.021670430898666382,26.786922117107245,3.336426019668579,0.1191943883895874,0.21552670001983643,-0.017466925084590912,0.06752073764801025,0.0,3.2172316312789917
16,16,evo,346,19,0.001938813948072493,0.02130023203790188,27.12463864568668,-0.10000000149011612,0.1589798927307129,0.22820109128952026,-0.0055733416229486465,0.06560280919075012,0.0,0.258979894220829
16,16,evo,346,20,0.0019409125670790672,0.021052898839116096,27.119940279760606,-0.10000000149011612,0.19318288564682007,0.24331504106521606,-1.5478581190109253e-05,0.0663086473941803,0.0,0.2931828871369362
16,16,evo,346,21,0.0020029630977660418,0.020968645811080933,26.98327051996594,-0.10000000149011612,0.1881108582019806,0.25860732793807983,0.003051159670576453,0.0672382116317749,0.0,0.2881108596920967
16,16,evo,346,22,0.0020908263977617025,0.021091515198349953,26.796820253478334,3.336426019668579,0.21011605858802795,0.2745652198791504,0.0001540258526802063,0.07073941826820374,0.0,3.126309961080551
16,16,evo,346,23,0.002086628694087267,0.021036624908447266,26.80554824751286,-0.10000000149011612,0.13655614852905273,0.29013603925704956,0.003958841785788536,0.0721474289894104,0.0,0.23655615001916885
16,16,evo,346,24,0.0019944391679018736,0.02084769308567047,27.00179205504774,-0.10000000149011612,0.13145852088928223,0.3067917823791504,0.011464138515293598,0.07248777151107788,0.0,0.23145852237939835
16,16,evo,346,25,0.002207653596997261,0.021351292729377747,26.560690707593384,3.336426019668579,0.17329183220863342,0.3243038058280945,0.0023504041600972414,0.07379579544067383,0.0,3.1631341874599457
16,16,evo,346,26,0.0023013160098344088,0.02144480310380459,26.380237412165823,-0.10000000149011612,0.19938692450523376,0.3401950001716614,0.003214888274669647,0.07622957229614258,0.0,0.2993869259953499
16,16,evo,346,27,0.0022886742372065783,0.02132384665310383,26.40416019056262,-0.10000000149011612,0.24474245309829712,0.35725921392440796,0.00012718141078948975,0.07695791125297546,0.0,0.34474245458841324
16,16,evo,346,28,0.0021699487697333097,0.021313317120075226,26.63550519278091,-0.10000000149011612,0.25451594591140747,0.3736407160758972,-0.008880474604666233,0.07802453637123108,0.0,0.3545159474015236
16,16,evo,346,29,0.0019817976281046867,0.021204808726906776,27.02940695705779,3.336426019668579,0.2703482508659363,0.3892282247543335,-0.016199171543121338,0.07831934094429016,0.0,3.066077768802643
16,16,evo,346,30,0.0020440605003386736,0.021213745698332787,26.895062540488755,-0.10000000149011612,0.20409050583839417,0.4044914245605469,-0.009522230364382267,0.07721945643424988,0.0,0.3040905073285103
16,16,evo,346,31,0.001999574014917016,0.021031836047768593,26.990625156739373,-0.10000000149011612,0.22240394353866577,0.42119449377059937,-0.003519043792039156,0.07705932855606079,0.0,0.3224039450287819
16,16,evo,346,32,0.0018237503245472908,0.020551854744553566,27.390346178131818,3.336426019668579,0.20828920602798462,0.4381236433982849,0.006880659144371748,0.07626757025718689,0.0,3.1281368136405945
16,16,evo,346,33,0.001825731247663498,0.020714931190013885,27.385631513619003,-0.10000000149011612,0.22687339782714844,0.4564335346221924,0.01827104762196541,0.07646214962005615,0.0,0.32687339931726456
16,16,evo,346,34,0.0018728062277659774,0.021002158522605896,27.275071551209678,-0.10000000149011612,0.20604658126831055,0.47551679611206055,0.016225839033722878,0.07923603057861328,0.0,0.30604658275842667
16,16,evo,346,35,0.0020509902387857437,0.021581074222922325,26.880364065509784,-0.10000000149011612,0.19008749723434448,0.49339258670806885,0.008149625733494759,0.08159798383712769,0.0,0.2900874987244606
16,16,evo,346,36,0.002086324617266655,0.02197265625,26.806181175205296,3.336426019668579,0.20204013586044312,0.5103103518486023,0.011304075829684734,0.08191478252410889,0.0,3.134385883808136
16,16,evo,346,37,0.002097679767757654,0.022254453971982002,26.782608105708952,-0.10000000149011612,0.1999855935573578,0.5278642773628235,0.00024040043354034424,0.08076494932174683,0.0,0.2999855950474739
16,16,evo,346,38,0.002203096402809024,0.022816456854343414,26.569664986313587,-0.10000000149011612,0.18279588222503662,0.5433084964752197,-0.012828269973397255,0.080555260181427,0.0,0.28279588371515274
16,16,evo,346,39,0.002462952397763729,0.02349366806447506,26.085439818224145,3.336426019668579,0.1715814769268036,0.557851254940033,-0.02004573494195938,0.0773783028125763,0.0,3.1648445427417755
16,16,evo,346,40,0.0024876538664102554,0.02358398400247097,26.042100477616124,-0.10000000149011612,0.13296151161193848,0.5719550848007202,-0.02470262162387371,0.07394871115684509,0.0,0.2329615131020546
16,16,evo,346,41,0.0024767641443759203,0.02362579107284546,26.0611534814691,-0.10000000149011612,0.128190815448761,0.5857188701629639,-0.020364779978990555,0.07016372680664062,0.0,0.2281908169388771
16,16,evo,346,42,0.0022620921954512596,0.023174211382865906,26.454896986325892,3.336426019668579,0.1287778913974762,0.6005069017410278,-0.008362221531569958,0.064991295337677,0.0,3.207648128271103
16,16,evo,346,43,0.002260451205074787,0.023060277104377747,26.458048633677915,-0.10000000149011612,0.21215525269508362,0.6167702078819275,-0.00491595221683383,0.06390035152435303,0.0,0.31215525418519974
16,16,evo,346,44,0.0022546967957168818,0.023028364405035973,26.46911852367216,-0.10000000149011612,0.22875553369522095,0.6324315071105957,-0.009831598028540611,0.06321561336517334,0.0,0.32875553518533707
16,16,evo,346,45,0.0022827971260994673,0.02312633953988552,26.41532682872654,-0.10000000149011612,0.2599828839302063,0.6472268104553223,-0.012618874199688435,0.06229749321937561,0.0,0.3599828854203224
16,16,evo,346,46,0.0022369753569364548,0.023112615570425987,26.50338800170453,3.336426019668579,0.2654656767845154,0.6617943644523621,-0.012248404324054718,0.062248945236206055,0.0,3.0709603428840637
16,16,evo,346,47,0.0022374296095222235,0.023082299157977104,26.502506188844293,-0.10000000149011612,0.20132088661193848,0.6762816905975342,-0.011760406196117401,0.06082165241241455,0.0,0.3013208881020546
16,16,evo,346,48,0.0022719099652022123,0.022973472252488136,26.43608883520279,-0.10000000149011612,0.19444692134857178,0.6908766627311707,-0.018594050779938698,0.05992704629898071,0.0,0.2944469228386879
16,16,evo,346,49,0.002348529640585184,0.023091234266757965,26.29203954253842,3.336426019668579,0.2048511803150177,0.7045878767967224,-0.011509522795677185,0.05915248394012451,0.0,3.1315748393535614
16,16,evo,346,50,0.0024804698769003153,0.023287823423743248,26.054660427158453,-0.10000000149011612,0.2547520399093628,0.7201952338218689,-0.008132155984640121,0.05721977353096008,0.0,0.3547520413994789
16,16,evo,346,51,0.0024299214128404856,0.023153146728873253,26.144077718838385,-0.10000000149011612,0.2948548197746277,0.7355617880821228,-0.006241205148398876,0.05786103010177612,0.0,0.3948548212647438
16,16,evo,346,52,0.0022736985702067614,0.022497639060020447,26.43267111316263,3.336426019668579,0.3037176728248596,0.7514294981956482,-0.009382380172610283,0.059434980154037476,0.0,3.0327083468437195
16,16,evo,346,53,0.002448068233206868,0.022950174286961555,26.111764815868327,-0.10000000149011612,0.2517539858818054,0.7668400406837463,-0.010254321619868279,0.06039464473724365,0.0,0.35175398737192154
16,16,evo,346,54,0.0025256548542529345,0.023059317842125893,25.97625998648048,-0.10000000149011612,0.2260180115699768,0.7828368544578552,-0.008783037774264812,0.061264365911483765,0.0,0.3260180130600929
16,16,evo,346,55,0.002618052065372467,0.02340845763683319,25.82021720856646,-0.10000000149011612,0.21294274926185608,0.7992979884147644,0.0019484510412439704,0.06160584092140198,0.0,0.3129427507519722
16,16,evo,346,56,0.002566251903772354,0.023405903950333595,25.907007154401448,3.336426019668579,0.20696645975112915,0.8177189230918884,0.01975424215197563,0.0625520646572113,0.0,3.12945955991745
16,16,evo,346,57,0.0028747806791216135,0.024161942303180695,25.413952826197512,-0.10000000149011612,0.30343741178512573,0.8380314707756042,0.004520616494119167,0.06728008389472961,0.0,0.40343741327524185
16,16,evo,346,58,0.002817424712702632,0.024212047457695007,25.501476803553835,-0.10000000149011612,0.2347775101661682,0.8544712066650391,0.0028474365826696157,0.07038643956184387,0.0,0.33477751165628433
16,16,evo,346,59,0.002900918712839484,0.024275874719023705,25.374644404699545,3.336426019668579,0.30332261323928833,0.8740575313568115,0.008013717830181122,0.07195329666137695,0.0,3.0331034064292908
16,16,evo,346,60,0.0029906556010246277,0.02451012097299099,25.242335967267554,-0.10000000149011612,0.27743804454803467,0.8936758041381836,-0.0032720896415412426,0.07477429509162903,0.0,0.3774380460381508
16,16,evo,346,61,0.003067501587793231,0.02472522109746933,25.13215203802373,-0.10000000149011612,0.28064852952957153,0.9113409519195557,-0.0038264933973550797,0.07641652226448059,0.0,0.38064853101968765
16,16,evo,346,62,0.003183272434398532,0.02504882775247097,24.97126191510049,3.336426019668579,0.290383517742157,0.9313054084777832,0.003464360721409321,0.07626157999038696,0.0,3.046042501926422
16,16,evo,346,63,0.0033592849504202604,0.025608917698264122,24.737531556860656,-0.10000000149011612,0.30857306718826294,0.9518557190895081,0.010135303251445293,0.07528996467590332,0.0,0.40857306867837906
16,16,evo,346,64,0.0035381510388106108,0.026276232674717903,24.512236315953476,-0.10000000149011612,0.3110506534576416,0.9727330803871155,0.011824898421764374,0.07627889513969421,0.0,0.4110506549477577
16,16,evo,346,65,0.0036906141322106123,0.026927271857857704,24.32901359575935,3.336426019668579,0.2992522120475769,0.9933045506477356,0.014376729726791382,0.07793992757797241,0.0,3.037173807621002
16,16,evo,346,66,0.003888613311573863,0.02759714424610138,24.102052414756624,-0.10000000149011612,0.2857469916343689,1.0144901275634766,0.008037609979510307,0.08021658658981323,0.0,0.385746993124485
16,16,evo,346,67,0.003951073158532381,0.02808893658220768,24.032849287967203,-0.10000000149011612,0.2734195590019226,1.0339994430541992,2.2649765014648438e-05,0.08059662580490112,0.0,0.3734195604920387
16,16,evo,346,68,0.00416335416957736,0.02882869727909565,23.80556642836361,-0.10000000149011612,0.26432591676712036,1.0536417961120605,-0.004150953609496355,0.07803311944007874,0.0,0.3643259182572365
16,16,evo,346,69,0.004431127104908228,0.02973249740898609,23.534857922458535,3.336426019668579,0.26049721240997314,1.0733156204223633,-0.009550241753458977,0.07767823338508606,0.0,3.075928807258606
16,16,evo,346,70,0.004661511164158583,0.030482791364192963,23.314732713215758,-0.10000000149011612,0.21319764852523804,1.091785192489624,-0.00949732307344675,0.07442888617515564,0.0,0.31319765001535416
16,16,evo,346,71,0.004940519109368324,0.031236914917826653,23.062274165642634,-0.10000000149011612,0.1973840594291687,1.1110219955444336,-0.004091439303010702,0.07102948427200317,0.0,0.2973840609192848
16,16,evo,346,72,0.005373690277338028,0.03223390504717827,22.6972736855401,3.336426019668579,0.19744908809661865,1.1302850246429443,-0.016650890931487083,0.06900817155838013,0.0,3.1389769315719604
16,16,evo,346,73,0.005744451191276312,0.03318557143211365,22.407514562681836,-0.10000000149011612,0.19163864850997925,1.1454479694366455,-0.03842408210039139,0.06950193643569946,0.0,0.29163865000009537
16,16,evo,346,74,0.0061171408742666245,0.03403479978442192,22.13451517832727,-0.10000000149011612,0.158610999584198,1.159827470779419,-0.027313411235809326,0.06569403409957886,0.0,0.2586110010743141
16,16,evo,346,75,0.006611275020986795,0.035388264805078506,21.797147763418856,3.336426019668579,0.2099921703338623,1.1801354885101318,-0.016935402527451515,0.06011846661567688,0.0,3.126433849334717
16,16,evo,346,76,0.007132936269044876,0.03655662760138512,21.4673165627173,-0.10000000149011612,0.20786568522453308,1.1963281631469727,-0.010178548283874989,0.0592043399810791,0.0,0.3078656867146492
16,16,evo,346,77,0.00759944086894393,0.037660207599401474,21.19218359885675,-0.10000000149011612,0.16434675455093384,1.21307373046875,0.003692692145705223,0.05696839094161987,0.0,0.26434675604104996
16,16,evo,346,78,0.00803947914391756,0.03857836499810219,20.94772087103528,3.336426019668579,0.1447468101978302,1.2321736812591553,0.006094670854508877,0.057172685861587524,0.0,3.191679209470749
16,16,evo,346,79,0.008398128673434258,0.03929642587900162,20.758174755263287,-0.10000000149011612,0.19322970509529114,1.2486541271209717,-0.0006987525848671794,0.059139907360076904,0.0,0.29322970658540726
16,16,evo,346,80,0.008976136334240437,0.04035915806889534,20.46910559746708,-0.10000000149011612,0.1510545015335083,1.265575885772705,,,,0.2510545030236244
17,17,evo,308,0,0.002082681283354759,0.020173674449324608,26.81377185871206,,,,0.0350804477930069,0.0816030502319336,0.0,
17,17,evo,308,1,0.0021305030677467585,0.02069610357284546,26.71517836115239,-0.10000000149011612,0.2335941195487976,0.2335941195487976,0.0354517325758934,0.0829961895942688,0.0,0.3335941210389137
17,17,evo,308,2,0.0020533220376819372,0.020933540537953377,26.875429316717458,3.222259044647217,0.18835213780403137,0.21210026741027832,0.030852321535348892,0.08750596642494202,0.0,3.0339069068431854
17,17,evo,308,3,0.002347690984606743,0.021805107593536377,26.293590677787773,-0.10000000149011612,0.06291818618774414,0.2129059135913849,0.0386233851313591,0.08686956763267517,0.0,0.16291818767786026
17,17,evo,308,4,0.002468766877427697,0.0224609375,26.075199180173477,-0.10000000149011612,0.033811625093221664,0.21830379962921143,0.04462137445807457,0.08656081557273865,0.0,0.13381162658333778
17,17,evo,308,5,0.002558707492426038,0.023153146728873253,25.919793591640854,3.222259044647217,0.009188052266836166,0.22767680883407593,0.06105451285839081,0.08970621228218079,0.0,3.2130709923803806
17,17,evo,308,6,0.002819494577124715,0.02403971366584301,25.498287363751764,-0.10000000149011612,-0.0014536716043949127,0.24155092239379883,0.06692834943532944,0.08953657746315002,0.0,0.0985463298857212
17,17,evo,308,7,0.003212684066966176,0.02515510283410549,24.931319805547645,-0.10000000149011612,-0.008466456085443497,0.25895315408706665,0.06446430087089539,0.09554830193519592,0.0,0.09153354540467262
17,17,evo,308,8,0.00368722272105515,0.02645750343799591,24.333006287069058,-0.10000000149011612,-0.0013955570757389069,0.2776033878326416,0.06365828961133957,0.09844329953193665,0.0,0.09860444441437721
17,17,evo,308,9,0.004276755731552839,0.02785756252706051,23.68885553920924,3.222259044647217,0.0005327127873897552,0.29726868867874146,0.04968150332570076,0.10013329982757568,0.0,3.221726331859827
17,17,evo,308,10,0.00468606548383832,0.028827741742134094,23.291916467951964,-0.10000000149011612,0.005154963582754135,0.31667906045913696,0.04477210342884064,0.09668546915054321,0.0,0.10515496507287025
17,17,evo,308,11,0.005008936859667301,0.029657820239663124,23.00254442790603,-0.10000000149011612,0.0498201809823513,0.3364608883857727,0.04425666108727455,0.09230837225914001,0.0,0.14982018247246742
17,17,evo,308,12,0.0054962895810604095,0.0308903306722641,22.599303938263237,3.222259044647217,0.09793969988822937,0.3575882315635681,0.016090281307697296,0.0937177836894989,0.0,3.1243193447589874
17,17,evo,308,13,0.005792247597128153,0.03170062229037285,22.371528819338025,-0.10000000149011612,0.057237740606069565,0.37743228673934937,0.005324231460690498,0.09091579914093018,0.0,0.15723774209618568
17,17,evo,308,14,0.0059003219939768314,0.03197316452860832,22.29124287274538,-0.10000000149011612,0.054862942546606064,0.39690154790878296,-0.005855226889252663,0.08676391839981079,0.0,0.15486294403672218
17,17,evo,308,15,0.006036251317709684,0.03231368586421013,22.192326867853875,3.222259044647217,0.011528369039297104,0.4168139696121216,-0.02246362902224064,0.08074560761451721,0.0,3.2107306756079197
17,17,evo,308,16,0.006120505277067423,0.032623570412397385,22.132127232818746,-0.10000000149011612,0.04746275767683983,0.4371412396430969,-0.03906547278165817,0.07716405391693115,0.0,0.14746275916695595
17,17,evo,308,17,0.006068643182516098,0.032527510076761246,22.169083969336413,-0.10000000149011612,0.0401034913957119,0.45746463537216187,-0.049682293087244034,0.07418566942214966,0.0,0.14010349288582802
17,17,evo,308,18,0.005870000924915075,0.03201720491051674,22.313618303221503,-0.10000000149011612,0.02852773293852806,0.47858190536499023,-0.041877832263708115,0.07055148482322693,0.0,0.12852773442864418
17,17,evo,308,19,0.00563197722658515,0.031453926116228104,22.49339109971839,3.222259044647217,0.030492719262838364,0.5031329989433289,-0.04336876794695854,0.06653690338134766,0.0,3.1917663253843784
17,17,evo,308,20,0.0053922696970403194,0.03075788915157318,22.682283944758446,-0.10000000149011612,0.020731445401906967,0.5295155048370361,-0.03998170793056488,0.06453517079353333,0.0,0.12073144689202309
17,17,evo,308,21,0.005134616047143936,0.03005833923816681,22.894920262324383,-0.10000000149011612,-0.002647940069437027,0.557817816734314,-0.017798075452446938,0.06110602617263794,0.0,0.09735206142067909
17,17,evo,308,22,0.004687731619924307,0.029036136344075203,23.290372603266487,3.222259044647217,-0.005393210798501968,0.5895262956619263,0.013571084477007389,0.05903545022010803,0.0,3.2276522554457188
17,17,evo,308,23,0.004549348261207342,0.028627002611756325,23.420508158340798,-0.10000000149011612,0.014545317739248276,0.6246069669723511,0.01907513290643692,0.05825120210647583,0.0,0.1145453192293644
17,17,evo,308,24,0.004516866058111191,0.028550410643219948,23.451627876953424,-0.10000000149011612,0.004426773637533188,0.6595413684844971,0.009696600958704948,0.058469802141189575,0.0,0.10442677512764931
17,17,evo,308,25,0.004394516348838806,0.028227122500538826,23.570889154909406,3.222259044647217,-0.0055362023413181305,0.6935181617736816,0.013093148358166218,0.058837175369262695,0.0,3.227795246988535
17,17,evo,308,26,0.0043654371984303,0.028048085048794746,23.59972255198371,-0.10000000149011612,-0.035573963075876236,0.7270001769065857,0.021863548085093498,0.05706757307052612,0.0,0.06442603841423988
17,17,evo,308,27,0.004289398435503244,0.027791179716587067,23.67603610952912,-0.10000000149011612,-0.044264886528253555,0.7599460482597351,0.02223556488752365,0.0561639666557312,0.0,0.055735114961862564
17,17,evo,308,28,0.004271203652024269,0.02757352776825428,23.694497208134486,-0.10000000149011612,-0.050182048231363297,0.7919581532478333,0.021983128041028976,0.056630730628967285,0.0,0.04981795325875282
17,17,evo,308,29,0.004450816195458174,0.02773278020322323,23.515603403268926,3.222259044647217,-0.049476612359285355,0.8232983946800232,0.02068609558045864,0.055434972047805786,0.0,3.271735657006502
17,17,evo,308,30,0.004444639664143324,0.02768777869641781,23.521634423917583,-0.10000000149011612,-0.039522934705019,0.8534526824951172,0.010241076350212097,0.05535504221916199,0.0,0.06047706678509712
17,17,evo,308,31,0.004432946443557739,0.027710437774658203,23.533075155781404,-0.10000000149011612,-0.03870037570595741,0.8816499710083008,0.002965180901810527,0.0542716383934021,0.0,0.06129962578415871
17,17,evo,308,32,0.004300963599234819,0.02736002765595913,23.66434233037248,3.222259044647217,-0.039541635662317276,0.9087138175964355,0.012735352851450443,0.051827698945999146,0.0,3.261800680309534
17,17,evo,308,33,0.0043721613474190235,0.02762778103351593,23.593038195034914,-0.10000000149011612,-0.02696678414940834,0.9358742237091064,0.009693244472146034,0.051307618618011475,0.0,0.07303321734070778
17,17,evo,308,34,0.004382256418466568,0.02778862975537777,23.583022142086783,-0.10000000149011612,-0.025080237537622452,0.9615455269813538,0.01184541080147028,0.05163466930389404,0.0,0.07491976395249367
17,17,evo,308,35,0.0045489114709198475,0.02819712460041046,23.42092515151826,3.222259044647217,-0.007775340229272842,0.9881725907325745,0.016380971297621727,0.05185496807098389,0.0,3.2300343848764896
17,17,evo,308,36,0.004622663836926222,0.028430094942450523,23.351076875864074,-0.10000000149011612,-0.006470207124948502,1.0146269798278809,0.010322993621230125,0.05221635103225708,0.0,0.09352979436516762
17,17,evo,308,37,0.004641970619559288,0.028575941920280457,23.3329761265297,-0.10000000149011612,0.021936502307653427,1.0410280227661133,0.019647007808089256,0.052363842725753784,0.0,0.12193650379776955
17,17,evo,308,38,0.004751301370561123,0.02886507846415043,23.231874218180696,3.222259044647217,0.051201995462179184,1.0697736740112305,0.0271017923951149,0.05217280983924866,0.0,3.1710570491850376
17,17,evo,308,39,0.004820940550416708,0.029173368588089943,23.1686822400033,-0.10000000149011612,0.1138426661491394,1.0988855361938477,0.025144383311271667,0.05462518334388733,0.0,0.21384266763925552
17,17,evo,308,40,0.004656126722693443,0.029024967923760414,23.319752082942582,-0.10000000149011612,0.16845828294754028,1.1291720867156982,0.03533100709319115,0.05676361918449402,0.0,0.2684582844376564
17,17,evo,308,41,0.004869403783231974,0.02979792095720768,23.12524211168082,3.222259044647217,0.28174471855163574,1.1617660522460938,0.011223463341593742,0.061060547828674316,0.0,2.940514326095581
17,17,evo,308,42,0.004790939390659332,0.02971271239221096,23.195793232910304,-0.10000000149011612,0.22629612684249878,1.191556692123413,0.003546733409166336,0.0670367181301117,0.0,0.3262961283326149
17,17,evo,308,43,0.004848041106015444,0.03002546727657318,23.144337064902857,-0.10000000149011612,0.20943650603294373,1.2238667011260986,0.018732300028204918,0.06481802463531494,0.0,0.30943650752305984
17,17,evo,308,44,0.0049299621023237705,0.03055363893508911,23.071564192247827,-0.10000000149011612,0.20337218046188354,1.2556977272033691,0.007466512732207775,0.06491070985794067,0.0,0.30337218195199966
17,17,evo,308,45,0.004897907841950655,0.03045406937599182,23.09989390732095,3.222259044647217,0.2051047682762146,1.283423662185669,0.032292913645505905,0.06660658121109009,0.0,3.017154276371002
17,17,evo,308,46,0.00505069037899375,0.03088458441197872,22.966492541002022,-0.10000000149011612,0.293312668800354,1.3143413066864014,0.04554875195026398,0.06686156988143921,0.0,0.3933126702904701
17,17,evo,308,47,0.005022943951189518,0.03090820275247097,22.99041667913498,-0.10000000149011612,0.2850579023361206,1.3402066230773926,0.027072811499238014,0.07208985090255737,0.0,0.3850579038262367
17,17,evo,308,48,0.004973180592060089,0.030670126900076866,23.033657698626612,3.222259044647217,0.3091527223587036,1.362809181213379,0.024568216875195503,0.07770821452140808,0.0,2.913106322288513
17,17,evo,308,49,0.0048874495550990105,0.030592257156968117,23.109177120626136,-0.10000000149011612,0.2588261365890503,1.3863000869750977,0.016189925372600555,0.07831093668937683,0.0,0.3588261380791664
17,17,evo,308,50,0.004859813954681158,0.030366942286491394,23.133803562525046,-0.10000000149011612,0.26993703842163086,1.4058420658111572,-0.002035011537373066,0.07867997884750366,0.0,0.369937039911747
17,17,evo,308,51,0.0046088541857898235,0.029998978599905968,23.364070317992386,3.222259044647217,0.3289363980293274,1.422391653060913,-0.005483114160597324,0.07824620604515076,0.0,2.8933226466178894
17,17,evo,308,52,0.0047908020205795765,0.03033311665058136,23.195917759476114,-0.10000000149011612,0.3439270853996277,1.4386122226715088,-0.02667306922376156,0.07654225826263428,0.0,0.4439270868897438
17,17,evo,308,53,0.004848985467106104,0.030350347980856895,23.143491175064767,-0.10000000149011612,0.36637747287750244,1.449512243270874,-0.04624838009476662,0.07663768529891968,0.0,0.46637747436761856
17,17,evo,308,54,0.0053649540059268475,0.03147658705711365,22.704339969147668,3.222259044647217,0.40091991424560547,1.4591681957244873,-0.05479593575000763,0.07063239812850952,0.0,2.8213391304016113
17,17,evo,308,55,0.00580827658995986,0.03242601826786995,22.35952710725115,-0.10000000149011612,0.43172794580459595,1.4690558910369873,-0.061886172741651535,0.06659680604934692,0.0,0.5317279472947121
17,17,evo,308,56,0.006306575145572424,0.03354364261031151,22.002064250948944,-0.10000000149011612,0.45914894342422485,1.47802734375,-0.05426599085330963,0.06237795948982239,0.0,0.559148944914341
17,17,evo,308,57,0.006768010091036558,0.03464881703257561,21.69539002439744,-0.10000000149011612,0.4851225018501282,1.4911389350891113,-0.04030898958444595,0.05832862854003906,0.0,0.5851225033402443
17,17,evo,308,58,0.007239732891321182,0.03574218600988388,21.402774567262263,3.222259044647217,0.5284722447395325,1.5077006816864014,-0.036211032420396805,0.05745479464530945,0.0,2.6937867999076843
17,17,evo,308,59,0.007899796590209007,0.0371093712747097,21.02384091100331,-0.10000000149011612,0.5982699394226074,1.5251710414886475,-0.04592246562242508,0.058776646852493286,0.0,0.6982699409127235
17,17,evo,308,60,0.008384373039007187,0.03829401358962059,20.765294072236312,-0.10000000149011612,0.5517405271530151,1.5433766841888428,-0.04786176234483719,0.059028059244155884,0.0,0.6517405286431313
17,17,evo,308,61,0.009179657325148582,0.04005948826670647,20.371735306260742,3.222259044647217,0.5517804622650146,1.5679423809051514,-0.016055317595601082,0.05656033754348755,0.0,2.670478582382202
17,17,evo,308,62,0.009746004827320576,0.041403379291296005,20.111733778430715,-0.10000000149011612,0.5301529765129089,1.6038923263549805,0.021134577691555023,0.057294607162475586,0.0,0.630152978003025
17,17,evo,308,63,0.010315407998859882,0.042729396373033524,19.865135899739855,-0.10000000149011612,0.5428641438484192,1.6419084072113037,0.012536297552287579,0.06377926468849182,0.0,0.6428641453385353
17,17,evo,308,64,0.010723053477704525,0.04383808374404907,19.696815281050387,3.222259044647217,0.46105897426605225,1.6676654815673828,0.010077597573399544,0.07024553418159485,0.0,2.7612000703811646
17,17,evo,308,65,0.011053408496081829,0.04470613971352577,19.56503779645775,-0.10000000149011612,0.4251793622970581,1.6948254108428955,0.013685589656233788,0.07430541515350342,0.0,0.5251793637871742
17,17,evo,308,66,0.011259862221777439,0.045350152999162674,19.484669235777336,-0.10000000149011612,0.3657875657081604,1.709914207458496,0.013837624341249466,0.07757782936096191,0.0,0.4657875671982765
17,17,evo,308,67,0.011372772045433521,0.045944709330797195,19.441336657165166,3.222259044647217,0.3246687054634094,1.7091898918151855,0.026872191578149796,0.07967928051948547,0.0,2.8975903391838074
17,17,evo,308,68,0.011797751300036907,0.04707413911819458,19.28200763121952,-0.10000000149011612,0.30651891231536865,1.6958961486816406,0.03845836967229843,0.08268946409225464,0.0,0.40651891380548477
17,17,evo,308,69,0.012452189810574055,0.04852047562599182,19.047542679239392,-0.10000000149011612,0.25776392221450806,1.6630136966705322,0.047841135412454605,0.08753025531768799,0.0,0.3577639237046242
17,17,evo,308,70,0.013263414613902569,0.05024637654423714,18.77344654131112,3.222259044647217,0.19018065929412842,1.614349365234375,0.05024363845586777,0.09163200855255127,0.0,3.0320783853530884
17,17,evo,308,71,0.014108262024819851,0.05195695534348488,18.505264830223645,-0.10000000149011612,0.1269495189189911,1.55000638961792,0.06634192913770676,0.0972694456577301,0.0,0.2269495204091072
17,17,evo,308,72,0.014969886280596256,0.05352615937590599,18.247814987816717,-0.10000000149011612,0.09641590714454651,1.4781851768493652,0.0912095382809639,0.09667491912841797,0.0,0.19641590863466263
17,17,evo,308,73,0.015785545110702515,0.05521567165851593,18.017404163385983,-0.10000000149011612,0.10773453116416931,1.3979558944702148,0.12024424970149994,0.09640008211135864,0.0,0.20773453265428543
17,17,evo,308,74,0.016563018783926964,0.056674133986234665,17.808605056115994,3.222259044647217,0.1747349500656128,1.3112168312072754,0.15367268025875092,0.1016097366809845,0.0,3.047524094581604
17,17,evo,308,75,0.01677067019045353,0.05720901116728783,17.754495817469234,-0.10000000149011612,0.24512094259262085,1.2196426391601562,0.18492066860198975,0.10625028610229492,0.0,0.34512094408273697
17,17,evo,308,76,0.01740846037864685,0.0583907775580883,17.592396366152943,-0.10000000149011612,0.30254560708999634,1.1239912509918213,0.17190633714199066,0.11818009614944458,0.0,0.40254560858011246
17,17,evo,308,77,0.017516443505883217,0.058608751744031906,17.565540672639187,3.222259044647217,0.3126831650733948,1.0206029415130615,0.11245597153902054,0.13261663913726807,0.0,2.909575879573822
17,17,evo,308,78,0.01673143543303013,0.056759342551231384,17.764667981947014,-0.10000000149011612,0.16251733899116516,0.9206290245056152,0.024291686713695526,0.13742715120315552,0.0,0.2625173404812813
17,17,evo,308,79,0.015969034284353256,0.054829519242048264,17.967213467079677,-0.10000000149011612,0.11418509483337402,0.8211252093315125,-0.06277555227279663,0.13833299279212952,0.0,0.21418509632349014
17,17,evo,308,80,0.015489086508750916,0.053555190563201904,18.09974194629897,3.222259044647217,0.1803465485572815,0.7265939116477966,,,,3.0419124960899353
18,18,evo,315,0,0.0023929972667247057,0.02082822658121586,26.210577974363144,,,,-0.021417971700429916,0.07968848943710327,0.0,
18,18,evo,315,1,0.0026520409155637026,0.02122555486857891,25.764197799405423,-0.10000000149011612,0.05632689222693443,0.05632689222693443,-0.01753699779510498,0.08084294199943542,0.0,0.15632689371705055
18,18,evo,315,2,0.002751639811322093,0.021307891234755516,25.604084157101433,-0.10000000149011612,0.05403667315840721,0.06362608075141907,-0.020199527963995934,0.08343195915222168,0.0,0.15403667464852333
18,18,evo,315,3,0.0030118736904114485,0.022087225690484047,25.211632451896463,3.094888210296631,0.05222233757376671,0.07348218560218811,-0.03762092813849449,0.08851364254951477,0.0,3.042665872722864
18,18,evo,315,4,0.0031824682373553514,0.02252253144979477,24.97235922131538,-0.10000000149011612,0.032797958701848984,0.08146116137504578,-0.034763626754283905,0.08736094832420349,0.0,0.1327979601919651
18,18,evo,315,5,0.0035661712754517794,0.023510262370109558,24.477978024401608,-0.10000000149011612,0.025744762271642685,0.09093725681304932,-0.010975136421620846,0.08383879065513611,0.0,0.1257447637617588
18,18,evo,315,6,0.003820418380200863,0.024115988984704018,24.178890741922004,3.094888210296631,0.05908786877989769,0.10319197177886963,0.014511613175272942,0.08409282565116882,0.0,3.035800341516733
18,18,evo,315,7,0.004121044650673866,0.02477181702852249,23.849926799582505,-0.10000000149011612,0.10583317279815674,0.11681047081947327,0.027955688536167145,0.08866775035858154,0.0,0.20583317428827286
18,18,evo,315,8,0.004425149876624346,0.025443920865654945,23.540720154772018,-0.10000000149011612,0.09402430057525635,0.13145187497138977,0.03774503618478775,0.09555324912071228,0.0,0.19402430206537247
18,18,evo,315,9,0.004771005362272263,0.026400059461593628,23.213900953245478,-0.10000000149011612,0.075772225856781,0.14796480536460876,0.03156298026442528,0.09964561462402344,0.0,0.17577222734689713
18,18,evo,315,10,0.004949668888002634,0.02674696035683155,23.054238525660374,3.094888210296631,0.06335142254829407,0.16345876455307007,0.04506903514266014,0.10449269413948059,0.0,3.031536787748337
18,18,evo,315,11,0.0052079977467656136,0.027380770072340965,22.833292123368448,-0.10000000149011612,0.05939498171210289,0.18127650022506714,0.06609435379505157,0.1066838800907135,0.0,0.159394983202219
18,18,evo,315,12,0.005645411089062691,0.028387650847434998,22.483044280151724,-0.10000000149011612,0.04550447687506676,0.20070916414260864,0.07500961422920227,0.11126726865768433,0.0,0.14550447836518288
18,18,evo,315,13,0.005930885672569275,0.02943952940404415,22.268804476157715,3.094888210296631,0.056217994540929794,0.2201281189918518,0.07849551737308502,0.11359283328056335,0.0,3.038670215755701
18,18,evo,315,14,0.006164895370602608,0.030396943911910057,22.100742897666322,-0.10000000149011612,0.06302016973495483,0.2399500012397766,0.08836529403924942,0.1175277829170227,0.0,0.16302017122507095
18,18,evo,315,15,0.006503456737846136,0.03141052648425102,21.868557444142567,-0.10000000149011612,0.03778335079550743,0.2606065273284912,0.1047373041510582,0.11600533127784729,0.0,0.13778335228562355
18,18,evo,315,16,0.006867062300443649,0.032504212111234665,21.632290125131544,-0.10000000149011612,0.03098415955901146,0.28269147872924805,0.10842584073543549,0.1176585853099823,0.0,0.13098416104912758
18,18,evo,315,17,0.007261671591550112,0.033280037343502045,21.389633959082094,3.094888210296631,0.014015492051839828,0.30424243211746216,0.11249959468841553,0.11600255966186523,0.0,3.080872718244791
18,18,evo,315,18,0.007470088079571724,0.03392980247735977,21.26674277401944,-0.10000000149011612,0.007907982915639877,0.32631927728652954,0.09503625333309174,0.11730360984802246,0.0,0.107907984405756
18,18,evo,315,19,0.007574126590043306,0.034314680844545364,21.206674405806748,-0.10000000149011612,0.00041824206709861755,0.34574609994888306,0.06854148954153061,0.1181400716304779,0.0,0.10041824355721474
18,18,evo,315,20,0.0077360025607049465,0.034940510988235474,21.11483395168612,3.094888210296631,-0.007587466388940811,0.36297672986984253,0.017179928719997406,0.11695250868797302,0.0,3.1024756766855717
18,18,evo,315,21,0.007884316146373749,0.0354546420276165,21.032359696446484,-0.10000000149011612,-0.02922755852341652,0.3752768039703369,-0.002731597749516368,0.10523900389671326,0.0,0.0707724429666996
18,18,evo,315,22,0.00817298237234354,0.03632589057087898,20.876194377754594,-0.10000000149011612,-0.027376148849725723,0.38752835988998413,0.0028028376400470734,0.0912804901599884,0.0,0.0726238526403904
18,18,evo,315,23,0.008517125621438026,0.03722458332777023,20.69706947177986,3.094888210296631,-0.03002268448472023,0.4014844298362732,0.006334093399345875,0.08112940192222595,0.0,3.124910894781351
18,18,evo,315,24,0.009069382213056087,0.038643475621938705,20.424222951448208,-0.10000000149011612,-0.015301410108804703,0.4169837236404419,-0.0022937932517379522,0.07539677619934082,0.0,0.08469859138131142
18,18,evo,315,25,0.009599334560334682,0.03994012996554375,20.17758871834524,-0.10000000149011612,-0.03027046099305153,0.4319707155227661,0.012662568129599094,0.06983253359794617,0.0,0.06972954049706459
18,18,evo,315,26,0.010185829363763332,0.041376251727342606,19.920036035374885,-0.10000000149011612,-0.03415719047188759,0.44933438301086426,0.03013341687619686,0.06555908918380737,0.0,0.06584281101822853
18,18,evo,315,27,0.01079824659973383,0.04272429272532463,19.666467587613546,3.094888210296631,-0.03610384836792946,0.4675218462944031,0.04259013384580612,0.06370022892951965,0.0,3.1309920586645603
18,18,evo,315,28,0.01131161954253912,0.04390350356698036,19.46475210456169,-0.10000000149011612,-0.032728973776102066,0.48626959323883057,0.05811486393213272,0.06364977359771729,0.0,0.06727102771401405
18,18,evo,315,29,0.011665395461022854,0.04469911381602287,19.331005338844708,-0.10000000149011612,-0.030467066913843155,0.5059607625007629,0.06935174763202667,0.0644395649433136,0.0,0.06953293457627296
18,18,evo,315,30,0.012121540494263172,0.045783866196870804,19.164421833344527,3.094888210296631,-0.018489573150873184,0.5256065130233765,0.0684560090303421,0.06561341881752014,0.0,3.113377783447504
18,18,evo,315,31,0.012389130890369415,0.046501290053129196,19.069591587373868,-0.10000000149011612,-0.03746536746621132,0.5440622568130493,0.08423302322626114,0.06479570269584656,0.0,0.0625346340239048
18,18,evo,315,32,0.012645230628550053,0.047261793166399,18.980732454185667,-0.10000000149011612,-0.037014398723840714,0.5642399191856384,0.08486773818731308,0.06348562240600586,0.0,0.0629856027662754
18,18,evo,315,33,0.012640628032386303,0.047100309282541275,18.982313481878045,3.094888210296631,-0.03489864245057106,0.5829809308052063,0.09980324655771255,0.06057858467102051,0.0,3.129786852747202
18,18,evo,315,34,0.01269675325602293,0.047407642006874084,18.963073202457952,-0.10000000149011612,0.0009900890290737152,0.6038678288459778,0.11095482110977173,0.060012757778167725,0.0,0.10099009051918983
18,18,evo,315,35,0.01265785563737154,0.04731764271855354,18.976398617544138,3.094888210296631,0.011177953332662582,0.6243897676467896,0.10792487114667892,0.05956214666366577,0.0,3.0837102569639683
18,18,evo,315,36,0.012507423758506775,0.046853940933942795,19.028321357650185,-0.10000000149011612,-0.01217741146683693,0.643824577331543,0.12182297557592392,0.05889427661895752,0.0,0.08782259002327919
18,18,evo,315,37,0.012257705442607403,0.04608066380023956,19.115908191225316,3.094888210296631,-0.013535682111978531,0.6645432114601135,0.1422760933637619,0.05812805891036987,0.0,3.1084238924086094
18,18,evo,315,38,0.01196533814072609,0.04517558589577675,19.220750237052535,-0.10000000149011612,-0.011814240366220474,0.6857083439826965,0.1787317991256714,0.0572989284992218,0.0,0.08818576112389565
18,18,evo,315,39,0.011911063455045223,0.04470231011509895,19.2404946168771,3.094888210296631,-0.009875509887933731,0.7093836069107056,0.20662252604961395,0.05925685167312622,0.0,3.1047637201845646
18,18,evo,315,40,0.011253640055656433,0.042772483080625534,19.48706979740239,-0.10000000149011612,-0.0005627311766147614,0.7317487597465515,0.24222777783870697,0.06396722793579102,0.0,0.09943727031350136
18,18,evo,315,41,0.010568629950284958,0.040745314210653305,19.759813082077898,-0.10000000149011612,-0.025028768926858902,0.7540631890296936,0.2725275754928589,0.07044082880020142,0.0,0.07497123256325722
18,18,evo,315,42,0.009938315488398075,0.03892144188284874,20.0268722084309,-0.10000000149011612,-0.05298835411667824,0.7730843424797058,0.26499977707862854,0.07530733942985535,0.0,0.04701164737343788
18,18,evo,315,43,0.008794556371867657,0.036208126693964005,20.557860629841397,3.094888210296631,-0.06901592016220093,0.7862243056297302,0.19152264297008514,0.08799907565116882,0.0,3.163904130458832
18,18,evo,315,44,0.007552634924650192,0.03355002775788307,21.219015074969008,-0.10000000149011612,-0.08393007516860962,0.7907213568687439,0.06333913654088974,0.10346752405166626,0.0,0.0160699263215065
18,18,evo,315,45,0.006234625820070505,0.030971072614192963,22.051896062038804,-0.10000000149011612,-0.06436190009117126,0.7867979407310486,-0.08985331654548645,0.1203203797340393,0.0,0.035638101398944855
18,18,evo,315,46,0.00501883402466774,0.028656363487243652,22.99397166414539,3.094888210296631,-0.04115426912903786,0.7757734656333923,-0.19114644825458527,0.122793048620224,0.0,3.1360424794256687
18,18,evo,315,47,0.00405083829537034,0.02698950655758381,23.92455092987737,-0.10000000149011612,0.02080356702208519,0.765095055103302,-0.2760274112224579,0.1203882098197937,0.0,0.12080356851220131
18,18,evo,315,48,0.003522515995427966,0.026018688455224037,24.5314702612199,-0.10000000149011612,0.06542801856994629,0.7517783045768738,-0.3224230110645294,0.11734214425086975,0.0,0.1654280200600624
18,18,evo,315,49,0.0033998603466898203,0.02627304196357727,24.685389217541044,3.094888210296631,0.14379030466079712,0.7565664649009705,-0.35635799169540405,0.10644552111625671,0.0,2.9510979056358337
18,18,evo,315,50,0.0034529876429587603,0.026553243398666382,24.618049758365945,-0.10000000149011612,0.0994429886341095,0.7758992314338684,-0.3286106586456299,0.08523878455162048,0.0,0.19944299012422562
18,18,evo,315,51,0.0038099114317446947,0.027652354910969734,24.190851201647057,-0.10000000149011612,0.27755236625671387,0.8090178370475769,-0.25527045130729675,0.07022342085838318,0.0,0.37755236774683
18,18,evo,315,52,0.0041616917587816715,0.028690829873085022,23.807300895298766,3.094888210296631,0.40107858180999756,0.8345760703086853,-0.1654612123966217,0.05341297388076782,0.0,2.6938096284866333
18,18,evo,315,53,0.004903603810817003,0.030446728691458702,23.09484626117441,-0.10000000149011612,0.4536564350128174,0.8472113609313965,-0.03692600131034851,0.04458913207054138,0.0,0.5536564365029335
18,18,evo,315,54,0.0059598698280751705,0.03264846280217171,22.247632257574192,-0.10000000149011612,0.378059446811676,0.8568782806396484,0.09967502951622009,0.03621980547904968,0.0,0.47805944830179214
18,18,evo,315,55,0.006887337658554316,0.03470785915851593,21.61948624775362,3.094888210296631,0.38770169019699097,0.8610055446624756,0.2007266730070114,0.033353328704833984,0.0,2.70718652009964
18,18,evo,315,56,0.007716163992881775,0.03650333359837532,21.125985507991768,-0.10000000149011612,0.4997901916503906,0.8604576587677002,0.27282944321632385,0.03319481015205383,0.0,0.5997901931405067
18,18,evo,315,57,0.008556795306503773,0.038229551166296005,20.676888569693574,-0.10000000149011612,0.519506573677063,0.8800373077392578,0.28758659958839417,0.03722992539405823,0.0,0.6195065751671791
18,18,evo,315,58,0.009193018078804016,0.039510566741228104,20.3654188580768,3.094888210296631,0.47013646364212036,0.9064991474151611,0.2758101522922516,0.04288068413734436,0.0,2.6247517466545105
18,18,evo,315,59,0.009663394652307034,0.040475960820913315,20.14870283544649,-0.10000000149011612,0.40698695182800293,0.9384171962738037,0.2666085958480835,0.04925274848937988,0.0,0.506986953318119
18,18,evo,315,60,0.009972904808819294,0.040879033505916595,20.011783262722386,-0.10000000149011612,0.42911243438720703,0.9645166993141174,0.23938849568367004,0.06027185916900635,0.0,0.5291124358773232
18,18,evo,315,61,0.009888594038784504,0.0406428687274456,20.048654520431917,-0.10000000149011612,0.388668954372406,0.9773555397987366,0.18351604044437408,0.07277554273605347,0.0,0.4886689558625221
18,18,evo,315,62,0.009037967771291733,0.03911164775490761,20.439292116632718,3.094888210296631,0.2931986451148987,0.9820263981819153,0.09597431868314743,0.08993932604789734,0.0,2.801689565181732
18,18,evo,315,63,0.008153396658599377,0.03743808716535568,20.886614289564186,-0.10000000149011612,0.17400410771369934,0.9796960949897766,0.027029581367969513,0.10376483201980591,0.0,0.27400410920381546
18,18,evo,315,64,0.007402151823043823,0.0361599363386631,21.306420114816582,-0.10000000149011612,0.148860365152359,0.9833002686500549,-0.02639058046042919,0.10123583674430847,0.0,0.24886036664247513
18,18,evo,315,65,0.0070431530475616455,0.03534039482474327,21.52232874295541,3.094888210296631,0.20540869235992432,0.9887261986732483,-0.07825925946235657,0.0946071445941925,0.0,2.8894795179367065
18,18,evo,315,66,0.007137376815080643,0.03541666641831398,21.464613742266415,-0.10000000149011612,0.2955358028411865,0.9928434491157532,-0.11274555325508118,0.08550593256950378,0.0,0.39553580433130264
18,18,evo,315,67,0.007520448416471481,0.036119088530540466,21.237562632656598,-0.10000000149011612,0.3203352689743042,0.9929199814796448,-0.1312875598669052,0.07166573405265808,0.0,0.4203352704644203
18,18,evo,315,68,0.008122042752802372,0.037495847791433334,20.903347288010067,3.094888210296631,0.3702043890953064,0.9869940876960754,-0.07166900485754013,0.05988442897796631,0.0,2.7246838212013245
18,18,evo,315,69,0.008824490942060947,0.039099518209695816,20.54310338340199,-0.10000000149011612,0.379061758518219,0.9925642609596252,-0.025723600760102272,0.05672129988670349,0.0,0.4790617600083351
18,18,evo,315,70,0.008989573456346989,0.039421211928129196,20.462609144903038,-0.10000000149011612,0.35576027631759644,0.9775214791297913,-0.0394786037504673,0.06025388836860657,0.0,0.45576027780771255
18,18,evo,315,71,0.009326908737421036,0.039873749017715454,20.30262272730912,3.094888210296631,0.3473183512687683,0.941521167755127,-0.03857403248548508,0.06106576323509216,0.0,2.7475698590278625
18,18,evo,315,72,0.009840955957770348,0.040790949016809464,20.069627118309434,-0.10000000149011612,0.34295666217803955,0.919241189956665,-0.0054153380915522575,0.05730685591697693,0.0,0.44295666366815567
18,18,evo,315,73,0.010233649052679539,0.04147199168801308,19.89969480572627,-0.10000000149011612,0.36542636156082153,0.9054059982299805,0.016012029722332954,0.054911643266677856,0.0,0.46542636305093765
18,18,evo,315,74,0.010228753089904785,0.04152241349220276,19.9017730462402,-0.10000000149011612,0.3470146059989929,0.8856117725372314,0.026678945869207382,0.05546975135803223,0.0,0.44701460748910904
18,18,evo,315,75,0.010516717098653316,0.04207484424114227,19.781198085137408,3.094888210296631,0.3251831531524658,0.8685128688812256,0.032757606357336044,0.05798780918121338,0.0,2.769705057144165
18,18,evo,315,76,0.010775510221719742,0.04246897995471954,19.675621567838178,-0.10000000149011612,0.35590308904647827,0.8560075759887695,0.017631588503718376,0.0629906952381134,0.0,0.4559030905365944
18,18,evo,315,77,0.010909627191722393,0.04284460470080376,19.621900900481517,-0.10000000149011612,0.3390311002731323,0.8421452045440674,0.003811843926087022,0.06657379865646362,0.0,0.43903110176324844
18,18,evo,315,78,0.011130011640489101,0.043232355266809464,19.53504381451676,3.094888210296631,0.33155757188796997,0.8340583443641663,-0.0036711322609335184,0.06797462701797485,0.0,2.763330638408661
18,18,evo,315,79,0.011478967033326626,0.043953925371170044,19.400971913727506,-0.10000000149011612,0.2502782940864563,0.8271049857139587,-0.015338992699980736,0.06849277019500732,0.0,0.3502782955765724
18,18,evo,315,80,0.011948083527386189,0.04481017589569092,19.227017499651215,-0.10000000149011612,0.21930557489395142,0.8182910084724426,,,,0.31930557638406754
19,19,evo,473,0,0.003184531582519412,0.02326739765703678,24.969544396513328,,,,0.053212348371744156,0.10976037383079529,0.0,
19,19,evo,473,1,0.00338435429148376,0.024026310071349144,24.705241790897755,2.7571427822113037,0.021192844957113266,0.021192844957113266,0.03544063866138458,0.11291465163230896,0.0,2.7359499372541904
19,19,evo,473,2,0.0034651774913072586,0.024607142433524132,24.602745153029304,-0.10000000149011612,0.01406979188323021,0.014209266752004623,0.011475617997348309,0.10885140299797058,0.0,0.11406979337334633
19,19,evo,473,3,0.0037221163511276245,0.025345943868160248,24.292100552076956,-0.10000000149011612,0.02514132484793663,0.025578107684850693,0.007787528447806835,0.09696030616760254,0.0,0.12514132633805275
19,19,evo,473,4,0.0038779519964009523,0.026004964485764503,24.1139757117975,2.7571427822113037,0.05058318004012108,0.03546949848532677,0.006035094615072012,0.08770754933357239,0.0,2.7065596021711826
19,19,evo,473,5,0.003923200536519289,0.026359528303146362,24.063594921055305,-0.10000000149011612,0.047105010598897934,0.045019980520009995,-0.009493915364146233,0.08399772644042969,0.0,0.14710501208901405
19,19,evo,473,6,0.004094656556844711,0.026934614405035973,23.877825192325716,-0.10000000149011612,0.0672406554222107,0.05193498358130455,-0.015969108790159225,0.08177784085273743,0.0,0.1672406569123268
19,19,evo,473,7,0.004200376570224762,0.027274494990706444,23.767117726879256,2.7571427822113037,0.029639091342687607,0.0579540990293026,-0.03418644517660141,0.07765913009643555,0.0,2.727503690868616
19,19,evo,473,8,0.004468295723199844,0.027877986431121826,23.498580918895023,-0.10000000149011612,0.003992166370153427,0.06091004237532616,-0.047970000654459,0.0766025185585022,0.0,0.10399216786026955
19,19,evo,473,9,0.005002170335501432,0.029021138325333595,23.008415236193493,-0.10000000149011612,-0.0057317353785037994,0.06296664476394653,-0.04584221914410591,0.07407045364379883,0.0,0.09426826611161232
19,19,evo,473,10,0.005476381629705429,0.02998429723083973,22.615062950340015,2.7571427822113037,-0.006150607019662857,0.06576403975486755,-0.019459178671240807,0.07267230749130249,0.0,2.7632933892309666
19,19,evo,473,11,0.006015860941261053,0.03130968287587166,22.207022111699008,-0.10000000149011612,0.008600261062383652,0.07146227359771729,0.0011169682256877422,0.07107838988304138,0.0,0.10860026255249977
19,19,evo,473,12,0.006501130294054747,0.03230634704232216,21.870111298500817,-0.10000000149011612,0.015876349061727524,0.07759946584701538,0.017692217603325844,0.07012659311294556,0.0,0.11587635055184364
19,19,evo,473,13,0.006782453507184982,0.03327875956892967,21.68613174586966,2.7571427822113037,0.01947849616408348,0.08478057384490967,0.013113421387970448,0.07066071033477783,0.0,2.7376642860472202
19,19,evo,473,14,0.007263239473104477,0.034377552568912506,21.38869636668383,-0.10000000149011612,-0.009362760931253433,0.09041106700897217,0.03512083366513252,0.07026949524879456,0.0,0.09063724055886269
19,19,evo,473,15,0.007903228513896465,0.035895053297281265,21.021954606914836,-0.10000000149011612,0.010344322770833969,0.10007306933403015,0.03513330593705177,0.06981295347213745,0.0,0.11034432426095009
19,19,evo,473,16,0.008591538295149803,0.037320327013731,20.659290697795782,2.7571427822113037,0.005633976310491562,0.10794606804847717,0.01599997840821743,0.07075068354606628,0.0,2.751508805900812
19,19,evo,473,17,0.008951832540333271,0.03812168166041374,20.48088050640725,-0.10000000149011612,0.033120688050985336,0.11431461572647095,0.010114194825291634,0.06910225749015808,0.0,0.13312068954110146
19,19,evo,473,18,0.00965844001621008,0.03996247053146362,20.150930130318663,-0.10000000149011612,0.03306138142943382,0.12192487716674805,-0.006823042873293161,0.0660596489906311,0.0,0.13306138291954994
19,19,evo,473,19,0.01006718073040247,0.04110274836421013,19.970921346753954,2.7571427822113037,-0.0050930120050907135,0.12796136736869812,0.006210512015968561,0.06181591749191284,0.0,2.7622357942163944
19,19,evo,473,20,0.010781456716358662,0.042926300317049026,19.67322556298158,-0.10000000149011612,-0.010410133749246597,0.13841381669044495,0.04488831385970116,0.05697256326675415,0.0,0.08958986774086952
19,19,evo,473,21,0.011364507488906384,0.04442082718014717,19.444493808351844,-0.10000000149011612,0.003112372010946274,0.15453001856803894,0.07804836332798004,0.059400349855422974,0.0,0.1031123735010624
19,19,evo,473,22,0.01193532720208168,0.04566195607185364,19.231656704895947,2.7571427822113037,-0.022129569202661514,0.17287009954452515,0.12201151251792908,0.06243512034416199,0.0,2.7792723514139652
19,19,evo,473,23,0.01222246140241623,0.0463666133582592,19.12841325530203,-0.10000000149011612,-0.012155119329690933,0.1956837773323059,0.16811463236808777,0.06671735644340515,0.0,0.08784488216042519
19,19,evo,473,24,0.012261969037353992,0.04657692834734917,19.11439784842554,2.7571427822113037,-0.008959177881479263,0.22144025564193726,0.21591214835643768,0.06937238574028015,0.0,2.766101960092783
19,19,evo,473,25,0.012042604386806488,0.04615375027060509,19.192795804781284,-0.10000000149011612,0.011352475732564926,0.24978846311569214,0.2480248659849167,0.07001441717147827,0.0,0.11135247722268105
19,19,evo,473,26,0.011738017201423645,0.04526686295866966,19.30405258387116,-0.10000000149011612,0.010586019605398178,0.27787429094314575,0.2761029005050659,0.07187563180923462,0.0,0.1105860210955143
19,19,evo,473,27,0.011174297891557217,0.044110625982284546,19.517797551223516,2.7571427822113037,-0.025009844452142715,0.30563920736312866,0.31152617931365967,0.07443931698799133,0.0,2.7821526266634464
19,19,evo,473,28,0.010824714787304401,0.043121933937072754,19.655835377396485,-0.10000000149011612,-0.03384319320321083,0.3333950638771057,0.3193834722042084,0.0812135636806488,0.0,0.06615680828690529
19,19,evo,473,29,0.010492965579032898,0.042031120508909225,19.791017517882395,2.7571427822113037,-0.059645120054483414,0.3583523631095886,0.30635392665863037,0.08842048048973083,0.0,2.816787902265787
19,19,evo,473,30,0.009753628633916378,0.04020501300692558,20.108337840439425,-0.10000000149011612,-0.05043448880314827,0.38077837228775024,0.24129071831703186,0.09361487627029419,0.0,0.04956551268696785
19,19,evo,473,31,0.008777867071330547,0.0379231758415699,20.56611000231163,-0.10000000149011612,-0.058406565338373184,0.397979199886322,0.14128588140010834,0.10428118705749512,0.0,0.041593436151742935
19,19,evo,473,32,0.007452535908669233,0.03511124849319458,21.276959227224594,2.7571427822113037,-0.07290658354759216,0.4084494709968567,0.06647953391075134,0.10761022567749023,0.0,2.830049365758896
19,19,evo,473,33,0.007296049501746893,0.03466733172535896,21.369122280975965,-0.10000000149011612,-0.0638452023267746,0.41387081146240234,0.06840863823890686,0.09384244680404663,0.0,0.03615479916334152
19,19,evo,473,34,0.008211914449930191,0.03667311370372772,20.85555583670269,2.7571427822113037,0.060654040426015854,0.42206770181655884,0.11105392128229141,0.09675019979476929,0.0,2.696488741785288
19,19,evo,473,35,0.009024993516504765,0.03839933127164841,20.44553101416456,-0.10000000149011612,0.1419767141342163,0.4381268620491028,0.06589827686548233,0.09504619240760803,0.0,0.24197671562433243
19,19,evo,473,36,0.010867223143577576,0.042653124779462814,19.638814152041256,-0.10000000149011612,0.05591222271323204,0.4519098997116089,0.0206744521856308,0.0896860659122467,0.0,0.15591222420334816
19,19,evo,473,37,0.011464959941804409,0.044150520116090775,19.406274583421272,2.7571427822113037,0.03698625788092613,0.46128642559051514,-0.02136809378862381,0.09638527035713196,0.0,2.7201565243303776
19,19,evo,473,38,0.01254624966531992,0.04651341959834099,19.01486074427258,-0.10000000149011612,0.15761679410934448,0.4623572826385498,-0.12182538956403732,0.09497717022895813,0.0,0.2576167955994606
19,19,evo,473,39,0.013312901370227337,0.04787135124206543,18.757272854896957,2.7571427822113037,0.18322664499282837,0.45148295164108276,-0.15844343602657318,0.08472287654876709,0.0,2.5739161372184753
19,19,evo,473,40,0.01382676512002945,0.04863855242729187,18.592794146015052,-0.10000000149011612,0.17980393767356873,0.4386705160140991,-0.17971695959568024,0.06955692172050476,0.0,0.27980393916368484
19,19,evo,473,41,0.013650290668010712,0.048011768609285355,18.648581006987502,-0.10000000149011612,0.3380071520805359,0.43037837743759155,-0.17649245262145996,0.06146255135536194,0.0,0.438007153570652
19,19,evo,473,42,0.012976867146790028,0.04648405313491821,18.868301415173946,2.7571427822113037,0.43239980936050415,0.43277108669281006,-0.16684649884700775,0.05744844675064087,0.0,2.3247429728507996
19,19,evo,473,43,0.01233135536313057,0.044667840003967285,19.089891866338835,-0.10000000149011612,0.46205753087997437,0.4386085271835327,-0.14513710141181946,0.05379992723464966,0.0,0.5620575323700905
19,19,evo,473,44,0.011881698854267597,0.04354351758956909,19.25121459162431,-0.10000000149011612,0.5323420763015747,0.4456254839897156,-0.11476736515760422,0.05287814140319824,0.0,0.6323420777916908
19,19,evo,473,45,0.011841505765914917,0.043117787688970566,19.265930692137538,2.7571427822113037,0.5583329796791077,0.45197194814682007,-0.09532906115055084,0.05792871117591858,0.0,2.198809802532196
19,19,evo,473,46,0.011733517050743103,0.042815882712602615,19.30571791227385,-0.10000000149011612,0.5798364877700806,0.454293429851532,-0.07630433142185211,0.061984121799468994,0.0,0.6798364892601967
19,19,evo,473,47,0.011949330568313599,0.04322980344295502,19.22656424308395,2.7571427822113037,0.6842191815376282,0.4570876359939575,-0.06951897591352463,0.06442156434059143,0.0,2.0729236006736755
19,19,evo,473,48,0.01226940006017685,0.04390733316540718,19.111766725561797,-0.10000000149011612,0.760168731212616,0.4590921998023987,-0.09554815292358398,0.06690797209739685,0.0,0.8601687327027321
19,19,evo,473,49,0.012532442808151245,0.044334981590509415,19.019642686148487,-0.10000000149011612,0.7746967673301697,0.4571914076805115,-0.13239094614982605,0.06753239035606384,0.0,0.8746967688202858
19,19,evo,473,50,0.012746836990118027,0.044700395315885544,18.9459756802662,2.7571427822113037,0.7368029952049255,0.45705968141555786,-0.13097992539405823,0.06815648078918457,0.0,2.020339787006378
19,19,evo,473,51,0.013195349834859371,0.045481324195861816,18.795790912844026,-0.10000000149011612,0.6097767949104309,0.46747565269470215,-0.08174018561840057,0.07002303004264832,0.0,0.709776796400547
19,19,evo,473,52,0.013502467423677444,0.04634523019194603,18.69586861833045,-0.10000000149011612,0.6097375750541687,0.48640894889831543,-0.06985760480165482,0.071382075548172,0.0,0.7097375765442848
19,19,evo,473,53,0.013908062130212784,0.0478304922580719,18.567333779004628,2.7571427822113037,0.6137362122535706,0.49415624141693115,-0.08205282688140869,0.07593482732772827,0.0,2.143406569957733
19,19,evo,473,54,0.014333386905491352,0.04879940673708916,18.436511759273458,-0.10000000149011612,0.6424660086631775,0.5013971924781799,-0.06392166763544083,0.0768025815486908,0.0,0.7424660101532936
19,19,evo,473,55,0.014701011590659618,0.05014679953455925,18.326527800051725,-0.10000000149011612,0.662306547164917,0.5199512243270874,-0.058351658284664154,0.07608506083488464,0.0,0.7623065486550331
19,19,evo,473,56,0.015056419186294079,0.051236342638731,18.22278302540613,-0.10000000149011612,0.6480949521064758,0.5350476503372192,-0.056986935436725616,0.07964929938316345,0.0,0.748094953596592
19,19,evo,473,57,0.015282661654055119,0.052165355533361435,18.158010017156524,2.7571427822113037,0.6145915389060974,0.5518004298210144,-0.06778383255004883,0.081728994846344,0.0,2.1425512433052063
19,19,evo,473,58,0.015610652975738049,0.05306914821267128,18.06578930516777,-0.10000000149011612,0.6177118420600891,0.5680878162384033,-0.0682586207985878,0.07921043038368225,0.0,0.7177118435502052
19,19,evo,473,59,0.015921777114272118,0.05385550856590271,17.980084599746913,-0.10000000149011612,0.6625803709030151,0.5890069007873535,-0.0734434500336647,0.07556414604187012,0.0,0.7625803723931313
19,19,evo,473,60,0.0162558164447546,0.05475388094782829,17.889912132766046,2.7571427822113037,0.6646168231964111,0.6083824634552002,-0.09297123551368713,0.07137781381607056,0.0,2.0925259590148926
19,19,evo,473,61,0.016523072496056557,0.055239927023649216,17.819091916396545,-0.10000000149011612,0.6649230718612671,0.6256210207939148,-0.12293799966573715,0.067220538854599,0.0,0.7649230733513832
19,19,evo,473,62,0.01668986678123474,0.05545853450894356,17.77547129851942,2.7571427822113037,0.6526651382446289,0.642386257648468,-0.1507801115512848,0.06328126788139343,0.0,2.104477643966675
19,19,evo,473,63,0.01705882139503956,0.05583767220377922,17.68050977817539,2.7571427822113037,0.6814476847648621,0.6612927913665771,-0.17754912376403809,0.06045570969581604,0.0,2.0756950974464417
19,19,evo,473,64,0.01760878600180149,0.05657775700092316,17.542705844582013,2.7571427822113037,0.6592379808425903,0.681378185749054,-0.19671137630939484,0.059401631355285645,0.0,2.0979048013687134
19,19,evo,473,65,0.017753420397639275,0.05675296112895012,17.50717962793894,-0.10000000149011612,0.758400022983551,0.7047269940376282,-0.23500648140907288,0.06142422556877136,0.0,0.8584000244736671
19,19,evo,473,66,0.017531221732497215,0.0565120130777359,17.561878173235876,2.7571427822113037,0.7298833727836609,0.724277675151825,-0.2543114721775055,0.06379425525665283,0.0,2.027259409427643
19,19,evo,473,67,0.01761619932949543,0.056851577013731,17.540877842482214,5.614285945892334,0.5793176293373108,0.7513492703437805,-0.2724502384662628,0.06327304244041443,0.0,5.034968316555023
19,19,evo,473,68,0.017585670575499535,0.05701752379536629,17.548410665459837,-0.10000000149011612,0.4935982823371887,0.7765163779258728,-0.26988139748573303,0.062462300062179565,0.0,0.5935982838273048
19,19,evo,473,69,0.017478005960583687,0.05696965754032135,17.57508116879743,-0.10000000149011612,0.3889670968055725,0.8016619086265564,-0.2677196264266968,0.06182798743247986,0.0,0.48896709829568863
19,19,evo,473,70,0.017800970003008842,0.057954516261816025,17.495563316531168,2.7571427822113037,0.34098178148269653,0.8207184672355652,-0.25589531660079956,0.060762226581573486,0.0,2.416161000728607
19,19,evo,473,71,0.017212824895977974,0.05728400871157646,17.64147849250705,-0.10000000149011612,0.29551559686660767,0.8367864489555359,-0.2666977345943451,0.06386622786521912,0.0,0.3955155983567238
19,19,evo,473,72,0.01661689020693302,0.05649733170866966,17.794502496456396,-0.10000000149011612,0.29949092864990234,0.8456201553344727,-0.26982739567756653,0.06531420350074768,0.0,0.39949093014001846
19,19,evo,473,73,0.01578456349670887,0.05502961575984955,18.01767423502003,-0.10000000149011612,0.2783965468406677,0.8543941974639893,-0.24919365346431732,0.06868007779121399,0.0,0.37839654833078384
19,19,evo,473,74,0.014504355378448963,0.052722882479429245,18.38501567916368,2.7571427822113037,0.24740594625473022,0.862541913986206,-0.2172662913799286,0.07656240463256836,0.0,2.5097368359565735
19,19,evo,473,75,0.01324616838246584,0.04998596012592316,18.77909728595263,-0.10000000149011612,0.17587804794311523,0.8664543628692627,-0.17428839206695557,0.08838659524917603,0.0,0.27587804943323135
19,19,evo,473,76,0.012092356570065022,0.0473020076751709,19.174890551653682,-0.10000000149011612,0.18900147080421448,0.8675153255462646,-0.15237297117710114,0.1033056378364563,0.0,0.2890014722943306
19,19,evo,473,77,0.011360473930835724,0.04535335302352905,19.44603550556916,2.7571427822113037,0.29835981130599976,0.863745927810669,-0.13467562198638916,0.11281555891036987,0.0,2.458782970905304
19,19,evo,473,78,0.01084794383496046,0.04382084682583809,19.646525720232777,-0.10000000149011612,0.38889795541763306,0.8614943027496338,-0.13741421699523926,0.11720418930053711,0.0,0.4888979569077492
19,19,evo,473,79,0.010733459144830704,0.043356820940971375,19.692602924413308,-0.10000000149011612,0.4654107093811035,0.8584752082824707,-0.1407662034034729,0.1159849762916565,0.0,0.5654107108712196
19,19,evo,473,80,0.011130157858133316,0.04395584389567375,19.534986760579194,2.7571427822113037,0.46713489294052124,0.8580775260925293,,,,2.2900078892707825
