seq_id,mode,source_file,source_t,reward_sum_discounted,reward_sum_undiscounted,reward_mean,lambda_t0,lambda_mean,reward_component_t0,value_component_t0,value_t0,terminal_value,value_mean,steer_mean,gas_mean,brake_mean
0,actor,data/latent/train/1781995936765_heuristic_00038.npz,627,-1.3947314023971558,-1.4925386905670166,-0.0995025783777237,24.078527450561523,26.984474182128906,-1.0153403282165527,25.093868255615234,29.86382293701172,31.018627166748047,25.91828727722168,0.5006347894668579,0.9999963641166687,0.0
1,actor,data/latent/train/1781995688182_heuristic_00011.npz,266,-1.4140759706497192,-1.5072875022888184,-0.10048583149909973,46.67066955566406,50.223201751708984,-1.049975037574768,47.720645904541016,47.385738372802734,54.61100387573242,52.03181838989258,-0.9995070695877075,0.9993942975997925,3.130833283648826e-05
2,actor,data/latent/train/1781975767951_heuristic_00024.npz,41,10.238411903381348,11.042862892150879,0.7361908555030823,79.8536605834961,81.43212127685547,7.163182735443115,72.69048309326172,77.09476470947266,81.94925689697266,80.1522216796875,0.42154982686042786,0.9999992847442627,0.0
3,actor,data/latent/train/1781975592337_heuristic_00005.npz,17,0.3969392478466034,0.46319615840911865,0.03087974339723587,62.72145462036133,67.90029907226562,0.17471329867839813,62.54672622680664,63.3486328125,73.67081451416016,66.88851165771484,0.23673099279403687,0.9999644756317139,5.9604645663569045e-09
4,actor,data/latent/train/1781975666230_heuristic_00013.npz,801,12.986197471618652,13.952903747558594,0.9301936030387878,92.39410400390625,93.1812973022461,9.237829208374023,83.15626525878906,87.14765167236328,92.93762969970703,92.18942260742188,-0.031038722023367882,0.9998205304145813,1.1742115475499304e-06
5,actor,data/latent/train/1781995790154_heuristic_00022.npz,899,1.211230754852295,1.3156235218048096,0.0877082347869873,59.603824615478516,62.539161682128906,0.8037437796592712,58.80007553100586,61.16621780395508,66.08726501464844,64.93768310546875,0.767957329750061,0.9993769526481628,8.245309004450974e-07
6,actor,data/latent/train/1781995678845_heuristic_00010.npz,597,5.610662937164307,6.174846649169922,0.4116564393043518,59.083587646484375,64.2050552368164,3.5220773220062256,55.56150436401367,47.910484313964844,66.87560272216797,58.29715347290039,0.999945342540741,0.9999992251396179,0.0
7,actor,data/latent/train/1781996019435_heuristic_00047.npz,718,-0.3678799271583557,-0.39872056245803833,-0.02658137120306492,45.13678741455078,50.22875213623047,-0.2460457980632782,45.38282775878906,40.20866775512695,55.79255294799805,46.96521759033203,0.5653915405273438,0.9999972581863403,0.0
8,actor,data/latent/train/1781995772209_heuristic_00020.npz,535,8.533483505249023,9.212251663208008,0.6141501069068909,81.44779205322266,84.97872924804688,5.911589622497559,75.53620147705078,74.02662658691406,86.83936309814453,82.35455322265625,0.4886130392551422,0.9995119571685791,1.1265277635175153e-06
9,actor,data/latent/train/1781995725381_heuristic_00015.npz,921,-0.45986121892929077,-0.46772754192352295,-0.031181836500763893,55.04442596435547,61.065311431884766,-0.42116957902908325,55.46560287475586,38.3581428527832,66.37505340576172,58.346981048583984,-0.002108112908899784,0.9976972937583923,0.00036029418697580695
10,actor,data/latent/train/1781975740977_heuristic_00021.npz,803,0.19044291973114014,0.24978923797607422,0.01665261574089527,47.07703399658203,50.850929260253906,-0.018467217683792114,47.09551239013672,50.84162521362305,54.52631759643555,51.31980895996094,0.9999988675117493,0.9999820590019226,0.0
11,actor,data/latent/train/1781995799509_heuristic_00023.npz,3,3.297499418258667,3.711958169937134,0.2474638819694519,56.662315368652344,61.49305725097656,1.7747355699539185,54.887577056884766,42.100772857666016,63.624351501464844,58.97321701049805,-0.18913902342319489,0.9552509188652039,0.0007317046402022243
12,actor,data/latent/train/1781995605201_heuristic_00002.npz,844,-1.6504615545272827,-1.7684191465377808,-0.11789461225271225,12.73568344116211,15.631247520446777,-1.194616675376892,13.930298805236816,9.649697303771973,18.392282485961914,13.733501434326172,0.9995318055152893,0.9998846054077148,0.0
13,actor,data/latent/train/1781995715968_heuristic_00014.npz,34,7.93143367767334,8.53527545928955,0.5690183639526367,83.12660217285156,84.11264038085938,5.601494789123535,77.52510833740234,83.97838592529297,85.30155181884766,86.67504119873047,-0.08888216316699982,0.9999986290931702,0.0
14,actor,data/latent/train/1781995874538_heuristic_00031.npz,718,-0.9034484028816223,-0.937761664390564,-0.0625174418091774,47.721595764160156,49.496620178222656,-0.7489676475524902,48.47056198120117,54.28382873535156,52.53093338012695,54.64313507080078,-0.9986618161201477,0.9999984502792358,0.0
15,actor,data/latent/train/1781995927298_heuristic_00037.npz,173,-1.3719089031219482,-1.4722545146942139,-0.09815029799938202,36.19037628173828,38.48632049560547,-0.9850572347640991,37.175437927246094,46.64621353149414,41.9081916809082,41.354408264160156,0.3936978578567505,0.9999921917915344,0.0
16,actor,data/latent/train/1781975611090_heuristic_00007.npz,850,-0.7958828210830688,-0.8018811941146851,-0.053458746522665024,50.31339645385742,56.04933547973633,-0.7342132329940796,51.047607421875,42.8118782043457,61.06669998168945,54.08032989501953,-0.6761590838432312,0.9994775652885437,7.013479716988513e-06
17,actor,data/latent/train/1781975556701_heuristic_00001.npz,533,-0.6111108660697937,-0.6634130477905273,-0.044227536767721176,37.682830810546875,40.06367111206055,-0.4137831926345825,38.09661102294922,43.34841537475586,43.624149322509766,41.63911437988281,0.8544842004776001,0.9999706149101257,1.9868215961338365e-09
18,actor,data/latent/train/1781975601594_heuristic_00006.npz,295,-1.2023594379425049,-1.3061813116073608,-0.087078757584095,46.766117095947266,49.90890121459961,-0.8050076365470886,47.57111358642578,47.657588958740234,54.615779876708984,51.548370361328125,0.18611358106136322,0.9999838471412659,0.0
19,actor,data/latent/train/1781995669694_heuristic_00009.npz,416,6.994399070739746,7.473410606384277,0.49822738766670227,71.29502868652344,73.9698257446289,5.140198707580566,66.15483093261719,68.17493438720703,76.8209457397461,71.61894989013672,0.9999639987945557,0.9998289942741394,3.1789145538141383e-08
20,actor,data/latent/train/1781995605201_heuristic_00002.npz,28,8.558443069458008,9.227377891540527,0.6151584982872009,87.75265502929688,90.05631256103516,5.978020668029785,81.77462005615234,82.27574157714844,91.74225616455078,90.23773956298828,-0.1931365579366684,0.9999983906745911,0.0
21,actor,data/latent/train/1781975547656_heuristic_00000.npz,123,3.1655220985412598,3.2604923248291016,0.21736615896224976,68.94271850585938,68.6004867553711,2.7664809226989746,66.17622375488281,80.95777130126953,71.75373077392578,74.91046142578125,-0.03088533878326416,0.9999801516532898,3.5762788286319847e-08
22,actor,data/latent/train/1781975547656_heuristic_00000.npz,660,11.965696334838867,13.005517959594727,0.8670345544815063,93.22010803222656,95.89241027832031,7.994815826416016,85.22529602050781,91.27327728271484,96.23661041259766,93.76197052001953,-0.4330058693885803,0.9999598860740662,7.152557657263969e-08
23,actor,data/latent/train/1781995697152_heuristic_00012.npz,637,12.035261154174805,12.978678703308105,0.8652452230453491,92.28160095214844,92.98130798339844,8.405160903930664,83.87643432617188,86.49066162109375,92.06170654296875,94.05961608886719,0.2642304301261902,0.9997850060462952,1.1861324082929059e-06
24,actor,data/latent/train/1781975731978_heuristic_00020.npz,606,-1.613982081413269,-1.7294925451278687,-0.11529950052499771,43.08056640625,46.61030197143555,-1.1676771640777588,44.24823760986328,43.86555862426758,50.710792541503906,48.3892822265625,0.8869590759277344,0.9994831085205078,3.1193096106107987e-07
25,actor,data/latent/train/1781995874538_heuristic_00031.npz,378,0.5573185086250305,0.6991251707077026,0.046608343720436096,57.06521224975586,61.4041748046875,0.0674227923154831,56.997779846191406,62.71039581298828,65.01448822021484,62.792877197265625,0.7811546325683594,0.9998830556869507,2.9802322387695312e-08
26,actor,data/latent/train/1781995651476_heuristic_00007.npz,982,-1.6513140201568604,-1.7693047523498535,-0.11795365065336227,27.96070098876953,30.52876853942871,-1.1953468322753906,29.156044006347656,25.76575469970703,32.954532623291016,32.316829681396484,0.6326846480369568,0.9994390606880188,1.1420250302762724e-05
27,actor,data/latent/train/1781995902344_heuristic_00034.npz,966,-0.45962879061698914,-0.4814055562019348,-0.032093703746795654,55.99144744873047,60.12986755371094,-0.3671400249004364,56.35858917236328,56.278873443603516,65.00434875488281,61.18242263793945,0.9850981831550598,0.9999992251396179,0.0
28,actor,data/latent/train/1781995586132_heuristic_00000.npz,675,6.4303812980651855,7.085995674133301,0.4723997116088867,71.01353454589844,76.5024185180664,3.999804735183716,67.01372528076172,63.90170669555664,79.1595687866211,71.5835952758789,0.9577676057815552,0.9999997615814209,0.0
29,actor,data/latent/train/1781996010272_heuristic_00046.npz,641,1.3695050477981567,1.5087565183639526,0.1005837693810463,54.538063049316406,58.17229080200195,0.8465012311935425,53.691566467285156,57.888912200927734,61.72872543334961,58.72816467285156,0.9993103742599487,0.9989149570465088,1.4503797274301178e-07
30,actor,data/latent/train/1781995927298_heuristic_00037.npz,678,-0.23014338314533234,-0.17950499057769775,-0.011966999620199203,49.35488510131836,53.96358108520508,-0.3843623101711273,49.7392463684082,48.99443054199219,57.78841781616211,54.08521270751953,-0.9982349872589111,0.9999908208847046,3.1789145538141383e-08
31,actor,data/latent/train/1781995827249_heuristic_00026.npz,383,-1.3520121574401855,-1.4471532106399536,-0.09647688269615173,46.14493179321289,50.05388259887695,-0.9830764532089233,47.12800216674805,42.67033767700195,54.52887725830078,50.943580627441406,0.9998553991317749,0.9995762705802917,6.953874986947994e-08
32,actor,data/latent/train/1781995954713_heuristic_00040.npz,133,0.4846641421318054,0.6039140224456787,0.040260933339595795,64.0511245727539,69.10364532470703,0.069750115275383,63.98135757446289,62.06303787231445,73.4557113647461,69.82095336914062,0.255567342042923,0.9997546076774597,2.0404656879691174e-06
33,actor,data/latent/train/1781995734609_heuristic_00016.npz,710,-1.245672345161438,-1.3240646123886108,-0.08827097713947296,44.0832405090332,48.60115432739258,-0.9393615126609802,45.022613525390625,45.031795501708984,53.52402877807617,48.04371643066406,0.05960296094417572,0.9997945427894592,7.58965825298219e-07
34,actor,data/latent/train/1781995927298_heuristic_00037.npz,517,-1.1709192991256714,-1.2332717180252075,-0.08221811801195145,51.03212356567383,55.97797775268555,-0.91774982213974,51.949867248535156,47.74642562866211,61.63406753540039,55.032737731933594,-0.6478573083877563,0.9999898076057434,1.390775050680304e-08
35,actor,data/latent/train/1781995586132_heuristic_00000.npz,306,-1.0745315551757812,-1.1207385063171387,-0.07471589744091034,58.3844108581543,65.37965393066406,-0.8766312003135681,59.26104736328125,53.22282791137695,71.87401580810547,62.39854431152344,-0.9978485703468323,0.9999371767044067,1.0232130307485932e-06
36,actor,data/latent/train/1781995624027_heuristic_00004.npz,479,0.23743680119514465,0.34216153621673584,0.022810768336057663,65.68484497070312,70.63435363769531,-0.10871198773384094,65.7935562133789,68.16609191894531,75.62989044189453,71.61604309082031,0.5456620454788208,0.9998728632926941,1.7682711472843948e-07
37,actor,data/latent/train/1781995836527_heuristic_00027.npz,876,11.311917304992676,12.196295738220215,0.8130863904953003,91.72019958496094,93.29280853271484,7.9202494621276855,83.79996490478516,90.43096160888672,93.9448471069336,92.74191284179688,-0.3004520833492279,0.9999845623970032,1.390775050680304e-08
38,actor,data/latent/train/1781975592337_heuristic_00005.npz,920,-1.1031904220581055,-1.198468565940857,-0.07989790290594101,46.69296646118164,49.79511260986328,-0.7383015751838684,47.431270599365234,48.4790153503418,54.01174545288086,51.96591567993164,0.9545943737030029,0.9998849034309387,3.774960788405224e-08
39,actor,data/latent/train/1781995697152_heuristic_00012.npz,353,-0.8135360479354858,-0.8738042116165161,-0.058253612369298935,58.53013610839844,63.29561233520508,-0.5843360424041748,59.11447525024414,57.53268814086914,68.81822204589844,63.809425354003906,0.2300991714000702,0.9989460110664368,2.2544463718077168e-05
40,actor,data/latent/train/1781995808764_heuristic_00024.npz,563,-1.546073079109192,-1.6539524793624878,-0.11026349663734436,45.24558639526367,49.93758773803711,-1.1277170181274414,46.3733024597168,47.6658935546875,55.42898941040039,49.2490234375,-1.0,0.9993003010749817,0.00018215378804598004
41,actor,data/latent/train/1781975731978_heuristic_00020.npz,317,-1.5908913612365723,-1.7042906284332275,-0.1136193722486496,31.74897575378418,34.34657669067383,-1.1520657539367676,32.90105056762695,35.08888626098633,38.013309478759766,35.61101150512695,0.9928619265556335,0.9962660670280457,2.1775563254777808e-06
42,actor,data/latent/train/1781995836527_heuristic_00027.npz,585,5.095493316650391,5.653110504150391,0.37687402963638306,57.271121978759766,59.941001892089844,3.023041009902954,54.24808120727539,59.33307647705078,60.56964111328125,60.200721740722656,-0.24590009450912476,0.999848484992981,6.655852189396683e-07
43,actor,data/latent/train/1781995678845_heuristic_00010.npz,333,-1.015425682067871,-1.0579086542129517,-0.07052724063396454,46.282962799072266,50.21445083618164,-0.8320016264915466,47.11496353149414,41.17448043823242,53.765663146972656,51.60981750488281,-0.990373432636261,0.9999942779541016,1.390775050680304e-08
44,actor,data/latent/train/1781995874538_heuristic_00031.npz,386,-1.533782958984375,-1.6402194499969482,-0.10934796184301376,42.280052185058594,45.662540435791016,-1.1206670999526978,43.40071487426758,46.27109909057617,50.32083511352539,46.87133026123047,0.999991774559021,0.9999367594718933,0.0
45,actor,data/latent/train/1781975776928_heuristic_00025.npz,877,-1.1137800216674805,-1.1770223379135132,-0.07846815884113312,41.70917510986328,45.42054748535156,-0.8631394505500793,42.57231903076172,40.9554328918457,49.15769958496094,46.38487243652344,0.7083258032798767,0.9998506903648376,7.152557657263969e-08
46,actor,data/latent/train/1781975731978_heuristic_00020.npz,224,-1.6540768146514893,-1.7728997468948364,-0.11819331347942352,20.569202423095703,22.432477951049805,-1.1950985193252563,21.764293670654297,34.22385787963867,25.41473388671875,23.902448654174805,1.0,0.9999313950538635,0.0
47,actor,data/latent/train/1781995836527_heuristic_00027.npz,614,-1.2805685997009277,-1.3851981163024902,-0.09234654158353806,44.85960388183594,49.1429557800293,-0.8803684711456299,45.73996353149414,39.94582748413086,54.01119613647461,48.756988525390625,0.9328685402870178,0.9989484548568726,2.169609160773689e-06
48,actor,data/latent/train/1781975574208_heuristic_00003.npz,83,10.599700927734375,11.19909954071045,0.7466066479682922,68.50718688964844,65.59126281738281,8.190004348754883,60.31719207763672,77.0680160522461,65.27570343017578,68.42826843261719,0.67717045545578,0.9999715685844421,3.1789145538141383e-08
49,actor,data/latent/train/1781995586132_heuristic_00000.npz,820,-1.6502505540847778,-1.7692170143127441,-0.11794780194759369,29.280223846435547,31.095157623291016,-1.1908904314041138,30.47110366821289,31.39862823486328,33.82615280151367,33.83892059326172,0.4186326563358307,0.9997801184654236,1.4702478665640228e-06
50,actor,data/latent/train/1781995605201_heuristic_00002.npz,775,-1.6129282712936401,-1.7303037643432617,-0.11535358428955078,31.383493423461914,34.67390060424805,-1.160415768623352,32.54391860961914,29.701492309570312,37.87399673461914,35.40742492675781,0.2979448139667511,0.9999297857284546,2.443790378947597e-07
51,actor,data/latent/train/1781975776928_heuristic_00025.npz,236,-1.3592395782470703,-1.4447375535964966,-0.09631583839654922,59.002227783203125,64.24862670898438,-1.0241518020629883,60.026371002197266,59.05021286010742,70.3544692993164,64.4354019165039,-0.3881480097770691,0.9999410510063171,1.5695890454026085e-07
52,actor,data/latent/train/1781995892840_heuristic_00033.npz,863,7.411985874176025,8.035992622375488,0.5357328653335571,80.86662292480469,83.5228042602539,5.007894515991211,75.85871124267578,77.08707427978516,85.02116394042969,83.85929870605469,0.5332196950912476,0.9998077154159546,2.781550101360608e-08
53,actor,data/latent/train/1781975601594_heuristic_00006.npz,58,16.151363372802734,17.439594268798828,1.1626396179199219,102.89405059814453,105.66618347167969,11.228023529052734,91.66603088378906,87.71463012695312,105.49788665771484,99.44503021240234,-1.0,0.9999567270278931,1.7543633248351398e-06
54,actor,data/latent/train/1781995808764_heuristic_00024.npz,331,-1.5069153308868408,-1.618159532546997,-0.10787729918956757,38.23240661621094,41.16923141479492,-1.079491376876831,39.311893463134766,39.99764633178711,45.0056037902832,42.89316940307617,0.45548972487449646,0.9999955892562866,0.0
55,actor,data/latent/train/1781995734609_heuristic_00016.npz,148,6.956493377685547,7.613420486450195,0.5075613856315613,80.10870361328125,84.18132019042969,4.470918655395508,75.6377944946289,75.03636932373047,86.18067169189453,82.72985076904297,-0.24185439944267273,0.999994695186615,0.0
56,actor,data/latent/train/1781995936765_heuristic_00038.npz,444,-0.8016736507415771,-0.8415882587432861,-0.05610588565468788,55.7442512512207,59.77714157104492,-0.6387962102890015,56.38304138183594,58.589542388916016,64.75890350341797,61.382049560546875,-0.15467999875545502,0.9999946355819702,0.0
57,actor,data/latent/train/1781995963949_heuristic_00041.npz,784,-1.5316193103790283,-1.640721082687378,-0.10938140749931335,37.62120056152344,40.464542388916016,-1.1094987392425537,38.7307014465332,44.9711799621582,44.33966827392578,42.50340270996094,0.9999997615814209,0.9965872168540955,1.3649463426190778e-06
58,actor,data/latent/train/1781995827249_heuristic_00026.npz,227,-1.5855576992034912,-1.698801875114441,-0.11325345933437347,29.27884292602539,31.853111267089844,-1.1479066610336304,30.426740646362305,32.0002326965332,35.135494232177734,33.08526611328125,0.9231824278831482,0.9999949932098389,0.0
59,actor,data/latent/train/1781995874538_heuristic_00031.npz,52,13.811370849609375,14.863510131835938,0.9909006953239441,102.09349060058594,101.79517364501953,9.778337478637695,92.31517028808594,105.78331756591797,101.31745147705078,103.47834777832031,0.10096367448568344,0.999997079372406,0.0
60,actor,data/latent/train/1781995734609_heuristic_00016.npz,399,-1.6590592861175537,-1.7775987386703491,-0.11850658059120178,30.845386505126953,34.41883087158203,-1.2009764909744263,32.04635238647461,23.23672866821289,37.68718338012695,34.358463287353516,-0.1282188892364502,0.9995092153549194,7.271766662597656e-06
61,actor,data/latent/train/1781996037878_heuristic_00049.npz,196,-1.6035208702087402,-1.7188364267349243,-0.11458909511566162,36.67881774902344,38.46101379394531,-1.158132553100586,37.83694076538086,44.0860710144043,41.72031021118164,42.280330657958984,0.9501504898071289,0.9999991059303284,0.0
62,actor,data/latent/train/1781996000904_heuristic_00045.npz,90,7.791806697845459,8.415053367614746,0.561003565788269,72.93384552001953,75.72749328613281,5.430434703826904,67.5033950805664,70.64575958251953,77.9916763305664,73.12098693847656,0.999593198299408,0.9999972581863403,0.0
63,actor,data/latent/train/1781995772209_heuristic_00020.npz,572,-1.1015288829803467,-1.164466381072998,-0.07763109356164932,52.10053634643555,58.42735290527344,-0.850612223148346,52.95115661621094,41.40702438354492,64.45189666748047,55.23242950439453,-0.34624728560447693,0.9991186261177063,1.110831908590626e-05
0,true_heuristic_actions,data/latent/train/1781995936765_heuristic_00038.npz,627,-1.5421174764633179,-1.6569017171859741,-0.11046011745929718,21.832836151123047,23.700971603393555,-1.1002953052520752,22.933128356933594,29.86382293701172,26.890748977661133,24.660741806030273,-0.2885524034500122,0.4099999666213989,0.0
1,true_heuristic_actions,data/latent/train/1781995688182_heuristic_00011.npz,266,-1.5173158645629883,-1.6222198009490967,-0.1081479862332344,42.904510498046875,45.42234802246094,-1.110546350479126,44.01506423950195,47.385738372802734,49.08192825317383,48.86035919189453,-0.9535564184188843,0.3499999940395355,0.05000000074505806
2,true_heuristic_actions,data/latent/train/1781975767951_heuristic_00024.npz,41,9.375239372253418,10.118897438049316,0.6745931506156921,77.7752685546875,79.63966369628906,6.5321574211120605,71.24310302734375,77.09476470947266,80.6124496459961,78.41836547851562,0.1434025913476944,0.6499999761581421,0.0
3,true_heuristic_actions,data/latent/train/1781975592337_heuristic_00005.npz,17,0.9775323271751404,1.110595703125,0.07403971254825592,58.813358306884766,63.25634002685547,0.4981151819229126,58.31524658203125,63.3486328125,67.91388702392578,63.033355712890625,0.11892186105251312,0.6300228238105774,0.011306463740766048
4,true_heuristic_actions,data/latent/train/1781975666230_heuristic_00013.npz,801,12.675897598266602,13.640419006347656,0.9093612432479858,91.1373519897461,91.97734832763672,8.964679718017578,82.17265319824219,87.14765167236328,91.62681579589844,91.29144287109375,-0.2445494830608368,0.5852888226509094,0.035286594182252884
5,true_heuristic_actions,data/latent/train/1781995790154_heuristic_00022.npz,899,5.637088775634766,6.217170715332031,0.41447803378105164,47.75798416137695,46.73490905761719,3.4576210975646973,44.30036163330078,61.16621780395508,44.481868743896484,52.52861022949219,-0.5576406717300415,0.41935738921165466,0.02866465225815773
6,true_heuristic_actions,data/latent/train/1781995678845_heuristic_00010.npz,597,1.0913467407226562,1.2115588188171387,0.0807705894112587,48.1722412109375,51.264915466308594,0.6631744503974915,47.50905990600586,47.910484313964844,55.009639739990234,51.1153564453125,0.0492226704955101,0.6299999952316284,0.0
7,true_heuristic_actions,data/latent/train/1781996019435_heuristic_00047.npz,718,-0.4668999910354614,-0.5019519925117493,-0.03346346691250801,40.24183654785156,42.805545806884766,-0.32906150817871094,40.57089614868164,40.20866775512695,46.04329299926758,44.49489974975586,0.03167576715350151,0.6499999761581421,0.0
8,true_heuristic_actions,data/latent/train/1781995772209_heuristic_00020.npz,535,4.6846771240234375,4.972762584686279,0.3315175175666809,62.29243850708008,59.70897674560547,3.527543067932129,58.76490020751953,74.02662658691406,59.67564010620117,68.74105834960938,-0.17762751877307892,0.5699999928474426,0.0
9,true_heuristic_actions,data/latent/train/1781995725381_heuristic_00015.npz,921,-1.2193489074707031,-1.308068037033081,-0.08720453828573227,38.03242874145508,36.03584671020508,-0.8838219046592712,38.916255950927734,38.3581428527832,33.11752700805664,50.4940185546875,-0.302341103553772,0.5299999713897705,0.006666666828095913
10,true_heuristic_actions,data/latent/train/1781975740977_heuristic_00021.npz,803,-1.1388092041015625,-1.2193360328674316,-0.08128906786441803,29.781566619873047,28.743383407592773,-0.8288700580596924,30.610437393188477,50.84162521362305,30.14535903930664,36.675907135009766,-0.1717943549156189,0.5300591588020325,0.0028102125506848097
11,true_heuristic_actions,data/latent/train/1781995799509_heuristic_00023.npz,3,4.5303778648376465,4.968902587890625,0.33126017451286316,56.27195739746094,59.07269287109375,2.8285388946533203,53.44342803955078,42.100772857666016,59.65470504760742,58.90909194946289,-0.305550754070282,0.4899999499320984,0.006666666828095913
12,true_heuristic_actions,data/latent/train/1781995605201_heuristic_00002.npz,844,-1.6624693870544434,-1.781786322593689,-0.11878575384616852,8.083568572998047,9.585284233093262,-1.2016608715057373,9.285231590270996,9.649697303771973,11.41855525970459,9.694144248962402,0.8398826122283936,0.37121644616127014,0.05623297020792961
13,true_heuristic_actions,data/latent/train/1781995715968_heuristic_00014.npz,34,9.85191822052002,10.638371467590332,0.7092247605323792,87.1810073852539,89.27584838867188,6.837254047393799,80.34376525878906,83.97838592529297,90.27922821044922,88.74168395996094,0.09155120700597763,0.6708264946937561,0.017728308215737343
14,true_heuristic_actions,data/latent/train/1781995874538_heuristic_00031.npz,718,-1.497243046760559,-1.6078863143920898,-0.10719241946935654,36.9642219543457,33.727684020996094,-1.0720735788345337,38.03630447387695,54.28382873535156,32.94839859008789,48.1992301940918,-0.1584458351135254,0.38999995589256287,0.02666666731238365
15,true_heuristic_actions,data/latent/train/1781995927298_heuristic_00037.npz,173,-1.435042381286621,-1.5414299964904785,-0.10276199877262115,34.51504135131836,36.274234771728516,-1.0251128673553467,35.540164947509766,46.64621353149414,39.780853271484375,39.48572540283203,-0.11443249136209488,0.429999977350235,0.0
16,true_heuristic_actions,data/latent/train/1781975611090_heuristic_00007.npz,850,-1.2786859273910522,-1.3523435592651367,-0.09015623480081558,49.03180694580078,54.47187805175781,-0.9822304248809814,50.01404571533203,42.8118782043457,59.8398323059082,52.93275451660156,-0.9180009365081787,0.39632293581962585,0.06868398934602737
17,true_heuristic_actions,data/latent/train/1781975556701_heuristic_00001.npz,533,-0.9706979990005493,-1.0571763515472412,-0.0704784244298935,35.4143180847168,38.509395599365234,-0.6444433927536011,36.05875778198242,43.34841537475586,43.555908203125,37.77195739746094,-0.06494949758052826,0.5889643430709839,0.014992399141192436
18,true_heuristic_actions,data/latent/train/1781975601594_heuristic_00006.npz,295,-1.341112732887268,-1.450881004333496,-0.09672539681196213,41.44575500488281,43.902400970458984,-0.9212283492088318,42.366981506347656,47.657588958740234,47.96048355102539,46.547630310058594,-0.1977497935295105,0.6499999761581421,0.0
19,true_heuristic_actions,data/latent/train/1781995669694_heuristic_00009.npz,416,6.991635322570801,7.4774017333984375,0.4984934628009796,58.08842468261719,57.301856994628906,5.114935874938965,52.973472595214844,68.17493438720703,57.75314712524414,59.791019439697266,0.2829451858997345,0.5299999713897705,0.010000000707805157
20,true_heuristic_actions,data/latent/train/1781995605201_heuristic_00002.npz,28,9.628508567810059,10.444859504699707,0.6963239908218384,91.68054962158203,96.17185974121094,6.526968479156494,85.1535873413086,82.27574157714844,98.50523376464844,92.22547912597656,0.021480746567249298,0.6499999761581421,0.0
21,true_heuristic_actions,data/latent/train/1781975547656_heuristic_00000.npz,123,3.450197219848633,3.5098514556884766,0.23399010300636292,65.17999267578125,62.535621643066406,3.1398868560791016,62.04011154174805,80.95777130126953,64.2107925415039,72.25017547607422,0.5296123623847961,0.37274450063705444,0.044537171721458435
22,true_heuristic_actions,data/latent/train/1781975547656_heuristic_00000.npz,660,9.738080024719238,10.657992362976074,0.7105328440666199,76.56180572509766,75.27649688720703,6.265058517456055,70.29673767089844,91.27327728271484,72.44756317138672,81.9618148803711,0.0002068589092232287,0.6459754705429077,0.018075237050652504
23,true_heuristic_actions,data/latent/train/1781995697152_heuristic_00012.npz,637,12.681347846984863,13.679290771484375,0.9119527339935303,92.26141357421875,92.75838470458984,8.845479965209961,83.41594696044922,86.49066162109375,91.66948699951172,93.3656234741211,-0.10668012499809265,0.6299999952316284,0.0
24,true_heuristic_actions,data/latent/train/1781975731978_heuristic_00020.npz,606,-1.5069267749786377,-1.6131680011749268,-0.10754453390836716,23.405742645263672,21.015621185302734,-1.0965287685394287,24.50227165222168,43.86555862426758,20.838382720947266,31.509546279907227,-0.39769718050956726,0.5276215076446533,0.012554747052490711
25,true_heuristic_actions,data/latent/train/1781995874538_heuristic_00031.npz,378,-0.14309808611869812,-0.06744611263275146,-0.004496407695114613,51.60883712768555,55.20884704589844,-0.3734470009803772,51.982295989990234,62.71039581298828,59.746829986572266,56.55521011352539,0.24098773300647736,0.5776510834693909,0.016527095809578896
26,true_heuristic_actions,data/latent/train/1781995651476_heuristic_00007.npz,982,-1.6040700674057007,-1.7168477773666382,-0.11445651948451996,23.1553897857666,24.562419891357422,-1.1674634218215942,24.322856903076172,25.76575469970703,26.801246643066406,27.127891540527344,-0.6583155393600464,0.3997979462146759,0.055608026683330536
27,true_heuristic_actions,data/latent/train/1781995902344_heuristic_00034.npz,966,-0.753084659576416,-0.8094692826271057,-0.05396461859345436,55.08525085449219,58.55610275268555,-0.5346580147743225,55.61990737915039,56.278873443603516,63.102230072021484,61.00584030151367,0.666498601436615,0.418284147977829,0.06373211741447449
28,true_heuristic_actions,data/latent/train/1781995586132_heuristic_00000.npz,675,5.434713840484619,5.986541271209717,0.39910274744033813,70.2013931274414,75.2842025756836,3.388894557952881,66.81249237060547,63.90170669555664,78.0362319946289,71.96856689453125,0.6690153479576111,0.3506065309047699,0.04594062641263008
29,true_heuristic_actions,data/latent/train/1781996010272_heuristic_00046.npz,641,-0.07692018896341324,-0.08448666334152222,-0.005632444284856319,37.34634780883789,36.76884841918945,-0.04910202696919441,37.39544677734375,57.888912200927734,38.187984466552734,44.15986633300781,-0.023687176406383514,0.6499999761581421,0.0
30,true_heuristic_actions,data/latent/train/1781995927298_heuristic_00037.npz,678,-1.3651186227798462,-1.455125331878662,-0.0970083549618721,47.24024200439453,51.66520309448242,-1.0133857727050781,48.25362014770508,48.99443054199219,56.16240310668945,52.525569915771484,0.6375423669815063,0.45796993374824524,0.037993479520082474
31,true_heuristic_actions,data/latent/train/1781995827249_heuristic_00026.npz,383,-1.5987298488616943,-1.714859127998352,-0.1143239438533783,23.800806045532227,21.441469192504883,-1.1508527994155884,24.9516544342041,42.67033767700195,21.44474983215332,31.792200088500977,-0.8795419335365295,0.25563520193099976,0.057625848799943924
32,true_heuristic_actions,data/latent/train/1781995954713_heuristic_00040.npz,133,1.8921380043029785,2.1812448501586914,0.14541631937026978,56.97182846069336,58.91438674926758,0.8676329851150513,56.10419845581055,62.06303787231445,59.583404541015625,64.41387939453125,-0.730758547782898,0.3499999940395355,0.03666666895151138
33,true_heuristic_actions,data/latent/train/1781995734609_heuristic_00016.npz,710,-1.3558664321899414,-1.4516230821609497,-0.0967748686671257,41.20463562011719,44.15420913696289,-0.9879809617996216,42.192623138427734,45.031795501708984,47.90830612182617,46.443843841552734,0.6989295482635498,0.4218177795410156,0.037577614188194275
34,true_heuristic_actions,data/latent/train/1781995927298_heuristic_00037.npz,517,-1.5868396759033203,-1.6996276378631592,-0.11330851167440414,43.677391052246094,44.814266204833984,-1.1506520509719849,44.82803726196289,47.74642562866211,47.59590530395508,50.97784423828125,-0.4155106842517853,0.36988896131515503,0.03676290065050125
35,true_heuristic_actions,data/latent/train/1781995586132_heuristic_00000.npz,306,-1.6238232851028442,-1.7378398180007935,-0.11585598438978195,52.74704360961914,58.48375701904297,-1.1816905736923218,53.928733825683594,53.22282791137695,64.76705932617188,57.15190505981445,-0.028179574757814407,0.38206151127815247,0.04495378956198692
36,true_heuristic_actions,data/latent/train/1781995624027_heuristic_00004.npz,479,3.8413350582122803,4.3293657302856445,0.2886243760585785,54.51995086669922,53.80057907104492,2.0684428215026855,52.45150375366211,68.16609191894531,51.968441009521484,62.45148849487305,-0.2921150326728821,0.5006626844406128,0.013859862461686134
37,true_heuristic_actions,data/latent/train/1781995836527_heuristic_00027.npz,876,7.352431297302246,7.833841323852539,0.522256076335907,80.14398193359375,79.537353515625,5.469059467315674,74.6749267578125,90.43096160888672,81.55607604980469,83.7140121459961,-0.148866206407547,0.60999995470047,0.0
38,true_heuristic_actions,data/latent/train/1781975592337_heuristic_00005.npz,920,-1.2243019342422485,-1.321393370628357,-0.08809289336204529,32.681114196777344,30.92252540588379,-0.8524881601333618,33.533607482910156,48.4790153503418,31.341854095458984,41.1351432800293,-0.6105861663818359,0.26994216442108154,0.050334382802248
39,true_heuristic_actions,data/latent/train/1781995697152_heuristic_00012.npz,353,-1.0639195442199707,-1.1367868185043335,-0.07578578591346741,48.30683517456055,49.63273620605469,-0.7802949547767639,49.08713150024414,57.53268814086914,52.761539459228516,55.6720085144043,-0.506303608417511,0.40432775020599365,0.035382144153118134
40,true_heuristic_actions,data/latent/train/1781995808764_heuristic_00024.npz,563,-1.6107890605926514,-1.7255359888076782,-0.11503573507070541,38.17523193359375,40.90309143066406,-1.1671087741851807,39.34233474731445,47.6658935546875,45.12265396118164,43.00120544433594,-0.789697527885437,0.3499999940395355,0.046666670590639114
41,true_heuristic_actions,data/latent/train/1781975731978_heuristic_00020.npz,317,-1.498371958732605,-1.6048399209976196,-0.10698933154344559,26.58839988708496,28.631383895874023,-1.0874358415603638,27.675840377807617,35.08888626098633,32.19975662231445,29.820423126220703,-0.36072012782096863,0.5692091584205627,0.029423227533698082
42,true_heuristic_actions,data/latent/train/1781995836527_heuristic_00027.npz,585,2.0366897583007812,2.2653074264526367,0.15102049708366394,55.06528091430664,57.82310485839844,1.1989182233810425,53.86635971069336,59.33307647705078,60.60185623168945,59.43391418457031,-0.10617644339799881,0.5813047885894775,0.008069378323853016
43,true_heuristic_actions,data/latent/train/1781995678845_heuristic_00010.npz,333,-1.5123101472854614,-1.6188489198684692,-0.10792326182126999,44.97205352783203,47.904415130615234,-1.1002413034439087,46.072303771972656,41.17448043823242,51.1002311706543,51.32341003417969,0.025236424058675766,0.38999998569488525,0.030000001192092896
44,true_heuristic_actions,data/latent/train/1781995874538_heuristic_00031.npz,386,-1.657131314277649,-1.7765638828277588,-0.11843759566545486,26.637123107910156,24.48139190673828,-1.1961290836334229,27.8332576751709,46.27109909057617,24.698257446289062,35.025421142578125,0.2992645502090454,0.5376511216163635,0.016527095809578896
45,true_heuristic_actions,data/latent/train/1781975776928_heuristic_00025.npz,877,-1.4375460147857666,-1.5330495834350586,-0.10220330208539963,37.12220001220703,39.51527786254883,-1.0643267631530762,38.1865234375,40.9554328918457,42.72773361206055,42.36834716796875,-0.9532696008682251,0.3499999940395355,0.05000000074505806
46,true_heuristic_actions,data/latent/train/1781975731978_heuristic_00020.npz,224,-1.6698253154754639,-1.7902412414550781,-0.1193494126200676,8.584827423095703,6.8695759773254395,-1.2049357891082764,9.789761543273926,34.22385787963867,7.590433120727539,13.32152271270752,0.4532560408115387,0.4100000262260437,0.0
47,true_heuristic_actions,data/latent/train/1781995836527_heuristic_00027.npz,614,-1.0167959928512573,-1.0835145711898804,-0.07223430275917053,31.554183959960938,32.08687973022461,-0.7535670399665833,32.307762145996094,39.94582748413086,34.092952728271484,37.008426666259766,-0.9526512026786804,0.3499999940395355,0.05000000074505806
48,true_heuristic_actions,data/latent/train/1781975574208_heuristic_00003.npz,83,13.925189971923828,14.896453857421875,0.9930969476699829,56.045284271240234,47.81881332397461,10.162569046020508,45.88272476196289,77.0680160522461,41.373741149902344,57.317291259765625,-0.5378649234771729,0.3499999940395355,0.0
49,true_heuristic_actions,data/latent/train/1781995586132_heuristic_00000.npz,820,-1.5945507287979126,-1.7073354721069336,-0.11382236331701279,24.428668975830078,23.666900634765625,-1.1581192016601562,25.586795806884766,31.39862823486328,23.77131462097168,31.56884765625,-0.939135730266571,0.3499999940395355,0.05000000074505806
50,true_heuristic_actions,data/latent/train/1781995605201_heuristic_00002.npz,775,-1.6384384632110596,-1.7567602396011353,-0.11711735278367996,22.003337860107422,23.700061798095703,-1.1817994117736816,23.185136795043945,29.701492309570312,26.447086334228516,25.504974365234375,-0.8850736618041992,0.37580427527427673,0.0518137626349926
51,true_heuristic_actions,data/latent/train/1781975776928_heuristic_00025.npz,236,-1.6307897567749023,-1.7460936307907104,-0.11640623956918716,52.80070495605469,56.00223159790039,-1.1842923164367676,53.9849967956543,59.05021286010742,60.79987716674805,59.504852294921875,0.7622614502906799,0.2586343288421631,0.06041506305336952
52,true_heuristic_actions,data/latent/train/1781995892840_heuristic_00033.npz,863,2.5374045372009277,2.7519121170043945,0.1834608018398285,65.03399658203125,66.42434692382812,1.7123950719833374,63.32158660888672,77.08707427978516,69.62747192382812,70.74172973632812,0.01694287173449993,0.6282583475112915,0.008359967730939388
53,true_heuristic_actions,data/latent/train/1781975601594_heuristic_00006.npz,58,12.937111854553223,13.886999130249023,0.9257999658584595,89.01522827148438,88.26111602783203,9.280898094177246,79.73432159423828,87.71463012695312,87.1948013305664,89.57076263427734,-0.15802352130413055,0.6683676242828369,0.006564779207110405
54,true_heuristic_actions,data/latent/train/1781995808764_heuristic_00024.npz,331,-1.613770842552185,-1.7304940223693848,-0.11536626517772675,31.530527114868164,33.51504135131836,-1.1633163690567017,32.69384002685547,39.99764633178711,36.969547271728516,35.99388885498047,-0.23286721110343933,0.25,0.05000000074505806
55,true_heuristic_actions,data/latent/train/1781995734609_heuristic_00016.npz,148,8.268942832946777,9.097484588623047,0.6064989566802979,72.41368103027344,74.1670913696289,5.167886257171631,67.24579620361328,75.03636932373047,73.2335433959961,75.80792999267578,0.4540489912033081,0.4522557854652405,0.02045878954231739
56,true_heuristic_actions,data/latent/train/1781995936765_heuristic_00038.npz,444,-0.5043094754219055,-0.5229439735412598,-0.034862931817770004,53.787113189697266,56.6745719909668,-0.42283928394317627,54.2099609375,58.589542388916016,60.5959587097168,60.10287094116211,0.8534881472587585,0.3908211886882782,0.05602898821234703
57,true_heuristic_actions,data/latent/train/1781995963949_heuristic_00041.npz,784,-1.3017070293426514,-1.3883707523345947,-0.09255804866552353,22.557649612426758,21.408342361450195,-0.9646153450012207,23.522266387939453,44.9711799621582,22.531490325927734,28.71969223022461,-0.46370548009872437,0.4300000071525574,0.0
58,true_heuristic_actions,data/latent/train/1781995827249_heuristic_00026.npz,227,-1.6345666646957397,-1.7526365518569946,-0.11684243381023407,25.239852905273438,25.951345443725586,-1.1789530515670776,26.418798446655273,32.0002326965332,27.689496994018555,30.54840087890625,0.40913549065589905,0.25,0.05000000074505806
59,true_heuristic_actions,data/latent/train/1781995874538_heuristic_00031.npz,52,13.858863830566406,14.935966491699219,0.9957311153411865,101.48902130126953,101.07648468017578,9.742828369140625,91.74620819091797,105.78331756591797,100.19893646240234,103.1874008178711,0.04562781751155853,0.6499999761581421,0.0
60,true_heuristic_actions,data/latent/train/1781995734609_heuristic_00016.npz,399,-1.6581653356552124,-1.776467204093933,-0.11843114346265793,25.86017608642578,26.95853614807129,-1.2008224725723267,27.060998916625977,23.23672866821289,27.81786346435547,31.749971389770508,-0.9127300977706909,0.3499999940395355,0.05000000074505806
61,true_heuristic_actions,data/latent/train/1781996037878_heuristic_00049.npz,196,-1.6220476627349854,-1.7393321990966797,-0.11595547944307327,34.06996154785156,34.72861862182617,-1.1692991256713867,35.23926544189453,44.0860710144043,37.01591110229492,40.58867263793945,0.7752315998077393,0.37107107043266296,0.06071877107024193
62,true_heuristic_actions,data/latent/train/1781996000904_heuristic_00045.npz,90,7.76904296875,8.361201286315918,0.5574133992195129,72.21952056884766,74.08226776123047,5.511659622192383,66.70787048339844,70.64575958251953,75.9371566772461,72.92642974853516,0.655519425868988,0.3499999940395355,0.030000001192092896
63,true_heuristic_actions,data/latent/train/1781995772209_heuristic_00020.npz,572,-1.2982850074768066,-1.3856408596038818,-0.09237606078386307,48.155025482177734,52.560665130615234,-0.9599667191505432,49.114994049072266,41.40702438354492,56.51047134399414,53.64569091796875,-0.31590601801872253,0.4654649496078491,0.015425045043230057
64,actor,data/latent/train/1781995688182_heuristic_00011.npz,929,-0.3687494993209839,-0.3666391372680664,-0.024442609399557114,51.41698455810547,56.14811706542969,-0.36123645305633545,51.77822494506836,49.69969940185547,60.56842803955078,55.97480010986328,-0.2303745001554489,0.9998394846916199,8.563200708522345e-07
65,actor,data/latent/train/1781995936765_heuristic_00038.npz,515,-1.5704345703125,-1.6825748682022095,-0.11217165738344193,38.75205993652344,41.5714111328125,-1.1362723112106323,39.888328552246094,44.16609573364258,45.326236724853516,43.9245719909668,0.7333210110664368,0.9996369481086731,2.5828680350059585e-07
66,actor,data/latent/train/1781975722846_heuristic_00019.npz,65,17.690067291259766,19.094242095947266,1.272949457168579,101.58146667480469,102.97394561767578,12.318272590637207,89.26319885253906,91.57352447509766,101.39883422851562,97.87207794189453,-0.9999969601631165,0.9999698996543884,7.291635029105237e-07
67,actor,data/latent/train/1781975565096_heuristic_00002.npz,314,-1.3525277376174927,-1.4399200677871704,-0.09599467366933823,48.325992584228516,53.04220199584961,-1.0105780363082886,49.336570739746094,49.781219482421875,58.27024459838867,52.89354705810547,-0.21711137890815735,0.9998140931129456,6.953875413273636e-07
68,actor,data/latent/train/1781995707003_heuristic_00013.npz,845,-1.1283185482025146,-1.1864992380142212,-0.07909994572401047,49.63086700439453,56.17084884643555,-0.8911545872688293,50.52202224731445,35.95590591430664,62.31574630737305,51.98063659667969,0.051324497908353806,0.9999924898147583,1.9868215961338365e-09
69,actor,data/latent/train/1781995982334_heuristic_00043.npz,84,15.036300659179688,16.16609001159668,1.0777393579483032,100.45213317871094,100.75606536865234,10.689775466918945,89.76238250732422,97.24617004394531,99.92082214355469,99.8385238647461,-0.9804878830909729,0.9999249577522278,4.112720546345372e-07
70,actor,data/latent/train/1781995651476_heuristic_00007.npz,970,-1.6612281799316406,-1.7799038887023926,-0.11866025626659393,27.846601486206055,29.858442306518555,-1.2025479078292847,29.04914665222168,34.860965728759766,32.63699722290039,32.384864807128906,0.7780652642250061,0.9997312426567078,5.364417887676609e-08
71,actor,data/latent/train/1781995865173_heuristic_00030.npz,616,-0.46939143538475037,-0.49135732650756836,-0.03275715559720993,54.998836517333984,58.295589447021484,-0.3833337128162384,55.38216781616211,59.824790954589844,62.50403594970703,61.13996124267578,-0.20475070178508759,0.9999974966049194,0.0
72,actor,data/latent/train/1781995918104_heuristic_00036.npz,104,1.2164911031723022,1.2003333568572998,0.08002222329378128,54.6038703918457,58.43212890625,1.2385658025741577,53.36530303955078,53.99629592895508,64.0656509399414,56.470149993896484,0.2380354106426239,0.9999064207077026,2.4835267709022446e-07
73,actor,data/latent/train/1781995808764_heuristic_00024.npz,34,5.783510684967041,6.287790298461914,0.4191860258579254,69.09944152832031,72.15422058105469,3.8754868507385254,65.22396850585938,68.09379577636719,74.37670135498047,71.36016845703125,0.3979550302028656,0.9999996423721313,0.0
74,actor,data/latent/train/1781995734609_heuristic_00016.npz,412,-1.5285120010375977,-1.6361173391342163,-0.10907448828220367,28.889671325683594,30.65873146057129,-1.1117277145385742,30.00140380859375,30.39698600769043,33.022098541259766,33.60749816894531,0.9984657764434814,0.9974903464317322,8.742014756535355e-07
75,actor,data/latent/train/1781995678845_heuristic_00010.npz,547,-1.590511679649353,-1.7047992944717407,-0.1136532872915268,45.07719421386719,48.44291305541992,-1.1488862037658691,46.2260856628418,47.250186920166016,53.16779708862305,50.088104248046875,-0.48120835423469543,0.9998016357421875,1.2735525842799689e-06
76,actor,data/latent/train/1781995936765_heuristic_00038.npz,683,-1.4982954263687134,-1.6053956747055054,-0.10702637583017349,38.366668701171875,41.924522399902344,-1.0842361450195312,39.45091247558594,41.549739837646484,46.57732009887695,42.11823272705078,0.8189128041267395,0.999995231628418,0.0
77,actor,data/latent/train/1781975767951_heuristic_00024.npz,47,14.460780143737793,15.531351089477539,1.0354233980178833,94.58444213867188,95.24264526367188,10.330545425415039,84.2538833618164,89.92157745361328,94.82379913330078,93.05392456054688,0.2889675796031952,0.9999991059303284,0.0
78,actor,data/latent/train/1781975785803_heuristic_00026.npz,945,-1.5771093368530273,-1.692245602607727,-0.11281637102365494,33.32002639770508,35.97492599487305,-1.1337872743606567,34.45381164550781,37.31975173950195,39.31250762939453,37.89302062988281,0.1266070455312729,0.999730110168457,2.648433110152837e-06
79,actor,data/latent/train/1781975713363_heuristic_00018.npz,551,-1.640702247619629,-1.75856614112854,-0.11723773926496506,20.258272171020508,22.663572311401367,-1.1854630708694458,21.4437313079834,24.515422821044922,26.00960350036621,22.46236228942871,0.6319358348846436,0.9999939799308777,0.0
80,actor,data/latent/train/1781995808764_heuristic_00024.npz,497,-1.5545543432235718,-1.6660566329956055,-0.11107043921947479,41.97024917602539,47.563968658447266,-1.124023199081421,43.094268798828125,32.96847152709961,53.15107345581055,44.486446380615234,0.7286885380744934,0.9999876618385315,1.9868215961338365e-09
81,actor,data/latent/train/1781995799509_heuristic_00023.npz,772,-1.5844008922576904,-1.6964730024337769,-0.11309819668531418,36.47817611694336,38.5199089050293,-1.151113510131836,37.629276275634766,41.26355743408203,42.04397964477539,41.51942443847656,-0.1533457636833191,0.9999551177024841,1.1126200405442432e-07
82,actor,data/latent/train/1781975574208_heuristic_00003.npz,677,4.755481243133545,5.24067497253418,0.3493783175945282,67.90736389160156,71.8062744140625,2.956587553024292,64.95079040527344,56.014225006103516,73.51409149169922,71.14393615722656,0.5896732211112976,0.9999579787254333,3.3775965135873776e-08
83,actor,data/latent/train/1781995818312_heuristic_00025.npz,557,-1.1296755075454712,-1.1999272108078003,-0.07999514788389206,61.11608123779297,65.498779296875,-0.8530458211898804,61.96913528442383,67.53040313720703,71.14371490478516,67.6380844116211,0.1374502032995224,0.9999988675117493,0.0
84,actor,data/latent/train/1781996037878_heuristic_00049.npz,559,-1.336669921875,-1.427931308746338,-0.09519542008638382,25.840421676635742,28.05793571472168,-0.9799726605415344,26.820396423339844,24.28810691833496,30.910369873046875,28.918704986572266,0.10103767365217209,0.9999438524246216,9.735425265944286e-08
85,actor,data/latent/train/1781975740977_heuristic_00021.npz,774,6.087988376617432,6.70689582824707,0.4471263885498047,81.80827331542969,85.79277038574219,3.7598814964294434,78.04840850830078,81.40117645263672,87.17900848388672,86.92089080810547,0.3238504230976105,0.9999237656593323,2.582867963951685e-08
86,actor,data/latent/train/1781975703598_heuristic_00017.npz,816,2.624614715576172,2.893698215484619,0.192913219332695,62.4591178894043,67.96772003173828,1.6119822263717651,60.84713363647461,53.156280517578125,72.2159194946289,64.6748046875,0.7715375423431396,0.9999892115592957,1.9868215961338365e-09
87,actor,data/latent/train/1781995874538_heuristic_00031.npz,30,6.421453475952148,6.881436347961426,0.45876243710517883,76.21067810058594,77.8404769897461,4.636470794677734,71.57422637939453,74.29362487792969,79.97455596923828,79.20304107666016,-0.13414224982261658,0.9999990463256836,0.0
88,actor,data/latent/train/1781975666230_heuristic_00013.npz,877,-1.5296533107757568,-1.6387614011764526,-0.1092507615685463,50.60636520385742,54.2313232421875,-1.1057024002075195,51.71207046508789,59.20830154418945,58.73945617675781,57.22455978393555,0.8148680925369263,0.9988235235214233,2.1457671550706436e-07
89,actor,data/latent/train/1781996019435_heuristic_00047.npz,31,9.770293235778809,10.521076202392578,0.7014051079750061,83.65199279785156,86.9856948852539,6.905821800231934,76.74616241455078,75.0976791381836,89.4764404296875,82.51651000976562,0.43818894028663635,0.9999987483024597,0.0
90,actor,data/latent/train/1781975629865_heuristic_00009.npz,478,12.049129486083984,12.94308090209961,0.8628720641136169,80.48381042480469,80.47908782958984,8.603795051574707,71.88001251220703,78.73819732666016,79.81216430664062,80.06783294677734,0.3113800883293152,0.9999995827674866,0.0
91,actor,data/latent/train/1781995651476_heuristic_00007.npz,54,11.742709159851074,12.742013931274414,0.8494675755500793,100.03892517089844,104.02973175048828,7.944716453552246,92.09420776367188,92.47332000732422,105.04022979736328,100.98260498046875,-0.9986643195152283,0.999979555606842,1.351038605434951e-07
92,actor,data/latent/train/1781995892840_heuristic_00033.npz,835,3.593806028366089,4.017261028289795,0.2678174078464508,73.1897201538086,76.59327697753906,2.0285348892211914,71.16119384765625,82.92462921142578,79.21900177001953,79.26322937011719,0.3555555045604706,0.9999534487724304,3.774960788405224e-08
93,actor,data/latent/train/1781995982334_heuristic_00043.npz,237,-0.06598718464374542,-0.053727321326732635,-0.0035818214528262615,64.23631286621094,69.281005859375,-0.10832683742046356,64.3446273803711,67.57250213623047,75.48181915283203,69.00943756103516,-0.04549064114689827,0.9999808073043823,1.5894572769070692e-08
94,actor,data/latent/train/1781996010272_heuristic_00046.npz,895,-1.3233451843261719,-1.4106253385543823,-0.09404169023036957,19.984216690063477,21.740392684936523,-0.9807929992675781,20.965017318725586,26.74404525756836,24.53278350830078,22.550289154052734,0.9604073762893677,0.99996417760849,1.1920929132713809e-08
95,actor,data/latent/train/1781995963949_heuristic_00041.npz,44,11.373187065124512,12.251803398132324,0.8167868852615356,100.12519073486328,102.11676788330078,7.990468502044678,92.13470458984375,97.20262908935547,103.27536010742188,101.93964385986328,-0.20673441886901855,0.9999890923500061,0.0
96,actor,data/latent/train/1781975795046_heuristic_00027.npz,561,-1.4193103313446045,-1.5110563039779663,-0.1007370874285698,49.95043182373047,54.13753890991211,-1.0583596229553223,51.00879669189453,47.03558349609375,58.59109115600586,55.5941162109375,-0.8864859342575073,0.9989758133888245,4.704395905719139e-05
97,actor,data/latent/train/1781995827249_heuristic_00026.npz,471,-1.019270896911621,-1.083802580833435,-0.0722535029053688,47.59083557128906,52.02649688720703,-0.7709305286407471,48.36177062988281,46.722713470458984,57.093421936035156,51.63262939453125,0.050810910761356354,0.9999570250511169,3.5762788286319847e-08
98,actor,data/latent/train/1781995973433_heuristic_00042.npz,908,-1.2249679565429688,-1.3056082725524902,-0.08704055100679398,56.9073486328125,60.27095413208008,-0.9103947877883911,57.817745208740234,52.624366760253906,65.18617248535156,63.025390625,-0.11064835637807846,0.9997571110725403,7.029374501144048e-06
99,actor,data/latent/train/1781995743605_heuristic_00017.npz,417,-1.6559137105941772,-1.774263858795166,-0.11828425526618958,34.28892517089844,38.1550407409668,-1.198547601699829,35.48747634887695,24.73627471923828,43.064849853515625,36.36153030395508,0.08257210999727249,0.9996820092201233,6.496906280517578e-06
100,actor,data/latent/train/1781995669694_heuristic_00009.npz,220,-1.6118454933166504,-1.7252987623214722,-0.11501991748809814,36.42961502075195,40.3816032409668,-1.1725506782531738,37.602176666259766,26.84386444091797,44.48349380493164,39.7979621887207,-0.22190234065055847,0.9999966025352478,0.0
101,actor,data/latent/train/1781995642283_heuristic_00006.npz,456,-1.6427582502365112,-1.760024905204773,-0.1173349916934967,37.06062316894531,41.20975875854492,-1.1899075508117676,38.25053787231445,32.93133544921875,45.76286315917969,40.38558578491211,-0.3410646319389343,0.9999502897262573,2.7815499947791977e-07
102,actor,data/latent/train/1781975703598_heuristic_00017.npz,740,-1.533243179321289,-1.6499755382537842,-0.10999836772680283,37.91996765136719,41.215599060058594,-1.0840458869934082,39.00401306152344,37.72997283935547,44.85189437866211,42.65538024902344,-0.014121429063379765,0.9999960660934448,0.0
103,actor,data/latent/train/1781995818312_heuristic_00025.npz,835,5.926098346710205,6.509494781494141,0.4339663088321686,84.31355285644531,86.26295471191406,3.720832347869873,80.59270477294922,84.99718475341797,87.7726058959961,90.19482421875,0.19516177475452423,0.9999669194221497,3.973643103449831e-08
104,actor,data/latent/train/1781995762779_heuristic_00019.npz,388,4.051470756530762,4.461202621459961,0.29741349816322327,60.34599685668945,64.52933502197266,2.513814687728882,57.832191467285156,61.265384674072266,67.35652923583984,62.58897399902344,0.9999995827674866,0.9999169707298279,5.9604645663569045e-09
105,actor,data/latent/train/1781975648229_heuristic_00011.npz,965,7.363715171813965,7.890574932098389,0.5260383486747742,76.75304412841797,78.47359466552734,5.303005218505859,71.45005798339844,73.44132232666016,80.17687225341797,78.99287414550781,0.37733355164527893,0.9999172687530518,2.582867963951685e-08
106,actor,data/latent/train/1781995772209_heuristic_00020.npz,73,17.278669357299805,18.595869064331055,1.2397246360778809,92.94564819335938,89.89340209960938,12.231425285339355,80.71421813964844,93.02784729003906,85.3755111694336,92.62448120117188,-0.3114489018917084,0.9999369978904724,1.8080075392390427e-07
107,actor,data/latent/train/1781995624027_heuristic_00004.npz,787,1.0685476064682007,1.1939741373062134,0.07959827780723572,59.26593017578125,62.85859298706055,0.6056732535362244,58.66024398803711,61.65034866333008,66.08877563476562,65.07844543457031,1.0,0.99997878074646,0.0
108,actor,data/latent/train/1781975759513_heuristic_00023.npz,130,-1.5654082298278809,-1.6738375425338745,-0.11158917099237442,45.776100158691406,52.18692398071289,-1.143418550491333,46.919532775878906,38.81040573120117,58.17698287963867,48.62216567993164,0.23825351893901825,0.9999611973762512,4.371007378267677e-08
109,actor,data/latent/train/1781995818312_heuristic_00025.npz,21,0.5588425397872925,0.6462849378585815,0.04308566078543663,65.325927734375,70.94683074951172,0.2497120499610901,65.07621002197266,62.23725128173828,76.46227264404297,69.79894256591797,0.8893682956695557,0.9993768930435181,2.980232238769531e-07
110,actor,data/latent/train/1781995827249_heuristic_00026.npz,912,-1.6197922229766846,-1.7348498106002808,-0.11565665155649185,21.546356201171875,23.96782112121582,-1.1742703914642334,22.72062110900879,25.442123413085938,27.02327537536621,24.285940170288086,0.9999986290931702,0.9999781847000122,0.0
111,actor,data/latent/train/1781975684660_heuristic_00015.npz,335,3.8769190311431885,4.150723934173584,0.27671492099761963,62.56287384033203,63.43514633178711,2.802682399749756,59.76018524169922,66.6714859008789,65.43213653564453,67.00358581542969,-0.42336660623550415,0.9999178647994995,1.0391075875304523e-06
112,actor,data/latent/train/1781996037878_heuristic_00049.npz,245,0.8798496723175049,0.8674042224884033,0.057826947420835495,61.645687103271484,64.41161346435547,0.8969517350196838,60.74874496459961,63.187015533447266,68.98736572265625,66.7208251953125,0.7813968658447266,0.999856173992157,4.967053612858763e-08
113,actor,data/latent/train/1781975638980_heuristic_00010.npz,275,-1.5543938875198364,-1.661046028137207,-0.11073639988899231,46.9752082824707,51.905494689941406,-1.1393871307373047,48.11458969116211,48.424468994140625,57.52885055541992,51.083343505859375,-0.6112564206123352,0.9999959468841553,1.9868215961338365e-09
114,actor,data/latent/train/1781995827249_heuristic_00026.npz,569,2.1193549633026123,2.376018524169922,0.1584012359380722,71.90812683105469,75.79718780517578,1.1795458793640137,70.72856903076172,79.9676742553711,79.6126480102539,78.26420593261719,-0.29661858081817627,0.9999951720237732,0.0
115,actor,data/latent/train/1781995845712_heuristic_00028.npz,752,-1.2496176958084106,-1.3289217948913574,-0.08859478682279587,46.38129425048828,50.428443908691406,-0.9387927651405334,47.32007598876953,45.866119384765625,54.837032318115234,51.33087921142578,0.2874586284160614,0.9998610019683838,9.814898476179224e-07
116,actor,data/latent/train/1781995855626_heuristic_00029.npz,685,-0.2982562780380249,-0.30579233169555664,-0.02038615569472313,45.2940788269043,49.798458099365234,-0.27421462535858154,45.568294525146484,43.43571090698242,54.24271774291992,48.59192657470703,0.2467760294675827,0.9999962449073792,0.0
117,actor,data/latent/train/1781995743605_heuristic_00017.npz,541,-1.5036592483520508,-1.607657790184021,-0.10717718303203583,44.328643798828125,49.94692611694336,-1.098730206489563,45.4273796081543,39.82274627685547,56.061885833740234,46.8704719543457,0.9989215731620789,0.9999923706054688,0.0
118,actor,data/latent/train/1781975556701_heuristic_00001.npz,528,3.0978598594665527,3.412585735321045,0.22750571370124817,63.732696533203125,69.1434097290039,1.921156406402588,61.81153869628906,61.933773040771484,73.70372009277344,65.63873291015625,0.9999861121177673,0.9997937679290771,2.3841858265427618e-08
119,actor,data/latent/train/1781995954713_heuristic_00040.npz,863,-1.4640783071517944,-1.5701284408569336,-0.10467522591352463,42.191871643066406,45.27717208862305,-1.05619215965271,43.24805450439453,45.661537170410156,49.69939041137695,46.94371032714844,-0.2245025336742401,0.9990527033805847,2.0442406821530312e-05
120,actor,data/latent/train/1781995799509_heuristic_00023.npz,222,-1.3023532629013062,-1.390482783317566,-0.0926988497376442,49.022483825683594,53.04977798461914,-0.9620386958122253,49.98451614379883,55.7352294921875,58.35758972167969,53.93513488769531,-0.5244028568267822,0.9999356865882874,3.000100434746855e-07
121,actor,data/latent/train/1781995772209_heuristic_00020.npz,635,-1.4888509511947632,-1.5952647924423218,-0.10635098814964294,29.776100158691406,32.86128616333008,-1.0773800611495972,30.85347557067871,23.580181121826172,36.56064224243164,32.46250915527344,0.4341750144958496,0.9978598952293396,1.351038605434951e-07
122,actor,data/latent/train/1781995772209_heuristic_00020.npz,865,0.5082905292510986,0.6175408363342285,0.041169390082359314,69.1474609375,74.32527160644531,0.13115978240966797,69.01631927490234,66.38001251220703,79.40211486816406,74.94834899902344,-0.41281858086586,0.9999844431877136,9.934107758624577e-09
123,actor,data/latent/train/1781995845712_heuristic_00028.npz,295,5.595260143280029,6.100569248199463,0.4067046046257019,49.00434494018555,48.935462951660156,3.6830060482025146,45.32133483886719,57.405269622802734,48.044681549072266,52.16975784301758,-0.9999972581863403,0.9998847842216492,3.0775865980103845e-06
124,actor,data/latent/train/1781995633130_heuristic_00005.npz,732,5.6804351806640625,6.099950790405273,0.4066633880138397,79.02678680419922,82.59600067138672,4.0640339851379395,74.9627456665039,75.41426086425781,86.11132049560547,81.67548370361328,0.6035668253898621,0.9993370771408081,1.1722246995304886e-07
125,actor,data/latent/train/1781995818312_heuristic_00025.npz,795,9.813424110412598,10.635477066040039,0.7090318202972412,87.83809661865234,90.33882141113281,6.652908802032471,81.18517303466797,83.8232421875,90.77482604980469,90.12519073486328,0.012277964502573013,0.999958872795105,7.947286384535346e-09
126,actor,data/latent/train/1781975620542_heuristic_00008.npz,499,-1.5474170446395874,-1.6531263589859009,-0.1102084219455719,35.87894058227539,39.35264205932617,-1.1354700326919556,37.0144157409668,37.64743423461914,43.631752014160156,39.58003616333008,-0.541452944278717,0.9999400973320007,1.01327898960335e-07
127,actor,data/latent/train/1781995808764_heuristic_00024.npz,483,-1.5434658527374268,-1.6534967422485352,-0.1102331131696701,37.93222427368164,40.08694839477539,-1.118606448173523,39.05083084106445,47.26474380493164,43.9953498840332,43.015567779541016,-0.9997428059577942,0.9990150928497314,6.789763574488461e-05
64,true_heuristic_actions,data/latent/train/1781995688182_heuristic_00011.npz,929,-0.9300932288169861,-0.9961282014846802,-0.06640854477882385,42.69889831542969,43.881736755371094,-0.6739311814308167,43.372833251953125,49.69969940185547,46.15457534790039,49.710426330566406,0.661702573299408,0.4099999666213989,0.029999999329447746
65,true_heuristic_actions,data/latent/train/1781995936765_heuristic_00038.npz,515,-1.6011018753051758,-1.7153502702713013,-0.11435668170452118,37.807064056396484,40.02906799316406,-1.1593350172042847,38.966400146484375,44.16609573364258,43.5134162902832,43.25844955444336,-0.9632464647293091,0.3499999940395355,0.05000000074505806
66,true_heuristic_actions,data/latent/train/1781975722846_heuristic_00019.npz,65,15.956603050231934,17.190462112426758,1.1460307836532593,92.74986267089844,92.20575714111328,11.233430862426758,81.51641845703125,91.57352447509766,90.1309814453125,91.03424072265625,-0.22597822546958923,0.6492298245429993,0.013558571226894855
67,true_heuristic_actions,data/latent/train/1781975565096_heuristic_00002.npz,314,-1.6027330160140991,-1.7194862365722656,-0.11463241279125214,43.12184143066406,45.76639938354492,-1.1523500680923462,44.27419662475586,49.781219482421875,49.79561996459961,48.931175231933594,0.4091646373271942,0.29952603578567505,0.054887548089027405
68,true_heuristic_actions,data/latent/train/1781995707003_heuristic_00013.npz,845,-1.34064781665802,-1.4253020286560059,-0.09502013772726059,48.90138244628906,54.97417449951172,-1.0088012218475342,49.91018295288086,35.95590591430664,60.714881896972656,51.968406677246094,0.1783030927181244,0.5283399224281311,0.015283554792404175
69,true_heuristic_actions,data/latent/train/1781995982334_heuristic_00043.npz,84,17.111286163330078,18.45629119873047,1.230419397354126,97.41266632080078,95.80123138427734,11.970763206481934,85.44189453125,97.24617004394531,92.1410140991211,96.99237060546875,-0.20728175342082977,0.6499999761581421,0.0
70,true_heuristic_actions,data/latent/train/1781995651476_heuristic_00007.npz,970,-1.6563977003097534,-1.774476170539856,-0.11829841136932373,24.926511764526367,27.29773712158203,-1.199851632118225,26.126358032226562,34.860965728759766,31.180248260498047,27.754650115966797,-0.9396851062774658,0.3499999940395355,0.05000000074505806
71,true_heuristic_actions,data/latent/train/1781995865173_heuristic_00030.npz,616,-0.11488980799913406,-0.10319392383098602,-0.00687959510833025,52.435699462890625,54.814449310302734,-0.1499272733926773,52.58562088012695,59.824790954589844,58.581363677978516,58.3414306640625,0.773972749710083,0.344123512506485,0.05829477310180664
72,true_heuristic_actions,data/latent/train/1781995918104_heuristic_00036.npz,104,1.077017903327942,1.0549527406692505,0.0703301802277565,45.59183883666992,45.057395935058594,1.1222633123397827,44.469573974609375,53.99629592895508,46.81851577758789,51.360984802246094,-0.6519701480865479,0.4234975278377533,0.06438394635915756
73,true_heuristic_actions,data/latent/train/1781995808764_heuristic_00024.npz,34,4.100549221038818,4.431290626525879,0.2954193651676178,63.88494110107422,65.28890991210938,2.836686849594116,61.04825210571289,68.09379577636719,67.22952270507812,68.26280212402344,0.06974208354949951,0.6499999761581421,0.0
74,true_heuristic_actions,data/latent/train/1781995734609_heuristic_00016.npz,412,-1.4596970081329346,-1.566072940826416,-0.10440485924482346,27.379459381103516,28.943546295166016,-1.0515506267547607,28.431007385253906,30.39698600769043,30.649494171142578,32.61031723022461,-0.3565090298652649,0.44999995827674866,0.020000001415610313
75,true_heuristic_actions,data/latent/train/1781995678845_heuristic_00010.npz,547,-1.4716637134552002,-1.5763604640960693,-0.10509070008993149,41.288841247558594,42.73052978515625,-1.0662827491760254,42.35512924194336,47.250186920166016,45.40788650512695,48.20491409301758,0.9297751188278198,0.3686801791191101,0.06350540369749069
76,true_heuristic_actions,data/latent/train/1781995936765_heuristic_00038.npz,683,-1.5587366819381714,-1.6706123352050781,-0.1113741546869278,31.492536544799805,30.478527069091797,-1.1263176202774048,32.61885070800781,41.549739837646484,30.51101303100586,40.21784210205078,-0.8049092888832092,0.3862951397895813,0.05762409418821335
77,true_heuristic_actions,data/latent/train/1781975767951_heuristic_00024.npz,47,14.277469635009766,15.327686309814453,1.0218456983566284,95.35784912109375,96.38743591308594,10.228501319885254,85.12935638427734,89.92157745361328,96.57476043701172,93.44031524658203,0.05960821360349655,0.6499999761581421,0.0
78,true_heuristic_actions,data/latent/train/1781975785803_heuristic_00026.npz,945,-1.6098862886428833,-1.7266134023666382,-0.11510755866765976,26.45105743408203,27.46648406982422,-1.1595920324325562,27.610645294189453,37.31975173950195,30.172813415527344,31.04477882385254,-0.8867688775062561,0.39761263132095337,0.07566717267036438
79,true_heuristic_actions,data/latent/train/1781975713363_heuristic_00018.npz,551,-1.6141760349273682,-1.7289563417434692,-0.11526375263929367,20.707809448242188,23.909955978393555,-1.1701360940933228,21.877944946289062,24.515422821044922,28.184101104736328,21.781124114990234,0.9668837785720825,0.3499999940395355,0.05000000074505806
80,true_heuristic_actions,data/latent/train/1781995808764_heuristic_00024.npz,497,-1.48319411277771,-1.5865404605865479,-0.10576936602592468,28.342912673950195,30.567989349365234,-1.0831003189086914,29.42601203918457,32.96847152709961,34.192623138427734,31.56409454345703,-0.299759179353714,0.32999998331069946,0.04333333671092987
81,true_heuristic_actions,data/latent/train/1781995799509_heuristic_00023.npz,772,-1.5888537168502808,-1.7001264095306396,-0.11334176361560822,26.65118408203125,25.358118057250977,-1.1575634479522705,27.80875015258789,41.26355743408203,25.935760498046875,34.15107727050781,-0.7958583831787109,0.3267652690410614,0.0585426427423954
82,true_heuristic_actions,data/latent/train/1781975574208_heuristic_00003.npz,677,5.9998321533203125,6.603628635406494,0.44024190306663513,66.98162078857422,70.49597930908203,3.7374355792999268,63.24417495727539,56.014225006103516,70.66453552246094,70.23097229003906,0.30159813165664673,0.45881977677345276,0.025058669969439507
83,true_heuristic_actions,data/latent/train/1781995818312_heuristic_00025.npz,557,-1.308211326599121,-1.3953347206115723,-0.09302231669425964,58.439208984375,61.602352142333984,-0.9684855341911316,59.40768814086914,67.53040313720703,66.33526611328125,66.02519226074219,0.36616793274879456,0.44817447662353516,0.019319115206599236
84,true_heuristic_actions,data/latent/train/1781996037878_heuristic_00049.npz,559,-1.4683830738067627,-1.5755664110183716,-0.10503776371479034,24.429248809814453,26.01211929321289,-1.0539641380310059,25.483211517333984,24.28810691833496,28.116437911987305,28.441722869873047,-0.4532351791858673,0.4099999666213989,0.0033333334140479565
85,true_heuristic_actions,data/latent/train/1781975740977_heuristic_00021.npz,774,1.728195071220398,1.946044683456421,0.12973631918430328,67.30963134765625,69.21778869628906,0.9300879240036011,66.37955474853516,81.40117645263672,72.12751770019531,74.91033935546875,-0.1556200236082077,0.658363401889801,0.0015358238015323877
86,true_heuristic_actions,data/latent/train/1781975703598_heuristic_00017.npz,816,2.827239990234375,3.109027862548828,0.20726852118968964,62.29352951049805,67.40937805175781,1.7620692253112793,60.531471252441406,53.156280517578125,71.21417999267578,64.76670837402344,0.43902111053466797,0.4100000262260437,0.0033333334140479565
87,true_heuristic_actions,data/latent/train/1781995874538_heuristic_00031.npz,30,7.573217868804932,8.173540115356445,0.5449026823043823,79.98323822021484,83.23048400878906,5.277744293212891,74.70549774169922,74.29362487792969,85.59329223632812,81.4532241821289,0.06543712317943573,0.6373873949050903,0.012236866168677807
88,true_heuristic_actions,data/latent/train/1781975666230_heuristic_00013.npz,877,-1.3348383903503418,-1.4235787391662598,-0.09490524977445602,42.05217742919922,42.65439987182617,-0.9866214990615845,43.03880310058594,59.20830154418945,44.5794792175293,50.56379318237305,-0.19161894917488098,0.5299999713897705,0.0
89,true_heuristic_actions,data/latent/train/1781996019435_heuristic_00047.npz,31,9.149884223937988,9.863204956054688,0.6575469970703125,80.63978576660156,83.91897583007812,6.419873237609863,74.21991729736328,75.0976791381836,86.27307891845703,80.11831665039062,0.21974961459636688,0.623745858669281,0.02792692370712757
90,true_heuristic_actions,data/latent/train/1781975629865_heuristic_00009.npz,478,12.684109687805176,13.66576862335205,0.9110512137413025,81.37544250488281,81.73004913330078,8.926095962524414,72.44935607910156,78.73819732666016,80.65605926513672,80.62174224853516,0.4328097105026245,0.3499999940395355,0.0
91,true_heuristic_actions,data/latent/train/1781995651476_heuristic_00007.npz,54,7.630502700805664,8.247903823852539,0.5498602390289307,89.72014617919922,93.8424072265625,5.312860488891602,84.40729522705078,92.47332000732422,97.8736572265625,91.4337158203125,-0.32335540652275085,0.4306187033653259,0.006843425799161196
92,true_heuristic_actions,data/latent/train/1781995892840_heuristic_00033.npz,835,0.3542797863483429,0.43790900707244873,0.029193934053182602,62.892311096191406,63.47420120239258,0.06515802443027496,62.827152252197266,82.92462921142578,66.44681549072266,71.93760681152344,-0.10065802931785583,0.671886146068573,0.01881578005850315
93,true_heuristic_actions,data/latent/train/1781995982334_heuristic_00043.npz,237,-0.84953373670578,-0.9258534908294678,-0.06172356754541397,62.01626968383789,66.2094497680664,-0.5583363771438599,62.574623107910156,67.57250213623047,71.75409698486328,68.43968200683594,0.37497976422309875,0.3043246567249298,0.07219352573156357
94,true_heuristic_actions,data/latent/train/1781996010272_heuristic_00046.npz,895,-1.5680930614471436,-1.684068202972412,-0.11227121204137802,16.14864730834961,14.900426864624023,-1.1213841438293457,17.270029067993164,26.74404525756836,15.110501289367676,21.821853637695312,-0.18882445991039276,0.4512057304382324,0.03188305348157883
95,true_heuristic_actions,data/latent/train/1781995963949_heuristic_00041.npz,44,9.504491806030273,10.208293914794922,0.6805528998374939,95.64970397949219,97.60078430175781,6.796880722045898,88.8528060913086,97.20262908935547,99.63170623779297,98.4430160522461,0.013641582801938057,0.60801762342453,0.003248547902330756
96,true_heuristic_actions,data/latent/train/1781975795046_heuristic_00027.npz,561,-1.4320932626724243,-1.5265315771102905,-0.10176876932382584,49.62480926513672,53.831607818603516,-1.0624308586120605,50.68723678588867,47.03558349609375,58.38473892211914,55.127262115478516,-0.8747807145118713,0.3920309841632843,0.049454767256975174
97,true_heuristic_actions,data/latent/train/1781995827249_heuristic_00026.npz,471,-1.4263544082641602,-1.529386043548584,-0.10195907205343246,44.817848205566406,49.02580261230469,-1.0285756587982178,45.84642028808594,46.722713470458984,54.06266403198242,49.11986541748047,0.40427112579345703,0.28396138548851013,0.06428889185190201
98,true_heuristic_actions,data/latent/train/1781995973433_heuristic_00042.npz,908,-1.2694132328033447,-1.3575701713562012,-0.09050467610359192,49.77904510498047,49.30506134033203,-0.9292024374008179,50.7082405090332,52.624366760253906,50.04763412475586,60.24576187133789,-0.526310384273529,0.38999995589256287,0.01666666753590107
99,true_heuristic_actions,data/latent/train/1781995743605_heuristic_00017.npz,417,-1.6405277252197266,-1.75685715675354,-0.1171238124370575,22.54306411743164,20.818090438842773,-1.1902509927749634,23.733314514160156,24.73627471923828,20.594865798950195,29.53753662109375,-0.8466914296150208,0.3499999940395355,0.04333333298563957
100,true_heuristic_actions,data/latent/train/1781995669694_heuristic_00009.npz,220,-1.6028045415878296,-1.7144923210144043,-0.11429949104785919,30.5174503326416,32.676753997802734,-1.169441819190979,31.686885833740234,26.84386444091797,35.515869140625,34.73012161254883,-0.8095691204071045,0.2749991714954376,0.06560549885034561
101,true_heuristic_actions,data/latent/train/1781995642283_heuristic_00006.npz,456,-1.6495999097824097,-1.7671130895614624,-0.117807537317276,29.841041564941406,31.559919357299805,-1.1952896118164062,31.036331176757812,32.93133544921875,33.861026763916016,35.08036804199219,-0.742272675037384,0.4173439145088196,0.05656643584370613
102,true_heuristic_actions,data/latent/train/1781975703598_heuristic_00017.npz,740,-1.4610334634780884,-1.5710034370422363,-0.10473356395959854,35.1820182800293,37.666988372802734,-1.0375704765319824,36.2195930480957,37.72997283935547,40.73583221435547,40.193267822265625,0.8423482179641724,0.35616162419319153,0.05513249337673187
103,true_heuristic_actions,data/latent/train/1781995818312_heuristic_00025.npz,835,5.517142295837402,6.040504455566406,0.4027003049850464,83.4267578125,85.17683410644531,3.536184072494507,79.89057159423828,84.99718475341797,86.69959259033203,89.78421020507812,0.06046083942055702,0.6499999761581421,0.0
104,true_heuristic_actions,data/latent/train/1781995762779_heuristic_00019.npz,388,2.5573267936706543,2.8237056732177734,0.18824703991413116,44.85828399658203,44.29920959472656,1.5544512271881104,43.3038330078125,61.265384674072266,44.01737976074219,51.18287658691406,0.011482167057693005,0.6115963459014893,0.01268542930483818
105,true_heuristic_actions,data/latent/train/1781975648229_heuristic_00011.npz,965,3.838017463684082,4.031877040863037,0.2687917947769165,68.44147491455078,69.61161804199219,3.038738489151001,65.40275573730469,73.44132232666016,73.34464263916016,72.12174224853516,0.04525614529848099,0.550000011920929,0.0
106,true_heuristic_actions,data/latent/train/1781995772209_heuristic_00020.npz,73,15.075722694396973,16.202728271484375,1.0801818370819092,87.69410705566406,86.17623901367188,10.750909805297852,76.94320678710938,93.02784729003906,84.24976348876953,86.55795288085938,-0.10866580158472061,0.560268223285675,0.022191040217876434
107,true_heuristic_actions,data/latent/train/1781995624027_heuristic_00004.npz,787,0.5200521945953369,0.5895988941192627,0.03930659219622612,57.09117126464844,60.486961364746094,0.2681480348110199,56.82301330566406,61.65034866333008,64.32355499267578,62.6826286315918,0.4720143675804138,0.39442309737205505,0.02990945428609848
108,true_heuristic_actions,data/latent/train/1781975759513_heuristic_00023.npz,130,-1.6548621654510498,-1.7738101482391357,-0.11825401335954666,26.351327896118164,27.053789138793945,-1.195388674736023,27.546720504760742,38.81040573120117,29.009140014648438,31.995914459228516,0.8570042252540588,0.3499999940395355,0.04333333298563957
109,true_heuristic_actions,data/latent/train/1781995818312_heuristic_00025.npz,21,-0.774499237537384,-0.8391989469528198,-0.05594659596681595,46.315185546875,46.199947357177734,-0.5324082374572754,46.84759521484375,62.23725128173828,48.928409576416016,53.90864944458008,-0.11633975803852081,0.44999995827674866,0.0
110,true_heuristic_actions,data/latent/train/1781995827249_heuristic_00026.npz,912,-1.667942762374878,-1.7884254455566406,-0.11922836303710938,10.364623069763184,7.883950710296631,-1.202742099761963,11.567363739013672,25.442123413085938,7.6603779792785645,15.943912506103516,-0.6831015944480896,0.38999995589256287,0.03666666895151138
111,true_heuristic_actions,data/latent/train/1781975684660_heuristic_00015.npz,335,5.338142395019531,5.761344909667969,0.3840896487236023,65.12139892578125,67.21965026855469,3.7042274475097656,61.41717529296875,66.6714859008789,69.55120849609375,67.38158416748047,-0.1123298704624176,0.5099999904632568,0.0
112,true_heuristic_actions,data/latent/train/1781996037878_heuristic_00049.npz,245,4.372381687164307,4.699948787689209,0.31332990527153015,40.98820877075195,35.81958770751953,3.094029664993286,37.8941764831543,63.187015533447266,32.677276611328125,48.24903106689453,-0.32547232508659363,0.5222157835960388,0.028385726734995842
113,true_heuristic_actions,data/latent/train/1781975638980_heuristic_00010.npz,275,-1.6567614078521729,-1.7752395868301392,-0.11834930628538132,44.10911560058594,49.097721099853516,-1.198703408241272,45.30780792236328,48.424468994140625,55.6932487487793,46.83974838256836,0.8515300750732422,0.3766666352748871,0.04333333298563957
114,true_heuristic_actions,data/latent/train/1781995827249_heuristic_00026.npz,569,-0.18989519774913788,-0.19571048021316528,-0.013047365471720695,70.26519012451172,73.81393432617188,-0.15099936723709106,70.41619873046875,79.9676742553711,79.43729400634766,77.5337142944336,-0.03473404422402382,0.6359369158744812,0.00020795941236428916
115,true_heuristic_actions,data/latent/train/1781995845712_heuristic_00028.npz,752,-1.225115418434143,-1.3045240640640259,-0.08696827292442322,42.72924041748047,45.40415954589844,-0.9161627888679504,43.64540481567383,45.866119384765625,48.9431037902832,48.30046844482422,-0.2943114638328552,0.4299999475479126,0.0266666691750288
116,true_heuristic_actions,data/latent/train/1781995855626_heuristic_00029.npz,685,-1.405203104019165,-1.5050582885742188,-0.10033722221851349,37.55740737915039,38.70611572265625,-1.0200531482696533,38.57744216918945,43.43571090698242,40.92936325073242,44.22854232788086,-0.18452765047550201,0.5974904894828796,0.01961621828377247
117,true_heuristic_actions,data/latent/train/1781995743605_heuristic_00017.npz,541,-1.6203413009643555,-1.7381885051727295,-0.11587923020124435,31.6074161529541,32.100650787353516,-1.165483832359314,32.772891998291016,39.82274627685547,34.1512336730957,37.83683776855469,0.43847161531448364,0.37777334451675415,0.013013333082199097
118,true_heuristic_actions,data/latent/train/1781975556701_heuristic_00001.npz,528,1.5815380811691284,1.7650359869003296,0.11766906827688217,42.63658142089844,42.12752151489258,0.9089702367782593,41.727622985839844,61.933773040771484,42.79694747924805,48.925106048583984,0.02974572405219078,0.6089643239974976,0.014992399141192436
119,true_heuristic_actions,data/latent/train/1781995954713_heuristic_00040.npz,863,-1.4637333154678345,-1.5678367614746094,-0.1045224517583847,38.22475051879883,39.294288635253906,-1.0610325336456299,39.28578567504883,45.661537170410156,41.49603271484375,45.22929382324219,-0.8793450593948364,0.35573920607566833,0.06530778110027313
120,true_heuristic_actions,data/latent/train/1781995799509_heuristic_00023.npz,222,-1.4773895740509033,-1.5809197425842285,-0.105394646525383,39.36954116821289,40.127071380615234,-1.076629400253296,40.4461784362793,55.7352294921875,42.81684494018555,46.604854583740234,-0.7734406590461731,0.3323235809803009,0.037327349185943604
121,true_heuristic_actions,data/latent/train/1781995772209_heuristic_00020.npz,635,-1.5465608835220337,-1.659693956375122,-0.11064626276493073,27.697256088256836,32.21224594116211,-1.1098477840423584,28.807104110717773,23.580181121826172,37.171932220458984,28.61795425415039,0.06102467328310013,0.6499999761581421,0.0
122,true_heuristic_actions,data/latent/train/1781995772209_heuristic_00020.npz,865,0.018451031297445297,0.03530353680253029,0.0023535690270364285,61.19113540649414,63.467288970947266,-0.04056632146239281,61.231689453125,66.38001251220703,66.92456817626953,68.81661987304688,0.25366348028182983,0.5099999904632568,0.0
123,true_heuristic_actions,data/latent/train/1781995845712_heuristic_00028.npz,295,2.5062334537506104,2.6676409244537354,0.17784272134304047,47.18540954589844,47.28931427001953,1.8678065538406372,45.317604064941406,57.405269622802734,48.96187210083008,51.40009307861328,0.12049201875925064,0.611939013004303,0.01722565107047558
124,true_heuristic_actions,data/latent/train/1781995633130_heuristic_00005.npz,732,1.8377145528793335,1.905208945274353,0.1270139366388321,62.354122161865234,62.98258590698242,1.557529091835022,60.796592712402344,75.41426086425781,66.51395416259766,68.34272003173828,-0.02951722964644432,0.6532215476036072,0.030392145738005638
125,true_heuristic_actions,data/latent/train/1781995818312_heuristic_00025.npz,795,10.166340827941895,11.05357837677002,0.7369052171707153,87.78401947021484,91.01424407958984,6.78237247467041,81.00163269042969,83.8232421875,91.85382080078125,89.01292419433594,0.2493141144514084,0.5899999737739563,0.0
126,true_heuristic_actions,data/latent/train/1781975620542_heuristic_00008.npz,499,-1.603715181350708,-1.7181459665298462,-0.11454306542873383,33.647430419921875,36.28529357910156,-1.161457896232605,34.808876037597656,37.64743423461914,40.03424835205078,37.82765197753906,0.6691188812255859,0.25,0.05000000074505806
127,true_heuristic_actions,data/latent/train/1781995808764_heuristic_00024.npz,483,-1.587896704673767,-1.7022275924682617,-0.11348184198141098,31.44135856628418,31.332996368408203,-1.1467385292053223,32.58809280395508,47.26474380493164,33.530818939208984,37.931053161621094,-0.8534644842147827,0.3684946596622467,0.0523662343621254
128,actor,data/latent/train/1781995836527_heuristic_00027.npz,649,-0.2348949909210205,-0.1677616834640503,-0.011184112168848515,58.299102783203125,64.0731430053711,-0.4312290847301483,58.73031997680664,52.71843338012695,69.1860580444336,62.78209686279297,0.43805643916130066,0.9996632933616638,1.5417734857692267e-06
129,actor,data/latent/train/1781995855626_heuristic_00029.npz,465,-1.2398000955581665,-1.3224050998687744,-0.08816034346818924,44.691219329833984,48.29146957397461,-0.9181237816810608,45.60934829711914,46.4700813293457,53.05879592895508,49.05696105957031,-0.4067124128341675,0.9999952912330627,0.0
130,actor,data/latent/train/1781995963949_heuristic_00041.npz,427,-0.907080352306366,-0.9450055360794067,-0.06300036609172821,52.333980560302734,56.47835922241211,-0.7431378364562988,53.07711410522461,50.669918060302734,60.72186279296875,58.04456329345703,-0.6704927682876587,0.9990831017494202,3.8446982216555625e-05
131,actor,data/latent/train/1781975648229_heuristic_00011.npz,398,-1.3907115459442139,-1.485737681388855,-0.09904918074607849,56.29411315917969,60.4498176574707,-1.0207180976867676,57.3148307800293,58.37192153930664,66.02519989013672,62.08903884887695,-0.46341001987457275,0.9998470544815063,7.549921861027542e-07
132,actor,data/latent/train/1781995669694_heuristic_00009.npz,79,16.878965377807617,18.03575325012207,1.2023835182189941,78.32014465332031,72.5016098022461,12.35246467590332,65.96768188476562,82.08973693847656,67.9430160522461,76.38264465332031,0.34048107266426086,0.9999476075172424,9.338061346397808e-08
133,actor,data/latent/train/1781975731978_heuristic_00020.npz,578,-1.6218719482421875,-1.7365562915802002,-0.11577042192220688,35.652286529541016,39.65774917602539,-1.1777898073196411,36.83007049560547,34.735557556152344,43.76462173461914,39.420265197753906,-0.30654647946357727,0.9997156858444214,2.4815401502564782e-06
134,actor,data/latent/train/1781975694262_heuristic_00016.npz,906,-1.09494948387146,-1.1450587511062622,-0.07633724808692932,51.57200622558594,57.89704132080078,-0.8838272094726562,52.45583724975586,43.15311050415039,63.9998893737793,54.62858581542969,-0.6901552677154541,0.999947726726532,1.728534755329747e-07
135,actor,data/latent/train/1781975574208_heuristic_00003.npz,830,11.872464179992676,12.93190860748291,0.8621272444725037,89.94749450683594,91.48524475097656,7.841874122619629,82.10562133789062,92.95018768310547,89.86644744873047,92.67164611816406,0.0060083032585680485,0.9999903440475464,1.9868215961338365e-09
136,actor,data/latent/train/1781995982334_heuristic_00043.npz,503,-1.5359047651290894,-1.6420879364013672,-0.10947252810001373,45.13515090942383,48.78699493408203,-1.1243985891342163,46.259544372558594,49.35602951049805,53.475921630859375,50.231201171875,-0.14404654502868652,0.9999383091926575,1.3907749973895989e-07
137,actor,data/latent/train/1781996010272_heuristic_00046.npz,407,0.8580452799797058,0.9880778789520264,0.06587185710668564,71.79973602294922,76.6390609741211,0.4151803255081177,71.38455963134766,64.18534088134766,81.51780700683594,77.58789825439453,-0.06903357058763504,0.9997145533561707,9.47713851928711e-06
138,actor,data/latent/train/1781975583574_heuristic_00004.npz,856,-1.5400880575180054,-1.649228572845459,-0.10994856804609299,33.3526496887207,36.602359771728516,-1.117906093597412,34.47055435180664,30.440258026123047,40.17169952392578,37.13423156738281,0.7193968296051025,0.9999799132347107,1.1920929132713809e-08
139,actor,data/latent/train/1781995855626_heuristic_00029.npz,341,-1.1774235963821411,-1.2352358102798462,-0.08234905451536179,50.97605895996094,55.017311096191406,-0.9358243942260742,51.91188430786133,56.12460708618164,59.566165924072266,56.86534881591797,-0.8693200945854187,0.9999276399612427,5.145867589817499e-07
140,actor,data/latent/train/1781975804219_heuristic_00028.npz,807,-0.8867465257644653,-0.9344638586044312,-0.06229759007692337,49.03945541381836,53.20906448364258,-0.6926387548446655,49.73210144042969,51.87334060668945,58.3471794128418,53.33002853393555,-0.5018895268440247,0.9999974370002747,0.0
141,actor,data/latent/train/1781995660611_heuristic_00008.npz,688,-1.668251872062683,-1.7877891063690186,-0.11918593943119049,11.26953411102295,14.501482963562012,-1.2064317464828491,12.47596549987793,3.5908515453338623,17.107463836669922,11.890828132629395,0.994109570980072,0.9999380111694336,0.0
142,actor,data/latent/train/1781995605201_heuristic_00002.npz,107,3.000748634338379,3.3388495445251465,0.22258996963500977,66.62510681152344,70.22413635253906,1.7569926977157593,64.86811828613281,66.31227111816406,72.84862518310547,71.67353820800781,-0.6977883577346802,0.9983823299407959,0.00016460219922009856
143,actor,data/latent/train/1781995845712_heuristic_00028.npz,248,-0.9123854041099548,-0.9459986686706543,-0.06306657940149307,58.17477035522461,63.5523796081543,-0.7649984359741211,58.93976974487305,53.06319046020508,68.44157409667969,63.935848236083984,-0.9943009614944458,0.9996344447135925,1.9045670342165977e-05
144,actor,data/latent/train/1781995772209_heuristic_00020.npz,963,-1.6331331729888916,-1.7489248514175415,-0.11659499257802963,25.320096969604492,31.13479995727539,-1.1849271059036255,26.505022048950195,17.740680694580078,36.84419631958008,24.717777252197266,0.997982919216156,0.9999827146530151,3.973643192267673e-09
145,actor,data/latent/train/1781995614740_heuristic_00003.npz,46,13.74501895904541,14.782764434814453,0.9855176210403442,100.70222473144531,101.69815063476562,9.752511978149414,90.9497299194336,94.57561492919922,101.78438568115234,100.56385803222656,0.0048284768126904964,0.9999969601631165,0.0
146,actor,data/latent/train/1781995697152_heuristic_00012.npz,307,-1.5554250478744507,-1.6663297414779663,-0.11108864843845367,41.737831115722656,46.00002670288086,-1.1272004842758179,42.865028381347656,45.29460144042969,50.72480773925781,46.099979400634766,-0.31966012716293335,0.9999924898147583,3.973643192267673e-09
147,actor,data/latent/train/1781975767951_heuristic_00024.npz,24,2.071384906768799,2.1981730461120605,0.14654487371444702,66.5619125366211,70.45600128173828,1.5905406475067139,64.97138977050781,65.9917221069336,75.2102279663086,70.47559356689453,0.29329565167427063,0.9999873042106628,0.0
148,actor,data/latent/train/1781995762779_heuristic_00019.npz,978,4.3346686363220215,4.7508649826049805,0.31672433018684387,81.00314331054688,84.67259979248047,2.7749857902526855,78.2281494140625,85.59320831298828,87.69503784179688,86.82140350341797,-0.9938088655471802,0.9999882578849792,4.371007378267677e-08
149,actor,data/latent/train/1781975583574_heuristic_00004.npz,951,-1.0767396688461304,-1.133734107017517,-0.07558227330446243,55.446170806884766,60.27391052246094,-0.8441079258918762,56.29027557373047,54.044708251953125,65.67243194580078,60.58790588378906,0.6507538557052612,0.9996974468231201,3.6160150784780853e-07
150,actor,data/latent/train/1781975750371_heuristic_00022.npz,529,-1.0609742403030396,-1.1364037990570068,-0.07576025277376175,51.1488151550293,55.879859924316406,-0.7755526304244995,51.92436599731445,50.2744140625,61.00495147705078,55.843509674072266,-0.0062679448164999485,0.9999922513961792,0.0
151,actor,data/latent/train/1781975657159_heuristic_00012.npz,974,8.391054153442383,9.117040634155273,0.60780268907547,76.99024963378906,80.05458068847656,5.630051612854004,71.36021423339844,72.47264862060547,81.68848419189453,77.65200805664062,-0.2349863201379776,0.9995798468589783,7.198254479590105e-06
152,actor,data/latent/train/1781995651476_heuristic_00007.npz,289,7.5218987464904785,8.187373161315918,0.5458248853683472,75.05195617675781,76.92115783691406,5.014060974121094,70.03787994384766,80.68023681640625,77.67193603515625,78.27568054199219,0.0929822102189064,0.9999992251396179,0.0
153,actor,data/latent/train/1781995865173_heuristic_00030.npz,59,14.624922752380371,15.69509506225586,1.0463396310806274,102.03298950195312,101.51598358154297,10.49089241027832,91.5420913696289,103.33936309814453,101.01033020019531,102.25382995605469,-0.27797096967697144,0.9999933838844299,0.0
154,actor,data/latent/train/1781995845712_heuristic_00028.npz,572,-1.5364348888397217,-1.6453391313552856,-0.10968927294015884,60.685298919677734,65.59088897705078,-1.1147230863571167,61.80000305175781,63.04684066772461,71.5737533569336,67.00178527832031,0.7081336379051208,0.9972286820411682,5.163748937775381e-06
155,actor,data/latent/train/1781995688182_heuristic_00011.npz,241,-1.3123488426208496,-1.3957147598266602,-0.09304764866828918,52.777259826660156,58.110530853271484,-0.9871347546577454,53.76439666748047,50.13978958129883,63.978145599365234,57.07937240600586,-0.5065030455589294,0.9999755620956421,3.5762788286319847e-08
156,actor,data/latent/train/1781975684660_heuristic_00015.npz,371,2.9209911823272705,3.25146484375,0.21676431596279144,71.15111541748047,77.2894287109375,1.7093379497528076,69.44178771972656,69.7930908203125,82.1969985961914,74.23667907714844,0.9957154989242554,0.9999542236328125,1.9868215961338365e-09
157,actor,data/latent/train/1781975574208_heuristic_00003.npz,379,-1.0908364057540894,-1.1462748050689697,-0.07641831785440445,52.02225112915039,56.94203567504883,-0.8635061979293823,52.88575744628906,54.623809814453125,62.340492248535156,56.77604293823242,-0.2996513545513153,0.99985671043396,3.397464638510428e-07
158,actor,data/latent/train/1781995827249_heuristic_00026.npz,911,-1.6042685508728027,-1.717997431755066,-0.11453316360712051,25.65687370300293,28.932104110717773,-1.1636526584625244,26.82052993774414,27.256074905395508,32.69685363769531,28.116134643554688,0.9998767971992493,0.9999805092811584,1.9868215961338365e-09
159,actor,data/latent/train/1781975666230_heuristic_00013.npz,753,0.2891608476638794,0.3896733522415161,0.025978224352002144,61.17447280883789,67.01660919189453,-0.053565360605716705,61.22803497314453,61.21841812133789,72.39090728759766,65.53522491455078,-1.0,0.9999369978904724,3.246466349082766e-06
160,actor,data/latent/train/1781995855626_heuristic_00029.npz,14,-0.039116159081459045,0.0028123408555984497,0.00018748939328361303,64.40753173828125,69.77147674560547,-0.1659611016511917,64.57347106933594,68.99922180175781,75.9382553100586,69.24121856689453,0.30769360065460205,0.999954879283905,2.1855036891338386e-08
161,actor,data/latent/train/1781995827249_heuristic_00026.npz,868,-1.355065941810608,-1.4451743364334106,-0.096344955265522,33.86507034301758,37.69187927246094,-1.0009219646453857,34.865997314453125,32.18681335449219,41.86532211303711,36.81084060668945,0.12625622749328613,0.9992743134498596,1.3226270311861299e-05
162,actor,data/latent/train/1781995892840_heuristic_00033.npz,881,-0.5292668342590332,-0.5040292739868164,-0.033601950854063034,61.22739791870117,65.88296508789062,-0.579135537147522,61.80652618408203,57.18535614013672,71.2513656616211,66.55014038085938,0.07793764770030975,0.9994845986366272,2.483526941432501e-06
163,actor,data/latent/train/1781975740977_heuristic_00021.npz,187,-1.6386361122131348,-1.7563024759292603,-0.11708683520555496,35.32956314086914,38.74124526977539,-1.1841883659362793,36.51375961303711,28.062246322631836,42.729801177978516,38.8409423828125,-0.03555605188012123,0.9999606609344482,9.536743306171047e-08
164,actor,data/latent/train/1781995605201_heuristic_00002.npz,384,-1.350168228149414,-1.4522143602371216,-0.09681428968906403,29.62225914001465,30.557212829589844,-0.957520604133606,30.579784393310547,30.648101806640625,32.32366180419922,34.97593688964844,0.6119811534881592,0.995925784111023,5.284945245875861e-07
165,actor,data/latent/train/1781975740977_heuristic_00021.npz,541,0.9226648807525635,1.0475821495056152,0.06983880698680878,45.245201110839844,47.14493942260742,0.462377667427063,44.78281784057617,53.02610397338867,49.26384353637695,50.34663772583008,0.9999984502792358,0.9999171495437622,3.973643192267673e-09
166,actor,data/latent/train/1781995772209_heuristic_00020.npz,184,-1.3116929531097412,-1.4107755422592163,-0.09405170381069183,22.048479080200195,21.251562118530273,-0.9312155246734619,22.979694366455078,28.61562156677246,21.831829071044922,27.775287628173828,0.22752723097801208,0.9999821782112122,1.5894572769070692e-08
167,actor,data/latent/train/1781995963949_heuristic_00041.npz,116,-0.1144350990653038,-0.14708709716796875,-0.009805806912481785,60.88728713989258,63.907814025878906,0.01834931969642639,60.868953704833984,66.00171661376953,68.83576965332031,66.88935089111328,-0.30449333786964417,0.9999814629554749,2.3841858265427618e-08
168,actor,data/latent/train/1781995753128_heuristic_00018.npz,626,7.507730484008789,7.999885082244873,0.5333256721496582,80.02964782714844,82.49520111083984,5.605536460876465,74.42412567138672,78.79904174804688,85.6847915649414,81.07194519042969,0.6499273777008057,0.9998679757118225,4.371007378267677e-08
169,actor,data/latent/train/1781996000904_heuristic_00045.npz,125,24.594362258911133,26.453765869140625,1.7635843753814697,101.94856262207031,101.15428161621094,17.415142059326172,84.53340911865234,78.16207122802734,95.66073608398438,92.94083404541016,-0.464252769947052,0.9998897314071655,6.278356181610434e-07
170,actor,data/latent/train/1781995855626_heuristic_00029.npz,944,-1.305242896080017,-1.3906880617141724,-0.09271253645420074,52.94398880004883,57.388511657714844,-0.9703561067581177,53.91434097290039,57.58372116088867,62.49580764770508,58.68287658691406,0.7256673574447632,0.9995938539505005,2.1457671550706436e-07
171,actor,data/latent/train/1781995753128_heuristic_00018.npz,1,0.4794718027114868,0.5839282274246216,0.038928549736738205,54.475765228271484,59.72749328613281,0.13963758945465088,54.33612060546875,47.260643005371094,63.653564453125,58.62442398071289,-0.06864940375089645,0.9526157379150391,0.00017260710592381656
172,actor,data/latent/train/1781975657159_heuristic_00012.npz,670,-0.7854446172714233,-0.8181813955307007,-0.05454542487859726,52.21490478515625,55.97012710571289,-0.6475276947021484,52.86245346069336,52.43647003173828,60.41371154785156,57.646671295166016,-0.2912708818912506,0.9999984502792358,0.0
173,actor,data/latent/train/1781995725381_heuristic_00015.npz,730,-1.6336469650268555,-1.7513045072555542,-0.11675363034009933,34.95361328125,39.51111602783203,-1.1793972253799438,36.13301467895508,30.01297378540039,44.456790924072266,37.32686996459961,-0.042154185473918915,0.9999896287918091,1.9868215961338365e-09
174,actor,data/latent/train/1781975684660_heuristic_00015.npz,647,0.34363704919815063,0.4478191137313843,0.029854606837034225,58.24384307861328,62.95602035522461,-0.013721607625484467,58.257564544677734,61.04716110229492,67.48172760009766,63.22479248046875,-0.46138590574264526,0.9999964237213135,0.0
175,actor,data/latent/train/1781995963949_heuristic_00041.npz,967,0.4059058725833893,0.49069464206695557,0.03271297737956047,44.40245819091797,47.851585388183594,0.1013212651014328,44.3011474609375,52.61533737182617,51.262264251708984,48.44655990600586,-0.41507384181022644,0.9999507665634155,1.2516974834397843e-07
176,actor,data/latent/train/1781975583574_heuristic_00004.npz,84,24.706640243530273,26.492403030395508,1.766160249710083,86.43456268310547,81.73987579345703,17.85369300842285,68.58086395263672,85.04727935791016,75.4620361328125,77.00747680664062,-0.9993425011634827,0.9999102354049683,1.3033549066676642e-06
177,actor,data/latent/train/1781995586132_heuristic_00000.npz,642,4.52821159362793,5.093192100524902,0.3395461440086365,54.56874465942383,57.28358459472656,2.4704360961914062,52.098304748535156,56.540767669677734,57.38485336303711,58.311378479003906,-0.8555859923362732,0.9997227787971497,4.059076218254631e-06
178,actor,data/latent/train/1781995991387_heuristic_00044.npz,702,-1.647020697593689,-1.7645573616027832,-0.11763715744018555,25.31477165222168,26.96184730529785,-1.1926500797271729,26.50742530822754,29.293704986572266,29.33599090576172,29.666786193847656,0.9946592450141907,0.9996538162231445,1.6490618293119041e-07
179,actor,data/latent/train/1781975574208_heuristic_00003.npz,619,-1.177428126335144,-1.2497835159301758,-0.08331890404224396,57.54331588745117,64.45597839355469,-0.894695520401001,58.43800735473633,49.91926193237305,71.31670379638672,60.97712707519531,-0.265148788690567,0.999996542930603,0.0
180,actor,data/latent/train/1781995836527_heuristic_00027.npz,292,-1.3420544862747192,-1.4470782279968262,-0.0964718833565712,36.61593246459961,38.64459991455078,-0.9385460019111633,37.55448913574219,40.73503112792969,42.021060943603516,41.502838134765625,0.9998414516448975,0.9999250769615173,4.371007378267677e-08
181,actor,data/latent/train/1781995845712_heuristic_00028.npz,689,5.368985176086426,5.8528242111206055,0.3901882767677307,74.30859375,78.15501403808594,3.5072712898254395,70.80131530761719,72.2763900756836,81.09810638427734,77.13719940185547,-0.4421166181564331,0.999934196472168,2.2848446690204582e-07
182,actor,data/latent/train/1781995799509_heuristic_00023.npz,636,1.2984968423843384,1.4685747623443604,0.0979049876332283,62.00843811035156,65.91415405273438,0.6749452352523804,61.33351135253906,66.78760528564453,69.76040649414062,67.39278411865234,-0.16073761880397797,0.9999956488609314,0.0
183,actor,data/latent/train/1781995725381_heuristic_00015.npz,277,4.301089286804199,4.59611701965332,0.3064078092575073,62.76460647583008,66.93617248535156,3.1665568351745605,59.59804916381836,57.89529800415039,71.2647933959961,63.151275634765625,0.9999847412109375,0.9993836283683777,9.536743306171047e-08
184,actor,data/latent/train/1781975703598_heuristic_00017.npz,156,-1.6427538394927979,-1.761164903640747,-0.11741099506616592,33.68189239501953,36.86851501464844,-1.1855926513671875,34.867488861083984,29.472675323486328,39.8731575012207,38.26050567626953,0.7761730551719666,0.998440682888031,4.6888987981219543e-07
185,actor,data/latent/train/1781975611090_heuristic_00007.npz,842,-1.5035755634307861,-1.6115014553070068,-0.10743343085050583,38.74042510986328,40.80195236206055,-1.086177110671997,39.82659149169922,44.42287826538086,43.86674880981445,44.70310592651367,0.7858018279075623,0.9997660517692566,2.3047128649977822e-07
186,actor,data/latent/train/1781995902344_heuristic_00034.npz,675,10.022525787353516,10.857248306274414,0.7238165736198425,86.67933654785156,88.80976867675781,6.819964408874512,79.85936737060547,83.32406616210938,89.66378784179688,88.03425598144531,0.44896405935287476,0.9996734261512756,9.71555664364132e-07
187,actor,data/latent/train/1781975795046_heuristic_00027.npz,764,-0.4557071328163147,-0.42987489700317383,-0.028658326715230942,46.23466110229492,53.92203903198242,-0.5178114175796509,46.75246810913086,35.472007751464844,59.94978713989258,47.23747253417969,0.7800973057746887,0.9999064803123474,2.3841858265427618e-08
188,actor,data/latent/train/1781975620542_heuristic_00008.npz,658,8.819989204406738,9.554932594299316,0.6369954943656921,84.74407196044922,86.85307312011719,6.021608352661133,78.72245788574219,87.89710998535156,88.12654876708984,87.28672790527344,0.08724428713321686,0.9999963045120239,0.0
189,actor,data/latent/train/1781975713363_heuristic_00018.npz,527,-1.628170371055603,-1.7451575994491577,-0.11634384095668793,42.16929244995117,46.70991134643555,-1.1760615110397339,43.34537124633789,41.02164077758789,51.71063995361328,46.07412338256836,0.35362541675567627,0.9985495209693909,1.7225742112714215e-06
190,actor,data/latent/train/1781995808764_heuristic_00024.npz,621,-1.6015042066574097,-1.7173315286636353,-0.11448876559734344,31.173526763916016,33.8939094543457,-1.1550716161727905,32.32859802246094,25.644451141357422,37.042293548583984,34.99680709838867,0.336825430393219,0.9998831152915955,1.986821445143505e-07
191,actor,data/latent/train/1781995678845_heuristic_00010.npz,722,0.7227942943572998,0.7697126865386963,0.051314178854227066,51.36259841918945,55.34016799926758,0.529504656791687,50.833091735839844,49.24654006958008,60.010826110839844,54.19877624511719,0.9998047947883606,0.9999992251396179,0.0
128,true_heuristic_actions,data/latent/train/1781995836527_heuristic_00027.npz,649,-0.9263356924057007,-0.957412838935852,-0.0638275220990181,48.86732864379883,51.63809585571289,-0.78248131275177,49.649810791015625,52.71843338012695,55.21360397338867,55.158203125,-0.8577794432640076,0.3499999940395355,0.04000000283122063
129,true_heuristic_actions,data/latent/train/1781995855626_heuristic_00029.npz,465,-1.5353118181228638,-1.6510231494903564,-0.11006820946931839,30.19977378845215,26.503358840942383,-1.0911338329315186,31.29091453552246,46.4700813293457,25.561166763305664,40.363834381103516,0.08964908868074417,0.5210325121879578,0.020229196175932884
130,true_heuristic_actions,data/latent/train/1781995963949_heuristic_00041.npz,427,-0.9999906420707703,-1.052659034729004,-0.07017727196216583,51.039894104003906,54.635719299316406,-0.7859392166137695,51.825836181640625,50.669918060302734,58.44736099243164,57.26828384399414,-0.883441686630249,0.3546391725540161,0.05234318599104881
131,true_heuristic_actions,data/latent/train/1781975648229_heuristic_00011.npz,398,-1.4543248414993286,-1.556314468383789,-0.10375429689884186,46.95087432861328,47.71538162231445,-1.0578668117523193,48.00873565673828,58.37192153930664,50.45834732055664,55.21833419799805,0.9058170318603516,0.3499999940395355,0.05000000074505806
132,true_heuristic_actions,data/latent/train/1781995669694_heuristic_00009.npz,79,14.303812980651855,15.239989280700684,1.0159993171691895,72.48542785644531,65.42646789550781,10.638915061950684,61.84650802612305,82.08973693847656,60.248046875,74.14877319335938,-0.30950307846069336,0.46784719824790955,0.008484979160130024
133,true_heuristic_actions,data/latent/train/1781975731978_heuristic_00020.npz,578,-1.634749174118042,-1.751173734664917,-0.11674491316080093,32.2975959777832,35.09852981567383,-1.184540867805481,33.48213195800781,34.735557556152344,38.71072769165039,36.31876754760742,-0.9242709875106812,0.3681800961494446,0.055297255516052246
134,true_heuristic_actions,data/latent/train/1781975694262_heuristic_00016.npz,906,-1.469667911529541,-1.5648833513259888,-0.1043255552649498,49.313411712646484,53.778751373291016,-1.0947046279907227,50.408119201660156,43.15311050415039,58.532596588134766,54.328102111816406,-0.2093372642993927,0.39000001549720764,0.03666666895151138
135,true_heuristic_actions,data/latent/train/1781975574208_heuristic_00003.npz,830,9.18929672241211,10.016077041625977,0.6677384972572327,85.25264739990234,85.96237182617188,6.038127422332764,79.2145004272461,92.95018768310547,84.82853698730469,90.53690338134766,-0.09619498252868652,0.6189686059951782,0.0027717193588614464
136,true_heuristic_actions,data/latent/train/1781995982334_heuristic_00043.npz,503,-1.6523020267486572,-1.770893931388855,-0.11805959790945053,41.765628814697266,44.67314910888672,-1.1941242218017578,42.95976638793945,49.35602951049805,49.00008010864258,47.07172393798828,0.27795475721359253,0.3032683730125427,0.07842044532299042
137,true_heuristic_actions,data/latent/train/1781996010272_heuristic_00046.npz,407,3.3295369148254395,3.720747947692871,0.24804987013339996,68.47639465332031,72.6038589477539,1.9066836833953857,66.56970977783203,64.18534088134766,74.7820053100586,73.64261627197266,0.1382467895746231,0.6137976050376892,0.012385103851556778
138,true_heuristic_actions,data/latent/train/1781975583574_heuristic_00004.npz,856,-1.5771682262420654,-1.690484881401062,-0.112698994576931,31.768787384033203,34.256004333496094,-1.139705777168274,32.90848922729492,30.440258026123047,37.32096481323242,36.0466423034668,0.8624420166015625,0.3499999940395355,0.04333333298563957
139,true_heuristic_actions,data/latent/train/1781995855626_heuristic_00029.npz,341,-1.5365118980407715,-1.642075777053833,-0.10947171598672867,49.95341873168945,54.49541091918945,-1.125889539718628,51.07930374145508,56.12460708618164,60.26520919799805,54.74641418457031,0.9131430983543396,0.3499999940395355,0.05000000074505806
140,true_heuristic_actions,data/latent/train/1781975804219_heuristic_00028.npz,807,-1.4541032314300537,-1.5631122589111328,-0.10420748591423035,37.97616958618164,36.64653396606445,-1.034238338470459,39.01041030883789,51.87334060668945,37.4515495300293,47.13544845581055,-0.38510996103286743,0.38999998569488525,0.030000001192092896
141,true_heuristic_actions,data/latent/train/1781995660611_heuristic_00008.npz,688,-1.6734148263931274,-1.7935436964035034,-0.1195695772767067,3.7708377838134766,4.631079196929932,-1.209423542022705,4.980262279510498,3.5908515453338623,5.061000823974609,6.17567253112793,0.884431004524231,0.38218167424201965,0.052667632699012756
142,true_heuristic_actions,data/latent/train/1781995605201_heuristic_00002.npz,107,3.8336710929870605,4.246526718139648,0.28310176730155945,67.5318603515625,71.23314666748047,2.3054652214050293,65.22640228271484,66.31227111816406,73.51414489746094,71.95099639892578,-0.746315598487854,0.3499999940395355,0.04333333298563957
143,true_heuristic_actions,data/latent/train/1781995845712_heuristic_00028.npz,248,-1.6235175132751465,-1.7404156923294067,-0.11602771282196045,46.29773712158203,50.07121658325195,-1.171791911125183,47.469539642333984,53.06319046020508,55.31390380859375,51.23221206665039,-0.3146381378173828,0.40136808156967163,0.0495462641119957
144,true_heuristic_actions,data/latent/train/1781995772209_heuristic_00020.npz,963,-1.659761905670166,-1.779032588005066,-0.11860217154026031,23.488418579101562,28.42717742919922,-1.1991947889328003,24.68761444091797,17.740680694580078,32.78214645385742,24.35316276550293,0.2790534198284149,0.35973450541496277,0.03989188373088837
145,true_heuristic_actions,data/latent/train/1781995614740_heuristic_00003.npz,46,12.686877250671387,13.609156608581543,0.9072771072387695,93.00650787353516,92.82618713378906,9.113519668579102,83.89299011230469,94.57561492919922,93.0023422241211,93.33792114257812,0.040249601006507874,0.6299999952316284,0.0
146,true_heuristic_actions,data/latent/train/1781995697152_heuristic_00012.npz,307,-1.6140058040618896,-1.73225736618042,-0.1154838278889656,35.032073974609375,34.83297348022461,-1.1580873727798462,36.19017028808594,45.29460144042969,36.34406661987305,42.71321105957031,0.7619832158088684,0.2778696119785309,0.081833615899086
147,true_heuristic_actions,data/latent/train/1781975767951_heuristic_00024.npz,24,1.8045337200164795,1.9134284257888794,0.12756189703941345,59.405086517333984,61.39286804199219,1.3775475025177002,58.02754211425781,65.9917221069336,64.84937286376953,64.42669677734375,-0.05279083922505379,0.5771558284759521,0.03011910989880562
148,true_heuristic_actions,data/latent/train/1781995762779_heuristic_00019.npz,978,4.493715763092041,4.874549388885498,0.32496994733810425,64.6529541015625,61.467529296875,3.03208589553833,61.620880126953125,85.59320831298828,59.96060562133789,74.03440856933594,0.1830497682094574,0.6299999952316284,0.0
149,true_heuristic_actions,data/latent/train/1781975583574_heuristic_00004.npz,951,0.17141662538051605,0.26088786125183105,0.01739252358675003,39.627262115478516,38.21011734008789,-0.12935404479503632,39.756614685058594,54.044708251953125,37.7905387878418,48.288246154785156,-0.5664321184158325,0.37485942244529724,0.03320588916540146
150,true_heuristic_actions,data/latent/train/1781975750371_heuristic_00022.npz,529,-0.8394657969474792,-0.8761979341506958,-0.058413196355104446,41.84732437133789,44.44205093383789,-0.6871477365493774,42.53446960449219,50.2744140625,47.68320846557617,47.39983367919922,-0.5680316686630249,0.3499999940395355,0.01666666753590107
151,true_heuristic_actions,data/latent/train/1781975657159_heuristic_00012.npz,974,8.318663597106934,9.033353805541992,0.6022235751152039,75.74784088134766,78.19573211669922,5.605716705322266,70.14212799072266,72.47264862060547,79.18605041503906,77.15924072265625,-0.36807551980018616,0.45000001788139343,0.0
152,true_heuristic_actions,data/latent/train/1781995651476_heuristic_00007.npz,289,9.203126907348633,10.017366409301758,0.6678244471549988,76.78250885009766,77.65823364257812,6.135706901550293,70.64678955078125,80.68023681640625,76.88068389892578,79.79032135009766,0.48669368028640747,0.3567368686199188,0.01654541864991188
153,true_heuristic_actions,data/latent/train/1781995865173_heuristic_00030.npz,59,13.588652610778809,14.604904174804688,0.9736602902412415,99.8659439086914,100.6029281616211,9.690753936767578,90.17521667480469,103.33936309814453,101.53333282470703,99.40701293945312,-0.005738324020057917,0.584893524646759,0.00047105926205404103
154,true_heuristic_actions,data/latent/train/1781995845712_heuristic_00028.npz,572,-1.407314419746399,-1.5023949146270752,-0.1001596599817276,48.715431213378906,49.81572341918945,-1.0367870330810547,49.7522087097168,63.04684066772461,53.05479431152344,56.821434020996094,-0.029357509687542915,0.5577842593193054,0.027212003245949745
155,true_heuristic_actions,data/latent/train/1781995688182_heuristic_00011.npz,241,-1.607796549797058,-1.7228797674179077,-0.11485864967107773,45.45289993286133,47.44792175292969,-1.163513422012329,46.61641311645508,50.13978958129883,50.70397186279297,52.54222106933594,0.9672783613204956,0.32999998331069946,0.05000000074505806
156,true_heuristic_actions,data/latent/train/1781975684660_heuristic_00015.npz,371,2.930276393890381,3.271724224090576,0.2181149423122406,59.597564697265625,61.96516799926758,1.6745574474334717,57.92301559448242,69.7930908203125,63.579925537109375,65.33024597167969,0.19811715185642242,0.5113990306854248,0.027435345575213432
157,true_heuristic_actions,data/latent/train/1781975574208_heuristic_00003.npz,379,-1.620908498764038,-1.738769769668579,-0.11591798812150955,44.58488845825195,46.94562911987305,-1.1661248207092285,45.751014709472656,54.623809814453125,50.926387786865234,50.98162078857422,0.11421136558055878,0.25226011872291565,0.048075880855321884
158,true_heuristic_actions,data/latent/train/1781995827249_heuristic_00026.npz,911,-1.6629654169082642,-1.7834724187850952,-0.11889816075563431,12.562929153442383,9.594170570373535,-1.197821021080017,13.760750770568848,27.256074905395508,8.4845552444458,19.610042572021484,-0.570932149887085,0.38999998569488525,0.03666666895151138
159,true_heuristic_actions,data/latent/train/1781975666230_heuristic_00013.npz,753,0.8178175687789917,0.9497867822647095,0.0633191168308258,50.06989288330078,52.49018096923828,0.340455561876297,49.72943878173828,61.21841812133789,55.3035888671875,55.562774658203125,0.2824968993663788,0.5099999904632568,0.010000000707805157
160,true_heuristic_actions,data/latent/train/1781995855626_heuristic_00029.npz,14,-0.8593814969062805,-0.9003442525863647,-0.060022950172424316,53.05623245239258,55.52301025390625,-0.6840952634811401,53.740325927734375,68.99922180175781,60.342220306396484,59.36569595336914,0.12845171988010406,0.6209033131599426,0.004519467707723379
161,true_heuristic_actions,data/latent/train/1781995827249_heuristic_00026.npz,868,-1.4593942165374756,-1.566359519958496,-0.10442396998405457,27.04552459716797,27.258691787719727,-1.0475611686706543,28.093093872070312,32.18681335449219,27.91591453552246,33.67347717285156,-0.4727247953414917,0.40453341603279114,0.024690067395567894
162,true_heuristic_actions,data/latent/train/1781995892840_heuristic_00033.npz,881,-1.1428024768829346,-1.207534909248352,-0.08050232380628586,58.454368591308594,61.77389144897461,-0.8833866119384766,59.33776092529297,57.18535614013672,66.10175323486328,65.63009643554688,-0.18908129632472992,0.5785034894943237,0.0018202165374532342
163,true_heuristic_actions,data/latent/train/1781975740977_heuristic_00021.npz,187,-1.5961450338363647,-1.7082325220108032,-0.1138821691274643,26.025501251220703,26.90172576904297,-1.161986231803894,27.187488555908203,28.062246322631836,28.503620147705078,31.28337860107422,-0.945766806602478,0.2967722713947296,0.0573134571313858
164,true_heuristic_actions,data/latent/train/1781995605201_heuristic_00002.npz,384,-1.3759353160858154,-1.4869033098220825,-0.0991268903017044,25.763809204101562,27.871667861938477,-0.9504017233848572,26.71421241760254,30.648101806640625,31.47451400756836,28.419864654541016,-0.11733453720808029,0.6019359827041626,0.000731827924028039
165,true_heuristic_actions,data/latent/train/1781975740977_heuristic_00021.npz,541,-0.4234459698200226,-0.44068098068237305,-0.029378732666373253,33.02954864501953,31.746028900146484,-0.35607221722602844,33.3856201171875,53.02610397338867,32.76907730102539,39.95426940917969,-0.059493955224752426,0.6331823468208313,0.005346636287868023
166,true_heuristic_actions,data/latent/train/1781995772209_heuristic_00020.npz,184,-1.3816457986831665,-1.4866013526916504,-0.09910675883293152,22.55919647216797,22.34052276611328,-0.9782121181488037,23.537405014038086,28.61562156677246,23.389577865600586,27.854827880859375,-0.19469384849071503,0.5874153971672058,0.015245821326971054
167,true_heuristic_actions,data/latent/train/1781995963949_heuristic_00041.npz,116,-0.4450698792934418,-0.5131556987762451,-0.03421038016676903,57.02396011352539,58.771385192871094,-0.1782037615776062,57.20216751098633,66.00171661376953,62.813716888427734,64.12681579589844,0.9184867739677429,0.3499999940395355,0.05000000074505806
168,true_heuristic_actions,data/latent/train/1781995753128_heuristic_00018.npz,626,6.830231189727783,7.276211261749268,0.485080748796463,68.93821716308594,68.82980346679688,5.111164569854736,63.82706069946289,78.79904174804688,70.54686737060547,71.39143371582031,0.17815862596035004,0.5286508798599243,0.0177390668541193
169,true_heuristic_actions,data/latent/train/1781996000904_heuristic_00045.npz,125,28.792844772338867,31.041641235351562,2.0694427490234375,100.40491485595703,99.06110382080078,20.149730682373047,80.25521087646484,78.16207122802734,91.50320434570312,87.89330291748047,-0.36666250228881836,0.44897907972335815,0.0035791771952062845
170,true_heuristic_actions,data/latent/train/1781995855626_heuristic_00029.npz,944,-1.1346464157104492,-1.2138071060180664,-0.08092047274112701,33.464046478271484,31.607460021972656,-0.8314281105995178,34.29547119140625,57.58372116088867,33.06098937988281,41.228450775146484,-0.23162724077701569,0.60999995470047,0.0
171,true_heuristic_actions,data/latent/train/1781995753128_heuristic_00018.npz,1,4.032426834106445,4.493720054626465,0.2995813488960266,56.63861083984375,61.27417755126953,2.3165183067321777,54.32209014892578,47.260643005371094,62.3134880065918,59.59049987792969,-0.33860570192337036,0.5099999904632568,0.006666666828095913
172,true_heuristic_actions,data/latent/train/1781975657159_heuristic_00012.npz,670,-1.2378140687942505,-1.3245168924331665,-0.08830112963914871,52.022300720214844,55.53208923339844,-0.9046105742454529,52.92689514160156,52.43647003173828,59.97566604614258,58.08378601074219,0.7279418110847473,0.3499999940395355,0.04000000283122063
173,true_heuristic_actions,data/latent/train/1781995725381_heuristic_00015.npz,730,-1.6335588693618774,-1.7513959407806396,-0.11675973236560822,32.584957122802734,36.268798828125,-1.1786772012710571,33.76362991333008,30.01297378540039,40.36102294921875,35.72416687011719,-0.12931662797927856,0.41563859581947327,0.029113614931702614
174,true_heuristic_actions,data/latent/train/1781975684660_heuristic_00015.npz,647,-1.274904727935791,-1.3510874509811401,-0.09007249772548676,53.35378646850586,56.69791030883789,-0.969980776309967,54.32376480102539,61.04716110229492,61.40074157714844,59.85813903808594,0.6847571134567261,0.3700000047683716,0.04000000283122063
175,true_heuristic_actions,data/latent/train/1781995963949_heuristic_00041.npz,967,-0.5674195885658264,-0.6118531227111816,-0.04079020768404007,40.7783203125,42.16465377807617,-0.4042346477508545,41.18254852294922,52.61533737182617,44.65388107299805,46.9738655090332,0.1888338029384613,0.5402612090110779,0.01639050990343094
176,true_heuristic_actions,data/latent/train/1781975583574_heuristic_00004.npz,84,21.668819427490234,22.993976593017578,1.5329318046569824,75.3453140258789,66.18102264404297,16.461795806884766,58.88350296020508,85.04727935791016,59.518795013427734,69.65562438964844,-0.2890044152736664,0.5163846015930176,0.008205199614167213
177,true_heuristic_actions,data/latent/train/1781995586132_heuristic_00000.npz,642,-0.5276061296463013,-0.5561820268630981,-0.03707880154252052,47.11161804199219,47.953792572021484,-0.41976335644721985,47.5313835144043,56.540767669677734,50.57719421386719,54.159523010253906,0.4827536344528198,0.46005383133888245,0.028301486745476723
178,true_heuristic_actions,data/latent/train/1781995991387_heuristic_00044.npz,702,-1.6648931503295898,-1.7841997146606445,-0.11894664913415909,20.425853729248047,20.640108108520508,-1.2040084600448608,21.629858016967773,29.293704986572266,22.492755889892578,24.88839340209961,-0.9557913541793823,0.3499999940395355,0.05000000074505806
179,true_heuristic_actions,data/latent/train/1781975574208_heuristic_00003.npz,619,-1.5715816020965576,-1.6841182708740234,-0.11227454990148544,53.38695526123047,58.12787628173828,-1.137054681777954,54.52401351928711,49.91926193237305,63.75508117675781,58.43817138671875,0.7878007292747498,0.3446037471294403,0.05209208279848099
180,true_heuristic_actions,data/latent/train/1781995836527_heuristic_00027.npz,292,-1.123562216758728,-1.204155445098877,-0.08027703315019608,26.63035774230957,25.511930465698242,-0.8132914304733276,27.44365119934082,40.73503112792969,26.06348991394043,33.488746643066406,-0.8232914209365845,0.2776755392551422,0.07246408611536026
181,true_heuristic_actions,data/latent/train/1781995845712_heuristic_00028.npz,689,-0.13954153656959534,-0.1451283097267151,-0.009675220586359501,54.177696228027344,52.788387298583984,-0.11459143459796906,54.29227828979492,72.2763900756836,54.040287017822266,64.3506088256836,-0.37635236978530884,0.49827301502227783,0.0205168966203928
182,true_heuristic_actions,data/latent/train/1781995799509_heuristic_00023.npz,636,2.154337167739868,2.4083075523376465,0.16055384278297424,61.45640182495117,65.07975769042969,1.220662236213684,60.23575210571289,66.78760528564453,68.5156478881836,66.08857727050781,0.8053383231163025,0.3499999940395355,0.04333333671092987
183,true_heuristic_actions,data/latent/train/1781995725381_heuristic_00015.npz,277,7.826033115386963,8.34912109375,0.5566080808639526,44.52375793457031,39.44398880004883,5.749731540679932,38.774017333984375,57.89529800415039,35.93635177612305,47.723358154296875,-0.30577027797698975,0.5099999904632568,0.006666666828095913
184,true_heuristic_actions,data/latent/train/1781975703598_heuristic_00017.npz,156,-1.6563054323196411,-1.7758936882019043,-0.11839291453361511,22.450653076171875,22.600011825561523,-1.1947640180587769,23.64542007446289,29.472675323486328,22.950340270996094,28.958778381347656,0.850983202457428,0.3700000047683716,0.04333333298563957
185,true_heuristic_actions,data/latent/train/1781975611090_heuristic_00007.npz,842,-1.5643401145935059,-1.675304651260376,-0.11168697476387024,41.083824157714844,44.536170959472656,-1.134899377822876,42.218719482421875,44.42287826538086,48.9415168762207,45.74824523925781,-0.9345797300338745,0.3656468689441681,0.05542673170566559
186,true_heuristic_actions,data/latent/train/1781995902344_heuristic_00034.npz,675,8.423230171203613,9.063239097595215,0.6042159199714661,74.36344146728516,71.13414764404297,5.92611026763916,68.43733978271484,83.32406616210938,68.64167022705078,80.71951293945312,-0.28872251510620117,0.559884786605835,0.022634688764810562
187,true_heuristic_actions,data/latent/train/1781975795046_heuristic_00027.npz,764,-1.4195504188537598,-1.516308307647705,-0.10108722001314163,34.143646240234375,37.80894088745117,-1.0434157848358154,35.187068939208984,35.472007751464844,41.81754684448242,37.62544631958008,0.25926098227500916,0.5299999713897705,0.0
188,true_heuristic_actions,data/latent/train/1781975620542_heuristic_00008.npz,658,8.106986999511719,8.785005569458008,0.5856670141220093,84.9258041381836,87.77149963378906,5.544788360595703,79.38101196289062,87.89710998535156,89.84843444824219,87.46492004394531,-0.06706099212169647,0.6149452328681946,0.007051707245409489
189,true_heuristic_actions,data/latent/train/1781975713363_heuristic_00018.npz,527,-1.6529664993286133,-1.7727744579315186,-0.11818496137857437,26.688329696655273,26.640438079833984,-1.1905913352966309,27.87892723083496,41.02164077758789,27.84210968017578,33.45304870605469,0.688550591468811,0.39000001549720764,0.04000000283122063
190,true_heuristic_actions,data/latent/train/1781995808764_heuristic_00024.npz,621,-1.6276237964630127,-1.7458992004394531,-0.11639328300952911,19.76809310913086,18.32887840270996,-1.1716680526733398,20.93976402282715,25.644451141357422,18.201473236083984,26.322261810302734,0.25684410333633423,0.5861948728561401,0.01346618589013815
191,true_heuristic_actions,data/latent/train/1781995678845_heuristic_00010.npz,722,-0.5363180637359619,-0.5843263864517212,-0.038955092430114746,41.816795349121094,43.59125900268555,-0.35714733600616455,42.173946380615234,49.24654006958008,47.2303581237793,46.50981140136719,-0.18124526739120483,0.6220402121543884,0.00964791513979435
192,actor,data/latent/train/1781995918104_heuristic_00036.npz,455,-1.3526164293289185,-1.432937741279602,-0.09552918374538422,53.04175567626953,58.1951789855957,-1.0317302942276,54.07349395751953,53.820438385009766,63.99653244018555,57.744056701660156,-0.4583279490470886,0.9999035000801086,3.397464638510428e-07
193,actor,data/latent/train/1781975574208_heuristic_00003.npz,597,-1.4190630912780762,-1.507150650024414,-0.1004767119884491,50.44607925415039,55.21185302734375,-1.0692336559295654,51.51532745361328,52.32199478149414,60.744258880615234,55.161922454833984,-0.7517549991607666,0.999900758266449,5.861123213435349e-07
194,actor,data/latent/train/1781995651476_heuristic_00007.npz,10,5.758481979370117,5.952445030212402,0.39682966470718384,53.84551239013672,52.16933059692383,4.928828239440918,48.91669845581055,58.14754104614258,53.97945022583008,54.74878692626953,0.39574578404426575,0.999752938747406,1.3991197192808613e-05
195,actor,data/latent/train/1781995743605_heuristic_00017.npz,94,5.658943176269531,5.917232513427734,0.39448216557502747,52.6656494140625,49.94100570678711,4.577064514160156,48.08858871459961,58.76913833618164,50.06184387207031,55.57205581665039,-0.15062624216079712,0.9996601343154907,2.4278958790091565e-06
196,actor,data/latent/train/1781995715968_heuristic_00014.npz,949,5.157791614532471,5.64208984375,0.3761393129825592,53.486610412597656,55.20627975463867,3.3281660079956055,50.158451080322266,60.47719192504883,55.32155227661133,56.688621520996094,-0.9996005892753601,0.9996891021728516,8.058547791733872e-06
197,actor,data/latent/train/1781995836527_heuristic_00027.npz,640,-1.5754714012145996,-1.6846774816513062,-0.11231183260679245,43.67366409301758,47.644466400146484,-1.1512445211410522,44.824913024902344,41.200687408447266,52.34228515625,48.09843444824219,-0.716945230960846,0.9980574250221252,7.40329414838925e-05
198,actor,data/latent/train/1781975601594_heuristic_00006.npz,263,0.3106653392314911,0.38111698627471924,0.02540779858827591,52.190799713134766,54.63611602783203,0.05559013783931732,52.13520050048828,63.71738052368164,57.68400955200195,58.54703140258789,-0.011486428789794445,0.9999995827674866,0.0
199,actor,data/latent/train/1781995892840_heuristic_00033.npz,628,-0.8849480152130127,-0.9518915414810181,-0.06345943361520767,36.935054779052734,38.42827224731445,-0.6302952170372009,37.565338134765625,47.237648010253906,41.38275146484375,42.17716979980469,0.7154631018638611,0.999975323677063,1.9868215961338365e-09
200,actor,data/latent/train/1781975684660_heuristic_00015.npz,125,-1.4048688411712646,-1.4973375797271729,-0.0998225063085556,55.61771774291992,60.78577423095703,-1.044946551322937,56.66267395019531,54.18861770629883,66.65596771240234,60.668575286865234,-0.18856629729270935,0.999954879283905,9.934107225717526e-08
201,actor,data/latent/train/1781995595407_heuristic_00001.npz,275,-1.5353991985321045,-1.651475429534912,-0.11009836196899414,35.24061965942383,39.144187927246094,-1.0889558792114258,36.32957077026367,33.96866226196289,43.30242156982422,38.746185302734375,0.7308576703071594,0.9999879002571106,1.9868215961338365e-09
202,actor,data/latent/train/1781995669694_heuristic_00009.npz,751,6.188886642456055,6.7879486083984375,0.4525299072265625,60.9408073425293,65.42047882080078,3.9540162086486816,56.98679733276367,48.93142318725586,67.58992767333984,60.31368637084961,0.9999153017997742,0.9999997615814209,0.0
203,actor,data/latent/train/1781975611090_heuristic_00007.npz,225,-1.28101646900177,-1.36155366897583,-0.09077024459838867,38.624393463134766,41.10654067993164,-0.9616014957427979,39.586002349853516,43.010929107666016,44.15998458862305,44.156517028808594,0.21047887206077576,0.9997381567955017,8.583068620282575e-07
204,actor,data/latent/train/1781995624027_heuristic_00004.npz,548,0.23632009327411652,0.2619004249572754,0.01746002770960331,48.52393341064453,49.560970306396484,0.13527041673660278,48.388671875,44.040245056152344,51.43865203857422,54.810577392578125,0.20818069577217102,0.9998716115951538,6.039937261448358e-07
205,actor,data/latent/train/1781995669694_heuristic_00009.npz,96,11.791792869567871,12.689462661743164,0.8459641933441162,90.31853485107422,93.2550277709961,8.349884986877441,81.9686508178711,77.7107162475586,94.33262634277344,89.15668487548828,-0.8109725713729858,0.9996582269668579,1.8298625946044922e-05
206,actor,data/latent/train/1781996019435_heuristic_00047.npz,343,1.3690974712371826,1.411190390586853,0.09407936036586761,45.75096893310547,45.4962158203125,1.168803334236145,44.58216857910156,52.21269607543945,47.1671028137207,51.069244384765625,-0.03608475252985954,0.9995272159576416,8.314847946166992e-06
207,actor,data/latent/train/1781995790154_heuristic_00022.npz,61,15.083314895629883,16.097782135009766,1.0731854438781738,96.47456359863281,92.49150085449219,11.120016098022461,85.35454559326172,107.03884887695312,90.61182403564453,97.5545654296875,-0.1607644110918045,0.9999892115592957,5.9604645663569045e-09
208,actor,data/latent/train/1781995642283_heuristic_00006.npz,669,-1.2169603109359741,-1.2904075384140015,-0.08602716773748398,53.677146911621094,57.996299743652344,-0.924653947353363,54.601802825927734,57.467647552490234,63.75094985961914,58.614078521728516,1.0,0.9999365210533142,0.0
209,actor,data/latent/train/1781975556701_heuristic_00001.npz,541,-1.0909016132354736,-1.1564213037490845,-0.07709475606679916,44.26985168457031,48.975406646728516,-0.8310479521751404,45.10089874267578,39.18059158325195,53.27602767944336,48.4041633605957,-0.8906415700912476,0.9997718334197998,8.94467029866064e-06
210,actor,data/latent/train/1781995715968_heuristic_00014.npz,100,9.667335510253906,10.443614959716797,0.696241021156311,82.54547119140625,85.28350067138672,6.708869934082031,75.83661651611328,75.13548278808594,86.76937103271484,82.59916687011719,-0.40376827120780945,0.9986740350723267,6.955067510716617e-05
211,actor,data/latent/train/1781975722846_heuristic_00019.npz,966,4.521154403686523,4.948526382446289,0.3299017548561096,77.56397247314453,81.47606658935547,2.906503200531006,74.6574935913086,76.22937774658203,84.41512298583984,82.19538879394531,0.18036909401416779,0.9999961853027344,0.0
212,actor,data/latent/train/1781975547656_heuristic_00000.npz,309,-1.5467826128005981,-1.6545227766036987,-0.11030151695013046,51.29692077636719,56.824684143066406,-1.1279555559158325,52.42488479614258,54.89157485961914,63.05019760131836,55.59815216064453,0.08771785348653793,0.9999986886978149,0.0
213,actor,data/latent/train/1781995982334_heuristic_00043.npz,396,-1.549532413482666,-1.6609090566635132,-0.11072727292776108,48.40582275390625,54.48869323730469,-1.119321584701538,49.52515411376953,39.96688461303711,60.75865936279297,51.32903289794922,0.31665536761283875,0.9999946355819702,0.0
214,actor,data/latent/train/1781995734609_heuristic_00016.npz,815,9.58488655090332,10.253902435302734,0.6835935115814209,81.5969009399414,82.46939849853516,6.995454788208008,74.6014633178711,81.59880065917969,83.5352554321289,82.78556060791016,0.5878855586051941,0.9999927878379822,1.9868215961338365e-09
215,actor,data/latent/train/1781975657159_heuristic_00012.npz,545,-1.1413300037384033,-1.203056812286377,-0.08020378649234772,48.344478607177734,52.30160140991211,-0.890553891658783,49.23503112792969,51.66635513305664,57.130611419677734,53.25300216674805,-0.6132278442382812,0.9998200535774231,1.1563300859052106e-06
216,actor,data/latent/train/1781995963949_heuristic_00041.npz,761,-1.4135960340499878,-1.5055983066558838,-0.10037322342395782,12.560136795043945,14.949966430664062,-1.0521715879440308,13.612310409545898,13.441813468933105,17.721900939941406,13.458558082580566,0.9798593521118164,0.9999898672103882,0.0
217,actor,data/latent/train/1781995605201_heuristic_00002.npz,965,2.9850451946258545,3.211458683013916,0.21409724652767181,64.7820816040039,68.75962829589844,2.1266584396362305,62.655399322509766,64.1326675415039,72.98406219482422,67.69835662841797,0.9890574216842651,0.999975323677063,1.9868215961338365e-09
218,actor,data/latent/train/1781975629865_heuristic_00009.npz,551,-1.673521637916565,-1.793653130531311,-0.11957687884569168,7.101042747497559,6.962667942047119,-1.2096089124679565,8.310649871826172,8.7313814163208,7.093653202056885,10.66539192199707,0.9714587926864624,0.9999578595161438,1.9868215961338365e-09
219,actor,data/latent/train/1781995762779_heuristic_00019.npz,182,11.724161148071289,12.6953125,0.8463541865348816,100.7403793334961,101.01606750488281,7.989159107208252,92.75122833251953,103.4742202758789,99.62042236328125,105.60206604003906,-0.08098149299621582,0.9999950528144836,0.0
220,actor,data/latent/train/1781975731978_heuristic_00020.npz,981,3.038099765777588,3.3250365257263184,0.22166910767555237,55.03718566894531,56.23810958862305,1.9613083600997925,53.07587432861328,60.695220947265625,57.4693489074707,60.08134841918945,-0.15046635270118713,0.9998501539230347,8.622805012237222e-07
221,actor,data/latent/train/1781975638980_heuristic_00010.npz,601,16.00410270690918,17.19281768798828,1.1461879014968872,91.962890625,88.92456817626953,11.408936500549316,80.55394744873047,93.47106170654297,84.83231353759766,92.80992889404297,0.00959792174398899,0.9999889135360718,0.0
222,actor,data/latent/train/1781996010272_heuristic_00046.npz,45,12.643484115600586,13.657312393188477,0.9104874730110168,90.13212585449219,91.24903869628906,8.770339965820312,81.3617935180664,86.48407745361328,91.0666275024414,89.87948608398438,0.23055709898471832,0.9999975562095642,0.0
223,actor,data/latent/train/1781975574208_heuristic_00003.npz,493,-1.6586964130401611,-1.7771340608596802,-0.11847560107707977,38.54889678955078,43.81056594848633,-1.2008272409439087,39.74972915649414,32.4962158203125,48.74100875854492,41.54161071777344,0.2942553162574768,0.9994432926177979,4.7504900066996925e-06
224,actor,data/latent/train/1781995595407_heuristic_00001.npz,465,4.180294513702393,4.67317533493042,0.3115450143814087,64.85411834716797,65.64100646972656,2.3826093673706055,62.47153091430664,72.22834014892578,65.27029418945312,72.09008026123047,-0.5658782720565796,0.9999893307685852,9.934107758624577e-09
225,actor,data/latent/train/1781995660611_heuristic_00008.npz,527,-1.6758445501327515,-1.7961090803146362,-0.11974060535430908,1.1819148063659668,0.35436710715293884,-1.211369276046753,2.3932840824127197,0.4363382160663605,-0.10396680980920792,4.221404075622559,0.999799370765686,0.9999495148658752,1.9868215961338365e-09
226,actor,data/latent/train/1781975795046_heuristic_00027.npz,462,-1.6434779167175293,-1.7619080543518066,-0.11746053397655487,42.7198600769043,46.73275375366211,-1.185966968536377,43.905826568603516,42.18990707397461,51.29225540161133,47.344627380371094,0.9948748350143433,0.9992288947105408,4.112720546345372e-07
227,actor,data/latent/train/1781995911953_heuristic_00035.npz,844,1.113309621810913,1.3182735443115234,0.08788490295410156,63.14158630371094,68.02259063720703,0.40037184953689575,62.741214752197266,58.23018264770508,72.37959289550781,67.65904235839844,0.12987640500068665,0.9980109333992004,4.6829383791191503e-05
228,actor,data/latent/train/1781995633130_heuristic_00005.npz,261,-1.5952949523925781,-1.7068305015563965,-0.11378870159387589,45.4920539855957,49.58749771118164,-1.1622368097305298,46.65430450439453,45.15458679199219,54.153316497802734,50.57187271118164,0.9999857544898987,0.9995295405387878,7.748603536583687e-08
229,actor,data/latent/train/1781996028648_heuristic_00048.npz,525,-0.19639718532562256,-0.1637132167816162,-0.010914214886724949,66.53099060058594,71.54886627197266,-0.29909569025039673,66.830078125,65.72911834716797,76.97101593017578,72.54522705078125,0.27295616269111633,0.999885618686676,4.311402506118611e-07
230,actor,data/latent/train/1781996037878_heuristic_00049.npz,801,-1.6258628368377686,-1.7428535223007202,-0.11619023233652115,32.00115966796875,35.375587463378906,-1.1743425130844116,33.175514221191406,31.859115600585938,39.00100326538086,35.74399185180664,0.15434715151786804,0.9999866485595703,0.0
231,actor,data/latent/train/1781975583574_heuristic_00004.npz,151,-1.6101199388504028,-1.725927472114563,-0.11506183445453644,49.92654037475586,53.02632522583008,-1.1626251935958862,51.08916091918945,55.159236907958984,57.80753707885742,56.02301025390625,0.9236334562301636,0.998596727848053,2.0239751393091865e-05
232,actor,data/latent/train/1781995973433_heuristic_00042.npz,160,5.596521854400635,5.871340751647949,0.39142271876335144,50.708106994628906,48.3553581237793,4.455399513244629,46.25270462036133,61.001346588134766,48.06669235229492,54.02730178833008,-0.2808907926082611,0.9997743964195251,1.6152858961504535e-06
233,actor,data/latent/train/1781975750371_heuristic_00022.npz,106,0.5053658485412598,0.5944503545761108,0.03963002189993858,60.97292709350586,64.86042022705078,0.18806442618370056,60.784854888916016,66.97110748291016,69.2165756225586,66.73660278320312,0.5225465893745422,0.9999436736106873,4.7683716530855236e-08
234,actor,data/latent/train/1781995743605_heuristic_00017.npz,129,0.24185796082019806,0.3248401880264282,0.021656012162566185,65.49420166015625,69.94694519042969,-0.043147481977939606,65.537353515625,67.25724029541016,74.68338775634766,71.70409393310547,0.23475541174411774,0.9998947978019714,4.0332477624360763e-07
235,actor,data/latent/train/1781975675666_heuristic_00014.npz,385,-0.5730032920837402,-0.578689455986023,-0.038579296320676804,66.5468521118164,71.93824768066406,-0.5361161231994629,67.08297729492188,69.53108978271484,78.08012390136719,72.4474105834961,-0.1039181724190712,0.9999799728393555,1.9868215517249155e-08
236,actor,data/latent/train/1781975785803_heuristic_00026.npz,537,0.36320677399635315,0.3864560127258301,0.025763733312487602,64.4831771850586,69.82617950439453,0.2565732002258301,64.22660064697266,63.19178009033203,75.68826293945312,68.84217834472656,-0.18166688084602356,0.9999935626983643,0.0
237,actor,data/latent/train/1781995772209_heuristic_00020.npz,769,-1.6725643873214722,-1.792582631111145,-0.11950550973415375,10.945878028869629,13.211882591247559,-1.2090522050857544,12.154928207397461,-2.5158681869506836,15.035536766052246,12.138036727905273,0.7836952209472656,0.9999234676361084,1.9868215961338365e-09
238,actor,data/latent/train/1781975694262_heuristic_00016.npz,739,-1.619781494140625,-1.734830617904663,-0.11565537750720978,39.1963005065918,42.04447937011719,-1.174899697303772,40.37120056152344,43.54940414428711,46.23280715942383,43.93610382080078,0.011994179338216782,0.9999581575393677,7.549921576810448e-08
239,actor,data/latent/train/1781995911953_heuristic_00035.npz,839,-1.38020658493042,-1.4786957502365112,-0.09857971966266632,30.567646026611328,30.75615692138672,-0.9991651177406311,31.566814422607422,39.377037048339844,32.2590217590332,36.97853088378906,0.9999942779541016,0.9985471367835999,5.491574484040029e-06
240,actor,data/latent/train/1781995963949_heuristic_00041.npz,350,-1.0100328922271729,-1.0981779098510742,-0.07321186363697052,55.15513229370117,58.67540740966797,-0.6771370768547058,55.832271575927734,54.6531982421875,63.40493392944336,61.12675476074219,0.3105693459510803,0.9999996423721313,0.0
241,actor,data/latent/train/1781996028648_heuristic_00048.npz,289,-1.4962751865386963,-1.6007639169692993,-0.10671759396791458,35.092098236083984,38.085960388183594,-1.0910823345184326,36.18318176269531,38.37169647216797,42.09481430053711,39.02252197265625,0.9996252655982971,0.9999982714653015,0.0
242,actor,data/latent/train/1781995688182_heuristic_00011.npz,27,7.6359405517578125,8.199187278747559,0.5466125011444092,83.49406433105469,86.32477569580078,5.473925590515137,78.0201416015625,78.2799301147461,88.58096313476562,85.77816772460938,-0.001638861489482224,0.9999985098838806,0.0
243,actor,data/latent/train/1781996019435_heuristic_00047.npz,767,-0.5348049998283386,-0.5691923499107361,-0.03794615715742111,62.507659912109375,68.3291015625,-0.40088123083114624,62.90854263305664,58.14298629760742,75.31438446044922,66.14429473876953,0.16266056895256042,0.9999948740005493,0.0
244,actor,data/latent/train/1781995605201_heuristic_00002.npz,173,-1.5025572776794434,-1.6055585145950317,-0.10703723132610321,48.414005279541016,53.47450256347656,-1.1015663146972656,49.51557159423828,46.17363739013672,59.460418701171875,52.05555725097656,0.9997255802154541,0.9999679327011108,0.0
245,actor,data/latent/train/1781996000904_heuristic_00045.npz,553,0.21172305941581726,0.3060145378112793,0.020400969311594963,63.89255905151367,71.59658813476562,-0.10182468593120575,63.99439239501953,54.63777542114258,78.21916961669922,66.69739532470703,-0.17940956354141235,0.9999927282333374,1.9868215961338365e-09
246,actor,data/latent/train/1781995954713_heuristic_00040.npz,351,-1.6093136072158813,-1.723917007446289,-0.11492779850959778,39.85538101196289,43.94172286987305,-1.1657408475875854,41.02112579345703,38.969886779785156,49.43980026245117,42.748443603515625,0.34550079703330994,0.9998465180397034,1.5695890454026085e-07
247,actor,data/latent/train/1781975785803_heuristic_00026.npz,323,-1.4436886310577393,-1.5510623455047607,-0.10340415686368942,49.266387939453125,53.15568161010742,-1.0304317474365234,50.29682922363281,48.912513732910156,58.03640365600586,54.50187683105469,0.219980850815773,0.9999869465827942,9.934107758624577e-09
248,actor,data/latent/train/1781995927298_heuristic_00037.npz,320,-1.4102951288223267,-1.5124199390411377,-0.10082799941301346,32.43503952026367,36.24467086791992,-1.016266107559204,33.4512939453125,29.802310943603516,40.54934310913086,34.98042678833008,0.22215639054775238,0.9999644756317139,3.3775965135873776e-08
249,actor,data/latent/train/1781975565096_heuristic_00002.npz,875,-1.508413314819336,-1.6207592487335205,-0.10805061459541321,39.28792953491211,41.59212875366211,-1.0757354497909546,40.36366271972656,41.9997673034668,45.13888168334961,44.59332275390625,0.9996843338012695,0.9984995722770691,9.139378676081833e-07
250,actor,data/latent/train/1781975657159_heuristic_00012.npz,938,-0.9584018588066101,-1.0192316770553589,-0.06794878095388412,41.58915328979492,44.3112678527832,-0.7197424173355103,42.30889892578125,48.87625503540039,48.153892517089844,46.48015213012695,-0.3561747372150421,0.9999977350234985,0.0
251,actor,data/latent/train/1781995991387_heuristic_00044.npz,178,-1.627090334892273,-1.7433691024780273,-0.11622460931539536,42.31993103027344,46.060081481933594,-1.1774481534957886,43.497379302978516,41.9470329284668,50.34022903442383,47.203643798828125,0.8755281567573547,0.9992334842681885,3.814697322468419e-07
252,actor,data/latent/train/1781996010272_heuristic_00046.npz,661,6.0813517570495605,6.533623218536377,0.43557488918304443,74.42999267578125,76.24284362792969,4.305177211761475,70.12483215332031,78.68404388427734,77.60710906982422,78.81301879882812,0.6041332483291626,0.9994624853134155,2.582867963951685e-08
253,actor,data/latent/train/1781995808764_heuristic_00024.npz,927,0.5071681141853333,0.5736221075057983,0.03824147209525108,68.07852172851562,73.75399017333984,0.25640568137168884,67.82211303710938,68.32096099853516,80.00934600830078,72.49087524414062,0.02603170834481716,0.9999971985816956,0.0
254,actor,data/latent/train/1781995633130_heuristic_00005.npz,737,0.3466711640357971,0.35158729553222656,0.023439152166247368,45.89399337768555,46.84376525878906,0.3250176012516022,45.56898880004883,54.10036849975586,49.44308090209961,51.51078796386719,0.2586889863014221,0.9996597170829773,4.17232506322307e-08
255,actor,data/latent/train/1781995660611_heuristic_00008.npz,313,-1.584342122077942,-1.694002628326416,-0.11293350905179977,44.07332229614258,47.94044494628906,-1.1582543849945068,45.23157501220703,41.507755279541016,52.62992477416992,48.595947265625,-0.7942526936531067,0.9991118311882019,3.154079240630381e-05
192,true_heuristic_actions,data/latent/train/1781995918104_heuristic_00036.npz,455,-1.6415106058120728,-1.7582210302352905,-0.11721473187208176,46.687896728515625,49.34054183959961,-1.190041184425354,47.877933502197266,53.820438385009766,53.40599822998047,53.20756530761719,0.5666517019271851,0.25,0.05000000074505806
193,true_heuristic_actions,data/latent/train/1781975574208_heuristic_00003.npz,597,-1.6225433349609375,-1.737717628479004,-0.11584784090518951,43.325660705566406,45.55250549316406,-1.1769871711730957,44.50263977050781,52.32199478149414,49.30965042114258,49.691043853759766,0.8180056214332581,0.3709700405597687,0.04936809837818146
194,true_heuristic_actions,data/latent/train/1781995651476_heuristic_00007.npz,10,4.399171829223633,4.445298671722412,0.2963532507419586,47.10936737060547,42.95302963256836,4.141505241394043,42.967864990234375,58.14754104614258,43.88414764404297,50.25494384765625,-0.055090442299842834,0.5958177447319031,0.01641932502388954
195,true_heuristic_actions,data/latent/train/1781995743605_heuristic_00017.npz,94,7.08091402053833,7.487630844116211,0.49917539954185486,54.29643630981445,51.68939208984375,5.463526725769043,48.83291244506836,58.76913833618164,51.029258728027344,56.347251892089844,-0.6275714635848999,0.3271292448043823,0.03946559876203537
196,true_heuristic_actions,data/latent/train/1781995715968_heuristic_00014.npz,949,2.2469050884246826,2.3603453636169434,0.1573563516139984,49.839637756347656,51.28083801269531,1.7658284902572632,48.073814392089844,60.47719192504883,54.039852142333984,53.59990310668945,0.03793928772211075,0.6499999761581421,0.0
197,true_heuristic_actions,data/latent/train/1781995836527_heuristic_00027.npz,640,-1.5966544151306152,-1.708710789680481,-0.11391405016183853,42.08182907104492,45.64103317260742,-1.1624329090118408,43.2442626953125,41.200687408447266,49.956722259521484,46.81367874145508,-0.9756609201431274,0.3499999940395355,0.05000000074505806
198,true_heuristic_actions,data/latent/train/1781975601594_heuristic_00006.npz,263,0.1499706208705902,0.21195781230926514,0.01413052063435316,53.42343521118164,55.82854461669922,-0.06414292752742767,53.487586975097656,63.71738052368164,59.13457107543945,59.845603942871094,0.6099348664283752,0.3752599060535431,0.036332301795482635
199,true_heuristic_actions,data/latent/train/1781995892840_heuristic_00033.npz,628,-1.0703896284103394,-1.1541372537612915,-0.07694248110055923,38.48301696777344,41.98693084716797,-0.7506141066551208,39.2336540222168,47.237648010253906,47.415863037109375,41.11669158935547,-0.13394314050674438,0.665541410446167,0.003815691452473402
200,true_heuristic_actions,data/latent/train/1781975684660_heuristic_00015.npz,125,-1.6294400691986084,-1.7446589469909668,-0.11631059646606445,53.902103424072266,58.77879333496094,-1.1831629276275635,55.08525466918945,54.18861770629883,64.57197570800781,59.1566162109375,0.14870353043079376,0.25,0.05000000074505806
201,true_heuristic_actions,data/latent/train/1781995595407_heuristic_00001.npz,275,-1.4249857664108276,-1.5312575101852417,-0.10208383202552795,16.278884887695312,14.772143363952637,-1.0175120830535889,17.296398162841797,33.96866226196289,15.1770658493042,22.01150131225586,-0.9789096713066101,0.2566666603088379,0.05000000074505806
202,true_heuristic_actions,data/latent/train/1781995669694_heuristic_00009.npz,751,1.3468648195266724,1.444006323814392,0.09626708924770355,51.84626007080078,54.2890510559082,0.9763477444648743,50.86991500854492,48.93142318725586,57.37470626831055,55.84794998168945,-0.06728695333003998,0.6455545425415039,0.016959941014647484
203,true_heuristic_actions,data/latent/train/1781975611090_heuristic_00007.npz,225,-1.4473493099212646,-1.5469094514846802,-0.10312729328870773,36.953094482421875,39.01080322265625,-1.060280680656433,38.01337432861328,43.010929107666016,42.23202133178711,42.33366775512695,-0.9786099195480347,0.3499999940395355,0.05000000074505806
204,true_heuristic_actions,data/latent/train/1781995624027_heuristic_00004.npz,548,-0.4544118344783783,-0.49753105640411377,-0.0331687368452549,52.84322738647461,57.26752853393555,-0.2956068813800812,53.13883972167969,44.040245056152344,62.20100021362305,56.80278396606445,0.29442915320396423,0.4233333170413971,0.02666666731238365
205,true_heuristic_actions,data/latent/train/1781995669694_heuristic_00009.npz,96,13.385917663574219,14.429250717163086,0.9619500637054443,88.02019500732422,90.02994537353516,9.398270606994629,78.62193298339844,77.7107162475586,89.9467544555664,85.8045883178711,-0.33408719301223755,0.41084498167037964,0.014111828058958054
206,true_heuristic_actions,data/latent/train/1781996019435_heuristic_00047.npz,343,1.3924450874328613,1.4495841264724731,0.09663894027471542,43.09002685546875,41.80624008178711,1.1473133563995361,41.94272232055664,52.21269607543945,42.29193878173828,49.49195861816406,-0.594799816608429,0.3662737011909485,0.037380676716566086
207,true_heuristic_actions,data/latent/train/1781995790154_heuristic_00022.npz,61,16.481788635253906,17.65215301513672,1.1768101453781128,101.67855072021484,99.94392395019531,11.946821212768555,89.73174285888672,107.03884887695312,98.52861785888672,100.76861572265625,-0.04160955175757408,0.6206457614898682,0.00980865303426981
208,true_heuristic_actions,data/latent/train/1781995642283_heuristic_00006.npz,669,-1.5759954452514648,-1.6892917156219482,-0.11261944472789764,38.530967712402344,37.37211608886719,-1.1385653018951416,39.66954040527344,57.467647552490234,38.86989974975586,47.43661117553711,0.4797450304031372,0.43979403376579285,0.006915060803294182
209,true_heuristic_actions,data/latent/train/1781975556701_heuristic_00001.npz,541,-0.7805251479148865,-0.8115439414978027,-0.054102931171655655,36.95018768310547,39.77811813354492,-0.6445775032043457,37.59477615356445,39.18059158325195,42.880001068115234,41.257545471191406,-0.19795210659503937,0.5489643812179565,0.014992399141192436
210,true_heuristic_actions,data/latent/train/1781995715968_heuristic_00014.npz,100,11.663565635681152,12.621832847595215,0.8414555191993713,84.46699523925781,87.19251251220703,8.020654678344727,76.44633483886719,75.13548278808594,87.54036712646484,83.36639404296875,-0.4346282184123993,0.3700000047683716,0.0
211,true_heuristic_actions,data/latent/train/1781975722846_heuristic_00019.npz,966,5.8689069747924805,6.459123134613037,0.43060821294784546,79.97478485107422,84.61366271972656,3.6699090003967285,76.30489349365234,76.22937774658203,87.2171859741211,83.35916137695312,0.2918578088283539,0.6499999761581421,0.0
212,true_heuristic_actions,data/latent/train/1781975547656_heuristic_00000.npz,309,-1.6056950092315674,-1.721494197845459,-0.11476627737283707,47.710174560546875,51.47426223754883,-1.158348560333252,48.86852264404297,54.89157485961914,56.1434326171875,53.59586715698242,0.42036524415016174,0.28316977620124817,0.0593237541615963
213,true_heuristic_actions,data/latent/train/1781995982334_heuristic_00043.npz,396,-1.5648187398910522,-1.6760660409927368,-0.11173773556947708,45.4990348815918,50.578651428222656,-1.1341370344161987,46.633174896240234,39.96688461303711,56.21638107299805,48.88411331176758,0.14446906745433807,0.25,0.05000000074505806
214,true_heuristic_actions,data/latent/train/1781995734609_heuristic_00016.npz,815,9.935053825378418,10.665505409240723,0.7110337018966675,78.57494354248047,79.30044555664062,7.123208045959473,71.45175170898438,81.59880065917969,80.23662567138672,79.02333068847656,0.12756222486495972,0.6499999761581421,0.0
215,true_heuristic_actions,data/latent/train/1781975657159_heuristic_00012.npz,545,-1.3494820594787598,-1.4412825107574463,-0.09608550369739532,44.2329216003418,46.738319396972656,-0.9930288195610046,45.2259521484375,51.66635513305664,50.35451126098633,50.44869613647461,0.9025265574455261,0.37754929065704346,0.048222318291664124
216,true_heuristic_actions,data/latent/train/1781995963949_heuristic_00041.npz,761,-1.640258550643921,-1.7595324516296387,-0.11730216443538666,9.21704387664795,9.578780174255371,-1.180167317390442,10.397211074829102,13.441813468933105,10.91578197479248,11.838765144348145,-0.3942101299762726,0.3956141173839569,0.03420710191130638
217,true_heuristic_actions,data/latent/train/1781995605201_heuristic_00002.npz,965,2.344583749771118,2.457101583480835,0.1638067662715912,58.30265808105469,60.44927215576172,1.8634272813796997,56.439231872558594,64.1326675415039,64.23326110839844,61.98321533203125,0.40253207087516785,0.4899999797344208,0.013333333656191826
218,true_heuristic_actions,data/latent/train/1781975629865_heuristic_00009.npz,551,-1.6793566942214966,-1.8000391721725464,-0.1200026124715805,-4.230215072631836,-8.077364921569824,-1.213347315788269,-3.016868829727173,8.7313814163208,-11.09096622467041,1.8632961511611938,0.7865893244743347,0.3333120346069336,0.07649821788072586
219,true_heuristic_actions,data/latent/train/1781995762779_heuristic_00019.npz,182,12.545205116271973,13.599848747253418,0.9066565632820129,102.36023712158203,102.75920867919922,8.501551628112793,93.85868835449219,103.4742202758789,101.03345489501953,106.66991424560547,0.027959609404206276,0.6580171585083008,0.010404426604509354
220,true_heuristic_actions,data/latent/train/1781975731978_heuristic_00020.npz,981,1.707924485206604,1.8892840147018433,0.12595227360725403,52.79353332519531,55.273136138916016,1.0400320291519165,51.75349807739258,60.695220947265625,57.84184646606445,57.70009994506836,0.0018467723857611418,0.5863712430000305,0.04995237663388252
221,true_heuristic_actions,data/latent/train/1781975638980_heuristic_00010.npz,601,16.983596801757812,18.29277229309082,1.2195181846618652,93.4507064819336,91.82618713378906,11.954864501953125,81.49583435058594,93.47106170654297,88.32190704345703,92.31382751464844,-0.032083507627248764,0.6140291690826416,0.01093965582549572
222,true_heuristic_actions,data/latent/train/1781996010272_heuristic_00046.npz,45,13.257478713989258,14.336409568786621,0.955760657787323,93.99581909179688,96.49068450927734,9.136483192443848,84.85934448242188,86.48407745361328,96.76253509521484,92.75303649902344,0.12920443713665009,0.6499999761581421,0.0
223,true_heuristic_actions,data/latent/train/1781975574208_heuristic_00003.npz,493,-1.6645448207855225,-1.7836229801177979,-0.11890819668769836,36.429969787597656,40.169986724853516,-1.2043970823287964,37.634368896484375,32.4962158203125,44.05036926269531,40.50114440917969,-0.949691116809845,0.3499999940395355,0.05000000074505806
224,true_heuristic_actions,data/latent/train/1781995595407_heuristic_00001.npz,465,-0.2704015374183655,-0.3006264567375183,-0.02004176378250122,63.850074768066406,65.94239044189453,-0.154054656624794,64.00413513183594,72.22834014892578,70.22279357910156,71.63632202148438,0.15442180633544922,0.60999995470047,0.0
225,true_heuristic_actions,data/latent/train/1781995660611_heuristic_00008.npz,527,-1.6783860921859741,-1.798933744430542,-0.11992891877889633,-7.536040782928467,-11.006775856018066,-1.2128686904907227,-6.3231706619262695,0.4363382160663605,-13.581742286682129,-2.9255480766296387,0.9524427056312561,0.3499999940395355,0.05000000074505806
226,true_heuristic_actions,data/latent/train/1781975795046_heuristic_00027.npz,462,-1.644532561302185,-1.76217782497406,-0.11747851967811584,34.01664352416992,35.50304412841797,-1.1898070573806763,35.20645523071289,42.18990707397461,38.32185745239258,39.7575798034668,-0.9556375741958618,0.37329787015914917,0.06389936059713364
227,true_heuristic_actions,data/latent/train/1781995911953_heuristic_00035.npz,844,0.2436065971851349,0.3291027545928955,0.021940182894468307,55.614219665527344,56.6049919128418,-0.05361931398510933,55.66783142089844,58.23018264770508,57.66905212402344,64.571533203125,-0.03379169479012489,0.6408592462539673,0.0010300499852746725
228,true_heuristic_actions,data/latent/train/1781995633130_heuristic_00005.npz,261,-1.6686965227127075,-1.7886890172958374,-0.11924593150615692,28.791357040405273,29.161314010620117,-1.2052867412567139,29.996641159057617,45.15458679199219,31.902565002441406,34.24774932861328,-0.9633563756942749,0.3499999940395355,0.05000000074505806
229,true_heuristic_actions,data/latent/train/1781996028648_heuristic_00048.npz,525,1.5885456800460815,1.8283884525299072,0.12189256399869919,59.293521881103516,60.95143127441406,0.7339224219322205,58.55958938598633,65.72911834716797,62.18960952758789,67.04618835449219,-0.5109522938728333,0.4294688403606415,0.045041441917419434
230,true_heuristic_actions,data/latent/train/1781996037878_heuristic_00049.npz,801,-1.6035220623016357,-1.7173398733139038,-0.11448932439088821,30.488727569580078,33.6170768737793,-1.1631704568862915,31.65189552307129,31.859115600585938,37.61492919921875,33.580074310302734,0.6439464092254639,0.4100000262260437,0.03333333507180214
231,true_heuristic_actions,data/latent/train/1781975583574_heuristic_00004.npz,151,-1.5825910568237305,-1.697109341621399,-0.11314062029123306,46.65004348754883,48.69682693481445,-1.141050100326538,47.79109191894531,55.159236907958984,52.80813980102539,53.1536865234375,0.3459206819534302,0.37174996733665466,0.03907743841409683
232,true_heuristic_actions,data/latent/train/1781995973433_heuristic_00042.npz,160,5.275511741638184,5.54754638671875,0.3698364198207855,52.2540168762207,51.9693603515625,4.170027732849121,48.083988189697266,61.001346588134766,52.678314208984375,54.86821746826172,-0.5701671838760376,0.429999977350235,0.020000001415610313
233,true_heuristic_actions,data/latent/train/1781975750371_heuristic_00022.npz,106,3.26326060295105,3.5917582511901855,0.23945054411888123,50.20072555541992,48.07874298095703,2.0184555053710938,48.18227005004883,66.97110748291016,46.67111587524414,58.0217170715332,-0.30239954590797424,0.5339270830154419,0.0014601676957681775
234,true_heuristic_actions,data/latent/train/1781995743605_heuristic_00017.npz,129,2.1899170875549316,2.494664192199707,0.16631095111370087,57.835914611816406,58.629581451416016,1.0991036891937256,56.7368049621582,67.25724029541016,58.8886833190918,65.87289428710938,-0.5585789084434509,0.4023730456829071,0.034668922424316406
235,true_heuristic_actions,data/latent/train/1781975675666_heuristic_00014.npz,385,-1.3273035287857056,-1.4152475595474243,-0.09434983879327774,60.74421691894531,63.82188415527344,-0.9829386472702026,61.72714614868164,69.53108978271484,68.82301330566406,68.45956420898438,0.967602550983429,0.3499999940395355,0.05000000074505806
236,true_heuristic_actions,data/latent/train/1781975785803_heuristic_00026.npz,537,0.8982922434806824,1.0222591161727905,0.0681506097316742,54.405025482177734,56.93732833862305,0.44463270902633667,53.96039581298828,63.19178009033203,59.531524658203125,60.73338317871094,-0.6777985095977783,0.3499999940395355,0.023333335295319557
237,true_heuristic_actions,data/latent/train/1781995772209_heuristic_00020.npz,769,-1.6755526065826416,-1.795857310295105,-0.11972381919622421,3.42160701751709,3.0512375831604004,-1.2109408378601074,4.632547855377197,-2.5158681869506836,2.559263229370117,6.5727105140686035,0.7601138353347778,0.33773690462112427,0.06355003267526627
238,true_heuristic_actions,data/latent/train/1781975694262_heuristic_00016.npz,739,-1.6272114515304565,-1.7423747777938843,-0.11615832149982452,29.568872451782227,29.134798049926758,-1.1814905405044556,30.750364303588867,43.54940414428711,30.359989166259766,36.814186096191406,-0.7981857061386108,0.3835523724555969,0.05492653697729111
239,true_heuristic_actions,data/latent/train/1781995911953_heuristic_00035.npz,839,-1.5247647762298584,-1.637160062789917,-0.10914400219917297,21.847078323364258,17.375322341918945,-1.0911805629730225,22.93825912475586,39.377037048339844,15.279684066772461,31.907115936279297,-0.08685365319252014,0.6499999761581421,0.0
240,true_heuristic_actions,data/latent/train/1781995963949_heuristic_00041.npz,350,-0.8177363276481628,-0.8677244186401367,-0.05784829333424568,49.264251708984375,51.52474594116211,-0.6195772290229797,49.883827209472656,54.6531982421875,55.1837043762207,55.54499816894531,-0.38181814551353455,0.4699999988079071,0.0
241,true_heuristic_actions,data/latent/train/1781996028648_heuristic_00048.npz,289,-1.623358130455017,-1.7399404048919678,-0.11599602550268173,26.698040008544922,26.970457077026367,-1.1729971170425415,27.871034622192383,38.37169647216797,28.929473876953125,32.338134765625,0.4188964068889618,0.25,0.05000000074505806
242,true_heuristic_actions,data/latent/train/1781995688182_heuristic_00011.npz,27,8.788326263427734,9.478754043579102,0.6319169402122498,85.74885559082031,89.49600219726562,6.150211334228516,79.5986328125,78.2799301147461,92.13397979736328,86.19453430175781,0.11997408419847488,0.6499999761581421,0.0
243,true_heuristic_actions,data/latent/train/1781996019435_heuristic_00047.npz,767,-1.0659505128860474,-1.1414742469787598,-0.07609828561544418,58.116573333740234,62.77791976928711,-0.7752573490142822,58.89183044433594,58.14298629760742,68.4410171508789,63.558990478515625,-0.1692347377538681,0.60999995470047,0.0
244,true_heuristic_actions,data/latent/train/1781995605201_heuristic_00002.npz,173,-1.6155922412872314,-1.7315115928649902,-0.11543410271406174,42.22217559814453,44.98765563964844,-1.1677755117416382,43.38994216918945,46.17363739013672,49.41109085083008,47.23158645629883,0.652617871761322,0.37744107842445374,0.0540471076965332
245,true_heuristic_actions,data/latent/train/1781996000904_heuristic_00045.npz,553,-1.3064920902252197,-1.3935303688049316,-0.09290202707052231,52.571529388427734,56.12776184082031,-0.9691201448440552,53.5406494140625,54.63777542114258,59.91202926635742,59.707550048828125,0.6229971647262573,0.4100000262260437,0.02666666731238365
246,true_heuristic_actions,data/latent/train/1781995954713_heuristic_00040.npz,351,-1.6477329730987549,-1.7667087316513062,-0.11778058111667633,15.861358642578125,11.93073844909668,-1.1885547637939453,17.049917221069336,38.969886779785156,10.713839530944824,24.223670959472656,0.6082720160484314,0.3385859727859497,0.031486865133047104
247,true_heuristic_actions,data/latent/train/1781975785803_heuristic_00026.npz,323,-0.7530933618545532,-0.7893815040588379,-0.05262543261051178,37.758018493652344,37.419960021972656,-0.6043680310249329,38.362388610839844,48.912513732910156,38.24740219116211,45.64091491699219,-0.7633073329925537,0.3869871199131012,0.055055759847164154
248,true_heuristic_actions,data/latent/train/1781995927298_heuristic_00037.npz,320,-1.4356708526611328,-1.5388190746307373,-0.10258793830871582,35.413787841796875,40.77185821533203,-1.0363143682479858,36.45009994506836,29.802310943603516,45.81975173950195,37.394081115722656,-0.5651673078536987,0.42997822165489197,0.05181543529033661
249,true_heuristic_actions,data/latent/train/1781975565096_heuristic_00002.npz,875,-1.5970401763916016,-1.7147095203399658,-0.11431396752595901,17.58657455444336,13.806331634521484,-1.1436775922775269,18.730257034301758,41.9997673034668,12.864113807678223,25.956222534179688,-0.7114102840423584,0.25,0.05000000074505806
250,true_heuristic_actions,data/latent/train/1781975657159_heuristic_00012.npz,938,-1.4003621339797974,-1.5078692436218262,-0.10052461922168732,40.14020538330078,41.21482849121094,-0.9871110320091248,41.1273078918457,48.87625503540039,44.12867736816406,46.66706466674805,0.005428421311080456,0.45176219940185547,0.0026134054642170668
251,true_heuristic_actions,data/latent/train/1781995991387_heuristic_00044.npz,178,-1.6414390802383423,-1.758409857749939,-0.11722732335329056,37.461055755615234,39.47377395629883,-1.1891391277313232,38.65019607543945,41.9470329284668,42.57389450073242,43.2531623840332,-0.970059335231781,0.3499999940395355,0.05000000074505806
252,true_heuristic_actions,data/latent/train/1781996010272_heuristic_00046.npz,661,5.561172008514404,5.989962577819824,0.39933082461357117,71.02765655517578,73.49726104736328,3.893718957901001,67.13394927978516,78.68404388427734,76.25039672851562,73.9762954711914,0.043328285217285156,0.6749668717384338,0.01880996860563755
253,true_heuristic_actions,data/latent/train/1781995808764_heuristic_00024.npz,927,-0.9133381247520447,-0.9879627227783203,-0.0658641830086708,60.01493835449219,62.118282318115234,-0.6321895122528076,60.64712142944336,68.32096099853516,65.81317901611328,68.63279724121094,0.14237767457962036,0.6273043751716614,0.029543962329626083
254,true_heuristic_actions,data/latent/train/1781995633130_heuristic_00005.npz,737,-0.5312963128089905,-0.6010254621505737,-0.0400683656334877,41.28807067871094,42.45668411254883,-0.2685762643814087,41.55664825439453,54.10036849975586,45.55715560913086,46.91480255126953,-0.039353545755147934,0.6532215476036072,0.030392145738005638
255,true_heuristic_actions,data/latent/train/1781995660611_heuristic_00008.npz,313,-1.6687694787979126,-1.7887580394744873,-0.11925053596496582,33.167579650878906,33.912837982177734,-1.2053273916244507,34.372901916503906,41.507755279541016,36.325618743896484,39.318748474121094,-0.5043963193893433,0.3766666650772095,0.04000000283122063
256,actor,data/latent/train/1781995642283_heuristic_00006.npz,705,-1.5796940326690674,-1.6923984289169312,-0.11282656341791153,26.866008758544922,28.706758499145508,-1.1435790061950684,28.009580612182617,35.97994613647461,31.46010971069336,31.279590606689453,0.8959100842475891,0.9968211054801941,4.927317149849841e-07
257,actor,data/latent/train/1781995808764_heuristic_00024.npz,974,5.287099838256836,5.803205490112305,0.38688036799430847,68.51625061035156,72.5635757446289,3.3571321964263916,65.15911102294922,64.70604705810547,75.25247192382812,70.48908233642578,0.9999477863311768,0.9999945163726807,0.0
258,actor,data/latent/train/1781975638980_heuristic_00010.npz,979,3.613628387451172,3.934591054916382,0.2623060643672943,67.37950897216797,71.63947296142578,2.4024720191955566,64.97704315185547,64.0763168334961,75.15106201171875,70.53821563720703,0.4994505047798157,0.9998180270195007,9.338061346397808e-08
259,actor,data/latent/train/1781975601594_heuristic_00006.npz,459,-1.6067824363708496,-1.719771146774292,-0.11465141177177429,27.037933349609375,30.47541618347168,-1.1690073013305664,28.206941604614258,23.775123596191406,33.91509246826172,29.833314895629883,0.9586915373802185,0.9993850588798523,2.8212863867338456e-07
260,actor,data/latent/train/1781975556701_heuristic_00001.npz,147,-1.474086880683899,-1.576095461845398,-0.10507302731275558,37.78824996948242,40.68081283569336,-1.0777087211608887,38.86595153808594,39.2003288269043,44.485923767089844,42.32952117919922,0.9960671067237854,0.9982309937477112,7.232030156956171e-07
261,actor,data/latent/train/1781975703598_heuristic_00017.npz,343,2.5785727500915527,2.751924514770508,0.18346163630485535,66.7198486328125,71.5718994140625,1.907612919807434,64.81221771240234,59.12894058227539,76.43494415283203,69.3381576538086,-0.47796007990837097,0.9998760223388672,8.761882668295584e-07
262,actor,data/latent/train/1781995855626_heuristic_00029.npz,219,-1.0605841875076294,-1.124184012413025,-0.0749455988407135,44.23039245605469,49.99606704711914,-0.8096861243247986,45.04007339477539,40.00040054321289,55.68242263793945,46.660430908203125,0.8416511416435242,0.9997235536575317,2.404053986992949e-07
263,actor,data/latent/train/1781995781052_heuristic_00021.npz,943,-1.495619773864746,-1.594148874282837,-0.10627659410238266,51.814334869384766,56.7873649597168,-1.1097495555877686,52.9240837097168,51.785343170166016,62.42692565917969,56.640281677246094,-0.41251450777053833,0.9999446868896484,1.370906801412275e-07
264,actor,data/latent/train/1781995734609_heuristic_00016.npz,567,-0.9488322734832764,-1.0271306037902832,-0.06847537308931351,32.980873107910156,34.197994232177734,-0.6516109704971313,33.63249969482422,40.36846923828125,36.148277282714844,38.59614944458008,0.9137069582939148,0.9963235855102539,5.245208853921213e-07
265,actor,data/latent/train/1781995688182_heuristic_00011.npz,883,-1.6180164813995361,-1.73208487033844,-0.11547232419252396,44.253944396972656,49.51921463012695,-1.1764342784881592,45.430381774902344,38.57598114013672,55.117183685302734,47.50077438354492,-0.487507700920105,0.9999018907546997,4.6491624061673065e-07
266,actor,data/latent/train/1781996010272_heuristic_00046.npz,562,2.5394418239593506,2.887230396270752,0.19248202443122864,86.41827392578125,92.51223754882812,1.313206672668457,85.10504913330078,75.5177230834961,97.47754669189453,92.19297790527344,0.243803471326828,0.9998432397842407,5.900859605389996e-07
267,actor,data/latent/train/1781975629865_heuristic_00009.npz,746,0.3638228178024292,0.4445871114730835,0.029639141634106636,65.3261947631836,70.710693359375,0.08459705114364624,65.2416000366211,60.73984146118164,76.0788345336914,70.1495361328125,0.3588066101074219,0.999686062335968,2.211332230217522e-06
268,actor,data/latent/train/1781975776928_heuristic_00025.npz,456,-1.4592665433883667,-1.559859275817871,-0.10399062186479568,46.69685363769531,51.02474594116211,-1.0698299407958984,47.76667785644531,43.83323287963867,56.57680130004883,50.47614288330078,0.22209186851978302,0.999660849571228,7.355213256232673e-06
269,actor,data/latent/train/1781995954713_heuristic_00040.npz,918,1.1386559009552002,1.263161540031433,0.08421076834201813,47.19300842285156,48.297218322753906,0.6874779462814331,46.505531311035156,53.1843376159668,49.8745002746582,52.97068405151367,-0.24665988981723785,0.9990660548210144,1.312096901529003e-05
270,actor,data/latent/train/1781995624027_heuristic_00004.npz,686,-1.6260302066802979,-1.7428135871887207,-0.11618757247924805,36.93389892578125,39.264827728271484,-1.1747488975524902,38.10865020751953,40.29590606689453,42.54220199584961,42.306453704833984,0.6353231072425842,0.9997640252113342,1.4702478665640228e-06
271,actor,data/latent/train/1781995772209_heuristic_00020.npz,29,9.380974769592285,10.110876083374023,0.6740583777427673,89.23194885253906,92.13907623291016,6.573153018951416,82.65880584716797,83.4602279663086,94.31362915039062,90.24649047851562,-0.07421980053186417,0.9999985098838806,0.0
272,actor,data/latent/train/1781975759513_heuristic_00023.npz,241,-1.3642146587371826,-1.4566012620925903,-0.09710674732923508,58.62301254272461,63.66692352294922,-1.0035874843597412,59.62661361694336,57.977413177490234,69.57913208007812,64.19822692871094,0.5026695728302002,0.999083936214447,3.703435368151986e-06
273,actor,data/latent/train/1781995605201_heuristic_00002.npz,622,-1.6540066003799438,-1.7720729112625122,-0.11813819408416748,27.76714515686035,30.244558334350586,-1.197575330734253,28.9647216796875,26.029399871826172,32.922359466552734,31.824893951416016,0.8994104862213135,0.9980932474136353,9.00030158845766e-07
274,actor,data/latent/train/1781996037878_heuristic_00049.npz,234,-1.4063012599945068,-1.5041396617889404,-0.10027597844600677,55.71855163574219,59.53759002685547,-1.0267345905303955,56.74528884887695,58.253875732421875,64.78691864013672,61.863887786865234,-0.10086648166179657,0.999862015247345,5.642572773467691e-07
275,actor,data/latent/train/1781995734609_heuristic_00016.npz,781,3.556536912918091,3.848613977432251,0.25657427310943604,73.66128540039062,76.21919250488281,2.4276065826416016,71.23368835449219,78.4703598022461,79.33696746826172,79.19611358642578,-0.002702947473153472,0.9999874234199524,5.9604645663569045e-09
276,actor,data/latent/train/1781995954713_heuristic_00040.npz,205,-1.6412187814712524,-1.759333610534668,-0.11728890985250473,32.73296356201172,36.796321868896484,-1.1851844787597656,33.91815948486328,28.578569412231445,41.3370475769043,35.25576400756836,0.23009419441223145,0.9999982118606567,0.0
277,actor,data/latent/train/1781995651476_heuristic_00007.npz,110,0.5168415307998657,0.5243065357208252,0.0349537692964077,55.3923225402832,60.080623626708984,0.4855485260486603,54.906776428222656,49.8249626159668,65.57981872558594,58.058902740478516,0.7546025514602661,0.999664843082428,3.6438307233765954e-06
278,actor,data/latent/train/1781996000904_heuristic_00045.npz,608,-0.5854997038841248,-0.608002781867981,-0.04053352028131485,52.26297378540039,58.348609924316406,-0.493452250957489,52.75642395019531,40.686153411865234,63.55757522583008,55.65090560913086,0.3722604811191559,0.9997655153274536,2.0921229406667408e-06
279,actor,data/latent/train/1781975620542_heuristic_00008.npz,247,-1.6643757820129395,-1.7838321924209595,-0.1189221441745758,15.836501121520996,18.897672653198242,-1.202888011932373,17.039390563964844,12.02846622467041,22.260780334472656,16.670930862426758,0.9691635370254517,0.999991774559021,0.0
280,actor,data/latent/train/1781975740977_heuristic_00021.npz,133,-1.0585856437683105,-1.101247787475586,-0.07341651618480682,51.85323715209961,56.86746597290039,-0.8701825141906738,52.723426818847656,52.24578094482422,62.033931732177734,56.649871826171875,-0.5866297483444214,0.9996970295906067,2.855062575690681e-06
281,actor,data/latent/train/1781975583574_heuristic_00004.npz,47,14.016450881958008,15.050390243530273,1.003359317779541,94.96525573730469,95.9925537109375,10.027278900146484,84.93798828125,89.6690902709961,96.05390167236328,93.48199462890625,0.3159905672073364,0.9999992251396179,0.0
282,actor,data/latent/train/1781995772209_heuristic_00020.npz,12,3.3872106075286865,3.6425161361694336,0.2428344041109085,70.57022857666016,75.10657501220703,2.422607898712158,68.14762115478516,72.89527130126953,80.0318832397461,73.3582763671875,0.2501208484172821,0.9999318718910217,1.01327898960335e-07
283,actor,data/latent/train/1781995642283_heuristic_00006.npz,580,0.782416820526123,0.8163431882858276,0.054422877728939056,50.70389175415039,54.18638610839844,0.6216753125190735,50.082210540771484,44.251285552978516,57.96340560913086,54.17658996582031,0.01426267996430397,0.999660849571228,3.625949148045038e-06
284,actor,data/latent/train/1781975795046_heuristic_00027.npz,509,0.6298648118972778,0.7793161869049072,0.05195441097021103,64.74593353271484,69.9057388305664,0.1256050169467926,64.62033081054688,64.2557601928711,74.80772399902344,69.8599624633789,0.48874780535697937,0.9998511075973511,9.477138291913434e-07
285,actor,data/latent/train/1781975703598_heuristic_00017.npz,579,-0.8431265354156494,-0.9019958972930908,-0.060133058577775955,57.20954895019531,61.62234878540039,-0.616215705871582,57.825767517089844,54.51945877075195,66.99278259277344,62.37062072753906,-0.07577504962682724,0.9999951720237732,0.0
286,actor,data/latent/train/1781995734609_heuristic_00016.npz,556,-1.2727811336517334,-1.3487311601638794,-0.08991540968418121,56.75313186645508,62.40692901611328,-0.9681320786476135,57.72127151489258,53.08833312988281,68.55494689941406,61.332298278808594,0.5559068322181702,0.9997923374176025,8.722146276340936e-07
287,actor,data/latent/train/1781995633130_heuristic_00005.npz,42,11.181777954101562,12.043952941894531,0.8029301762580872,93.72876739501953,95.83385467529297,7.865971565246582,85.86280059814453,87.54095458984375,96.84756469726562,94.55533599853516,-0.3457893133163452,0.9999932646751404,0.0
288,actor,data/latent/train/1781995799509_heuristic_00023.npz,211,-1.4511077404022217,-1.5568630695343018,-0.10379087179899216,42.407501220703125,46.334774017333984,-1.0423634052276611,43.449851989746094,42.93586349487305,50.51273727416992,47.23862838745117,-0.22562828660011292,0.999999463558197,0.0
289,actor,data/latent/train/1781975547656_heuristic_00000.npz,506,-1.6144567728042603,-1.7279162406921387,-0.1151944175362587,34.607261657714844,36.98858642578125,-1.1747175455093384,35.781978607177734,35.65896224975586,39.79805374145508,39.92855453491211,-0.8512988686561584,0.9997464418411255,8.328755939146504e-06
290,actor,data/latent/train/1781975759513_heuristic_00023.npz,637,-1.5722564458847046,-1.6830567121505737,-0.11220378428697586,32.131446838378906,33.75099182128906,-1.1430280208587646,33.27447509765625,36.93412399291992,36.65666198730469,37.09355926513672,0.9999945759773254,0.9987207055091858,5.205472461966565e-07
291,actor,data/latent/train/1781995927298_heuristic_00037.npz,381,-1.5182039737701416,-1.6231131553649902,-0.10820754617452621,38.606101989746094,41.990909576416016,-1.1097160577774048,39.7158203125,41.003265380859375,46.25544738769531,42.84779739379883,0.9888380765914917,0.9999939799308777,0.0
292,actor,data/latent/train/1781995790154_heuristic_00022.npz,942,1.391038417816162,1.613133430480957,0.10754223167896271,68.9438247680664,74.42915344238281,0.6017569303512573,68.34207916259766,63.97940444946289,79.04351806640625,73.84233856201172,-0.2931908965110779,0.9990087747573853,5.7333709264639765e-05
293,actor,data/latent/train/1781995725381_heuristic_00015.npz,977,-1.652758240699768,-1.7723315954208374,-0.11815544217824936,29.529436111450195,33.35799026489258,-1.191338300704956,30.720775604248047,22.76374053955078,37.22003936767578,32.11886215209961,-0.333750456571579,0.9998892545700073,8.1062319168268e-07
294,actor,data/latent/train/1781995902344_heuristic_00034.npz,28,10.149685859680176,10.930916786193848,0.7287277579307556,92.49127197265625,94.94973754882812,7.14400577545166,85.3472671508789,83.64045715332031,96.4686279296875,93.70103454589844,-0.05377678945660591,0.9999983906745911,0.0
295,actor,data/latent/train/1781975666230_heuristic_00013.npz,828,1.4556208848953247,1.6195043325424194,0.10796695202589035,66.59571075439453,69.72843170166016,0.8511887192726135,65.74449157714844,73.63106536865234,73.4131851196289,73.03787994384766,-0.17521315813064575,0.9995424747467041,2.761681798801874e-06
296,actor,data/latent/train/1781975684660_heuristic_00015.npz,788,-1.508095622062683,-1.615743637084961,-0.10771623998880386,36.7793083190918,39.43743896484375,-1.0910717248916626,37.870365142822266,40.85651779174805,43.09885787963867,41.53093338012695,0.7170708775520325,0.9996694922447205,5.702177645616757e-07
297,actor,data/latent/train/1781975565096_heuristic_00002.npz,403,-1.3366976976394653,-1.4219715595245361,-0.09479810297489166,44.80145263671875,49.88080978393555,-1.001238226890564,45.80268859863281,43.62997817993164,55.359275817871094,48.19525909423828,-0.200934499502182,0.9999963045120239,0.0
298,actor,data/latent/train/1781995669694_heuristic_00009.npz,293,-1.5950746536254883,-1.7119967937469482,-0.11413311958312988,34.37019729614258,36.05425262451172,-1.1440099477767944,35.514198303222656,39.25581359863281,38.952693939208984,39.80268478393555,0.7775238156318665,0.9998577833175659,1.4106431933669228e-07
299,actor,data/latent/train/1781995963949_heuristic_00041.npz,824,-0.5708937644958496,-0.5913733243942261,-0.03942488878965378,52.06780242919922,57.84611129760742,-0.48205041885375977,52.54985809326172,46.268184661865234,63.17673110961914,55.63303756713867,0.9999951720237732,0.9999853372573853,0.0
300,actor,data/latent/train/1781995936765_heuristic_00038.npz,125,-0.7729133367538452,-0.8312413692474365,-0.05541609227657318,44.126766204833984,47.59590530395508,-0.5441927909851074,44.67097091674805,38.74734115600586,51.422420501708984,48.443214416503906,0.07318530976772308,0.9994436502456665,1.110235825763084e-05
301,actor,data/latent/train/1781975611090_heuristic_00007.npz,610,-0.7842334508895874,-0.8274393081665039,-0.055162619799375534,37.8282585144043,41.60675811767578,-0.6109755039215088,38.43922805786133,44.4491081237793,45.707035064697266,41.35317611694336,0.7839094400405884,0.9999964237213135,0.0
302,actor,data/latent/train/1781995633130_heuristic_00005.npz,235,4.524211406707764,4.7002081871032715,0.3133472204208374,57.92686080932617,59.79656982421875,3.80722713470459,54.119632720947266,54.27268600463867,63.93784713745117,57.703765869140625,0.9999876618385315,0.9988911747932434,1.9470850531888573e-07
303,actor,data/latent/train/1781975776928_heuristic_00025.npz,780,9.505016326904297,10.264623641967773,0.6843082308769226,88.16565704345703,90.61422729492188,6.609882354736328,81.55577850341797,87.61052703857422,92.35102081298828,89.65779113769531,-0.06967686116695404,0.9999498724937439,1.1126200405442432e-07
304,actor,data/latent/train/1781995586132_heuristic_00000.npz,562,-1.3471698760986328,-1.429614543914795,-0.09530763328075409,53.47614669799805,58.1253662109375,-1.0189929008483887,54.49513244628906,53.900840759277344,63.41827392578125,58.86872863769531,-0.9510467648506165,0.999914824962616,7.847945084904495e-07
305,actor,data/latent/train/1781996010272_heuristic_00046.npz,865,-1.1622788906097412,-1.2384341955184937,-0.08256228268146515,55.56991958618164,60.25227737426758,-0.8632229566574097,56.433143615722656,57.26750564575195,65.93341064453125,60.734188079833984,0.9140569567680359,0.9998157620429993,4.967053612858763e-08
306,actor,data/latent/train/1781995982334_heuristic_00043.npz,298,-1.4634113311767578,-1.5751705169677734,-0.10501136630773544,38.84307861328125,40.451133728027344,-1.0334885120391846,39.87656784057617,49.252010345458984,44.0100212097168,44.51551055908203,0.8632951378822327,0.9997889399528503,1.708666417243876e-07
307,actor,data/latent/train/1781995902344_heuristic_00034.npz,396,-0.10938987880945206,-0.1178315281867981,-0.007855434902012348,46.70411682128906,48.78266525268555,-0.07891243696212769,46.78303146362305,54.91287612915039,52.14443588256836,52.093345642089844,0.9509621858596802,0.9980026483535767,4.5100847501089447e-07
308,actor,data/latent/train/1781995715968_heuristic_00014.npz,289,1.3251376152038574,1.4785549640655518,0.0985703319311142,60.0721435546875,64.43119049072266,0.7504176497459412,59.32171630859375,57.935943603515625,68.99737548828125,63.76253890991211,-0.06861578673124313,0.9998782873153687,3.755092734536447e-07
309,actor,data/latent/train/1781995642283_heuristic_00006.npz,79,12.825874328613281,13.715187072753906,0.9143458008766174,90.3039321899414,88.79154968261719,9.379590034484863,80.92434692382812,95.98482513427734,88.25850677490234,91.16954040527344,0.12630806863307953,0.999996542930603,0.0
310,actor,data/latent/train/1781995633130_heuristic_00005.npz,105,13.224750518798828,14.21381950378418,0.9475879669189453,95.66851806640625,95.28433227539062,9.441797256469727,86.22672271728516,97.42942810058594,94.1982421875,97.26390075683594,0.3436623811721802,0.9999048709869385,2.2252400810884865e-07
311,actor,data/latent/train/1781995963949_heuristic_00041.npz,180,-0.24170097708702087,-0.24614055454730988,-0.01640937104821205,59.216278076171875,63.957096099853516,-0.21451710164546967,59.430789947509766,58.665794372558594,69.18515014648438,64.21221160888672,0.2958637475967407,0.9999996423721313,0.0
312,actor,data/latent/train/1781995725381_heuristic_00015.npz,571,-1.2283976078033447,-1.3254162073135376,-0.08836107701063156,45.99504470825195,49.518882751464844,-0.8584443926811218,46.853485107421875,46.73533630371094,53.94397735595703,50.9576416015625,0.8159962892532349,0.9995858669281006,1.2675920970650623e-06
313,actor,data/latent/train/1781996019435_heuristic_00047.npz,152,-1.4309451580047607,-1.5374786853790283,-0.10249857604503632,36.777896881103516,39.30751419067383,-1.019840955734253,37.79774856567383,45.789302825927734,42.70168685913086,42.06400680541992,0.7595323920249939,0.9933688640594482,5.980332957733481e-07
314,actor,data/latent/train/1781975684660_heuristic_00015.npz,157,-0.6401326060295105,-0.6685075759887695,-0.04456717148423195,55.6368522644043,60.725852966308594,-0.5253558158874512,56.16221618652344,56.18256378173828,66.657470703125,59.70011901855469,0.3887677490711212,0.9999585747718811,5.563100202721216e-08
315,actor,data/latent/train/1781995845712_heuristic_00028.npz,75,17.147113800048828,18.458335876464844,1.230555772781372,91.95953369140625,88.42725372314453,12.147045135498047,79.8124771118164,96.21807098388672,83.76654052734375,92.08497619628906,0.014159186743199825,0.99988853931427,3.5365422945687897e-07
316,actor,data/latent/train/1781995982334_heuristic_00043.npz,359,-1.4762753248214722,-1.583642601966858,-0.10557617247104645,43.073150634765625,47.31389236450195,-1.0614147186279297,44.134559631347656,39.8740348815918,52.18879318237305,46.984580993652344,0.9999151229858398,0.9995669722557068,1.7682711472843948e-07
317,actor,data/latent/train/1781975592337_heuristic_00005.npz,984,-1.645391583442688,-1.7642910480499268,-0.11761940270662308,32.711910247802734,35.17369842529297,-1.1863181591033936,33.898223876953125,34.86362075805664,38.69032669067383,36.94428253173828,0.9948585033416748,0.9996089935302734,3.516674098591466e-07
318,actor,data/latent/train/1781995772209_heuristic_00020.npz,691,-1.3388094902038574,-1.433797836303711,-0.09558652341365814,42.844444274902344,46.18332290649414,-0.9680337905883789,43.812469482421875,34.929141998291016,50.06296157836914,47.46513748168945,-0.07362944632768631,0.9998630285263062,2.406040721325553e-06
319,actor,data/latent/train/1781975795046_heuristic_00027.npz,209,-1.4518167972564697,-1.5485811233520508,-0.10323873907327652,52.68265914916992,58.12947463989258,-1.0743407011032104,53.75701141357422,51.167388916015625,64.16715240478516,57.02117156982422,-0.6401961445808411,0.9999913573265076,5.9604645663569045e-09
256,true_heuristic_actions,data/latent/train/1781995642283_heuristic_00006.npz,705,-1.5172021389007568,-1.6278151273727417,-0.1085210070014,28.135705947875977,32.026981353759766,-1.0916798114776611,29.22739028930664,35.97994613647461,36.257389068603516,30.750587463378906,-0.27671706676483154,0.526160717010498,0.029012544080615044
257,true_heuristic_actions,data/latent/train/1781995808764_heuristic_00024.npz,974,2.906384229660034,3.1608662605285645,0.21072441339492798,63.4087028503418,65.62676239013672,1.9388892650604248,61.46983337402344,64.70604705810547,68.21723937988281,68.29743957519531,0.41386324167251587,0.4899999499320984,0.006666666828095913
258,true_heuristic_actions,data/latent/train/1781975638980_heuristic_00010.npz,979,1.8421294689178467,1.9722720384597778,0.13148480653762817,46.29016876220703,43.71146011352539,1.3324964046478271,44.957672119140625,64.0763168334961,43.356361389160156,54.25659942626953,-0.33896031975746155,0.5708622336387634,0.019868822768330574
259,true_heuristic_actions,data/latent/train/1781975601594_heuristic_00006.npz,459,-1.657550573348999,-1.775979995727539,-0.11839866638183594,24.081787109375,26.8082218170166,-1.1998281478881836,25.281614303588867,23.775123596191406,29.8502254486084,27.088348388671875,-0.9573219418525696,0.3499999940395355,0.05000000074505806
260,true_heuristic_actions,data/latent/train/1781975556701_heuristic_00001.npz,147,-1.3909870386123657,-1.492772102355957,-0.09951814264059067,36.92295837402344,39.816307067871094,-1.001145839691162,37.92409896850586,39.2003288269043,43.278568267822266,41.65630340576172,0.0355801098048687,0.4337089955806732,0.03347091004252434
261,true_heuristic_actions,data/latent/train/1781975703598_heuristic_00017.npz,343,3.10186505317688,3.2729361057281494,0.21819573640823364,48.51436233520508,45.960750579833984,2.4099390506744385,46.10443115234375,59.12894058227539,45.73393630981445,54.65773010253906,0.11936108022928238,0.6299999952316284,0.0
262,true_heuristic_actions,data/latent/train/1781995855626_heuristic_00029.npz,219,-1.4280911684036255,-1.5271151065826416,-0.10180767625570297,33.68822479248047,36.61821365356445,-1.04412841796875,34.732357025146484,40.00040054321289,40.818424224853516,37.22594451904297,-0.9882364869117737,0.3499999940395355,0.05000000074505806
263,true_heuristic_actions,data/latent/train/1781995781052_heuristic_00021.npz,943,-1.6555671691894531,-1.7740012407302856,-0.1182667464017868,45.33351135253906,47.74332809448242,-1.197825312614441,46.531341552734375,51.785343170166016,51.6899299621582,51.72990036010742,0.762166440486908,0.25,0.05000000074505806
264,true_heuristic_actions,data/latent/train/1781995734609_heuristic_00016.npz,567,-0.5860911011695862,-0.6656731367111206,-0.04437820985913277,24.903560638427734,24.80238151550293,-0.2979251742362976,25.201486587524414,40.36846923828125,26.694259643554688,29.186725616455078,-0.3275710940361023,0.49278098344802856,0.017951248213648796
265,true_heuristic_actions,data/latent/train/1781995688182_heuristic_00011.npz,883,-1.6281979084014893,-1.7446954250335693,-0.11631302535533905,39.20626449584961,42.69573974609375,-1.1781668663024902,40.384437561035156,38.57598114013672,46.6179313659668,43.92612838745117,0.9183940291404724,0.36390960216522217,0.06124109402298927
266,true_heuristic_actions,data/latent/train/1781996010272_heuristic_00046.npz,562,2.3375816345214844,2.663591146469116,0.17757274210453033,89.63375854492188,98.24262237548828,1.1847248077392578,88.44902801513672,75.5177230834961,105.40172576904297,93.34130859375,-0.013536034151911736,0.623859167098999,0.014348920434713364
267,true_heuristic_actions,data/latent/train/1781975629865_heuristic_00009.npz,746,1.4948084354400635,1.7132447957992554,0.11421632021665573,52.90631866455078,52.663143157958984,0.713430643081665,52.19289016723633,60.73984146118164,52.16080856323242,61.86412048339844,-0.6090582609176636,0.4378240704536438,0.04347195476293564
268,true_heuristic_actions,data/latent/train/1781975776928_heuristic_00025.npz,456,-1.4367051124572754,-1.5324236154556274,-0.10216157138347626,31.089088439941406,27.9771785736084,-1.063231348991394,32.15232467651367,43.83323287963867,26.648286819458008,41.4752311706543,-0.6297820806503296,0.3797411024570465,0.042650654911994934
269,true_heuristic_actions,data/latent/train/1781995954713_heuristic_00040.npz,918,1.8843793869018555,2.0931220054626465,0.13954146206378937,49.9221076965332,51.977848052978516,1.1295117139816284,48.792606353759766,53.1843376159668,53.79985809326172,54.64989471435547,-0.44018083810806274,0.4300000071525574,0.006666666828095913
270,true_heuristic_actions,data/latent/train/1781995624027_heuristic_00004.npz,686,-1.5776015520095825,-1.6883734464645386,-0.11255823075771332,35.121646881103516,36.21274948120117,-1.1485209465026855,36.270164489746094,40.29590606689453,38.256587982177734,41.73546600341797,-0.9757190942764282,0.3499999940395355,0.05000000074505806
271,true_heuristic_actions,data/latent/train/1781995772209_heuristic_00020.npz,29,10.649015426635742,11.530933380126953,0.7687289118766785,93.31427001953125,97.75853729248047,7.287816047668457,86.0264663696289,83.4602279663086,99.8916244506836,93.00991821289062,0.06560274213552475,0.6643745303153992,0.0007240195409394801
272,true_heuristic_actions,data/latent/train/1781975759513_heuristic_00023.npz,241,-1.3367128372192383,-1.4324642419815063,-0.09549761563539505,45.315372467041016,48.29789352416992,-0.969379186630249,46.284751892089844,57.977413177490234,52.86551284790039,50.8930778503418,0.2858435809612274,0.41405540704727173,0.04375745728611946
273,true_heuristic_actions,data/latent/train/1781995605201_heuristic_00002.npz,622,-1.6587423086166382,-1.7773360013961792,-0.11848906427621841,22.821277618408203,25.757904052734375,-1.2004507780075073,24.021726608276367,26.029399871826172,29.652156829833984,24.785707473754883,-0.9712827205657959,0.3499999940395355,0.05000000074505806
274,true_heuristic_actions,data/latent/train/1781996037878_heuristic_00049.npz,234,-1.3615596294403076,-1.453033447265625,-0.09686889499425888,52.73025894165039,55.8176155090332,-1.0049676895141602,53.7352294921875,58.253875732421875,60.25641632080078,59.43871307373047,-0.4145124554634094,0.3327273726463318,0.042881712317466736
275,true_heuristic_actions,data/latent/train/1781995734609_heuristic_00016.npz,781,2.9416232109069824,3.217952251434326,0.21453015506267548,75.23489379882812,78.95081329345703,1.901350736618042,73.33355712890625,78.4703598022461,82.64640808105469,81.00935363769531,-0.08585904538631439,0.6233296990394592,0.010978111997246742
276,true_heuristic_actions,data/latent/train/1781995954713_heuristic_00040.npz,205,-1.5372544527053833,-1.6429450511932373,-0.10952966660261154,34.642242431640625,39.96788024902344,-1.126049518585205,35.768287658691406,28.578569412231445,45.4853515625,36.02394485473633,0.9764646291732788,0.3100000023841858,0.05000000074505806
277,true_heuristic_actions,data/latent/train/1781995651476_heuristic_00007.npz,110,0.21786803007125854,0.18705379962921143,0.012470253743231297,41.350467681884766,40.15364074707031,0.3201819658279419,41.03029251098633,49.8249626159668,41.334964752197266,48.14519500732422,-0.88747239112854,0.3499999940395355,0.05000000074505806
278,true_heuristic_actions,data/latent/train/1781996000904_heuristic_00045.npz,608,-0.9686223268508911,-1.028373122215271,-0.0685582086443901,49.83850860595703,55.52555465698242,-0.7353830933570862,50.57389450073242,40.686153411865234,60.88607406616211,53.29376983642578,0.3045765161514282,0.550000011920929,0.013333333656191826
279,true_heuristic_actions,data/latent/train/1781975620542_heuristic_00008.npz,247,-1.6721889972686768,-1.792555570602417,-0.11950370669364929,6.816220283508301,7.190156936645508,-1.2073898315429688,8.023612022399902,12.02846622467041,8.395607948303223,9.242127418518066,0.8018531203269958,0.3499999940395355,0.05000000074505806
280,true_heuristic_actions,data/latent/train/1781975740977_heuristic_00021.npz,133,-1.5732531547546387,-1.6847069263458252,-0.11231379210948944,36.94314956665039,37.87621307373047,-1.1418297290802002,38.0849723815918,52.24578094482422,41.033363342285156,43.21784210205078,0.9621955752372742,0.3499999940395355,0.05000000074505806
281,true_heuristic_actions,data/latent/train/1781975583574_heuristic_00004.npz,47,12.526114463806152,13.445079803466797,0.8963386416435242,87.14598846435547,86.34678649902344,8.980376243591309,78.16560363769531,89.6690902709961,85.5796127319336,87.79191589355469,-0.08875058591365814,0.6330354809761047,0.028104908764362335
282,true_heuristic_actions,data/latent/train/1781995772209_heuristic_00020.npz,12,1.7722487449645996,1.926209568977356,0.12841397523880005,65.0821762084961,69.48780822753906,1.2238330841064453,63.858360290527344,72.89527130126953,75.14004516601562,68.48555755615234,0.07383541762828827,0.6137282252311707,0.0026294777635484934
283,true_heuristic_actions,data/latent/train/1781995642283_heuristic_00006.npz,580,0.41261765360832214,0.4414769411087036,0.029431795701384544,46.30527114868164,49.41873550415039,0.28570637106895447,46.019561767578125,44.251285552978516,52.058570861816406,51.06591796875,-0.42402225732803345,0.429999977350235,0.010000000707805157
284,true_heuristic_actions,data/latent/train/1781975795046_heuristic_00027.npz,509,0.10127536952495575,0.1777878999710083,0.011852527037262917,53.694820404052734,54.428836822509766,-0.15082725882530212,53.845638275146484,64.2557601928711,56.03364562988281,62.34968566894531,-0.7392942309379578,0.3700000047683716,0.03666666895151138
285,true_heuristic_actions,data/latent/train/1781975703598_heuristic_00017.npz,579,-1.306482195854187,-1.4076091051101685,-0.09384060651063919,48.2742919921875,49.260597229003906,-0.9208163022994995,49.195098876953125,54.51945877075195,51.65671920776367,56.67958450317383,-0.2127360701560974,0.5899999737739563,0.0
286,true_heuristic_actions,data/latent/train/1781995734609_heuristic_00016.npz,556,-0.35360538959503174,-0.3208521604537964,-0.021390143781900406,41.6181640625,40.41241455078125,-0.4433160424232483,42.061492919921875,53.08833312988281,40.25844192504883,50.878326416015625,-0.5441910028457642,0.41602736711502075,0.02818179875612259
287,true_heuristic_actions,data/latent/train/1781995633130_heuristic_00005.npz,42,10.564617156982422,11.365468978881836,0.7576979398727417,89.29981994628906,91.26624298095703,7.487301826477051,81.81250762939453,87.54095458984375,92.72879028320312,89.89644622802734,-0.0396307073533535,0.6499999761581421,0.0
288,true_heuristic_actions,data/latent/train/1781995799509_heuristic_00023.npz,211,-1.5261844396591187,-1.6368643045425415,-0.10912428796291351,38.3913459777832,40.18958282470703,-1.0982182025909424,39.489566802978516,42.93586349487305,42.972267150878906,44.599788665771484,-0.2742757797241211,0.459943562746048,0.009685109369456768
289,true_heuristic_actions,data/latent/train/1781975547656_heuristic_00000.npz,506,-1.6303374767303467,-1.746086597442627,-0.11640577018260956,31.33673095703125,32.13449478149414,-1.1826272010803223,32.519351959228516,35.65896224975586,33.391780853271484,38.205116271972656,-0.8323707580566406,0.3499999940395355,0.05000000074505806
290,true_heuristic_actions,data/latent/train/1781975759513_heuristic_00023.npz,637,-1.3862388134002686,-1.481900691986084,-0.0987933799624443,30.45887565612793,32.38481521606445,-1.0171682834625244,31.47604751586914,36.93412399291992,35.523677825927734,34.659278869628906,-0.2961883544921875,0.4899999499320984,0.013333333656191826
291,true_heuristic_actions,data/latent/train/1781995927298_heuristic_00037.npz,381,-1.6513619422912598,-1.7709382772445679,-0.11806254833936691,36.192420959472656,37.70415115356445,-1.1896432638168335,37.38206481933594,41.003265380859375,40.513214111328125,42.15635681152344,-0.7068907618522644,0.3599916994571686,0.06386078149080276
292,true_heuristic_actions,data/latent/train/1781995790154_heuristic_00022.npz,942,1.3288071155548096,1.539119839668274,0.10260798782110214,66.6910400390625,71.06470489501953,0.5790613293647766,66.11199188232422,63.97940444946289,74.42961120605469,72.9482421875,-0.7523205876350403,0.365488737821579,0.04601285234093666
293,true_heuristic_actions,data/latent/train/1781995725381_heuristic_00015.npz,977,-1.6476510763168335,-1.7671016454696655,-0.11780677735805511,22.036182403564453,23.14574432373047,-1.1868867874145508,23.22307014465332,22.76374053955078,24.402555465698242,26.92665672302246,-0.3814052939414978,0.49455466866493225,0.01978198066353798
294,true_heuristic_actions,data/latent/train/1781995902344_heuristic_00034.npz,28,10.12077808380127,10.922769546508789,0.7281846404075623,93.02043151855469,96.71669006347656,7.055510520935059,85.96492767333984,83.64045715332031,98.9227523803711,93.41659545898438,-0.023140162229537964,0.5994542241096497,0.03394594416022301
295,true_heuristic_actions,data/latent/train/1781975666230_heuristic_00013.npz,828,-0.4415034353733063,-0.49523404240608215,-0.033015601336956024,61.1316032409668,62.81196975708008,-0.24458838999271393,61.37618637084961,73.63106536865234,66.8193130493164,69.25550079345703,-0.055370766669511795,0.5081191062927246,0.01568535342812538
296,true_heuristic_actions,data/latent/train/1781975684660_heuristic_00015.npz,788,-1.5185184478759766,-1.6258219480514526,-0.10838813334703445,29.797378540039062,30.02610969543457,-1.1032170057296753,30.900596618652344,40.85651779174805,31.57414436340332,36.332664489746094,-0.9407938122749329,0.3599346876144409,0.06253716349601746
297,true_heuristic_actions,data/latent/train/1781975565096_heuristic_00002.npz,403,-1.4936211109161377,-1.5982106924057007,-0.10654737800359726,44.18500900268555,48.21768569946289,-1.0884919166564941,45.27350616455078,43.62997817993164,52.55690002441406,49.1394157409668,0.608784556388855,0.27238714694976807,0.056368328630924225
298,true_heuristic_actions,data/latent/train/1781995669694_heuristic_00009.npz,293,-1.6040983200073242,-1.7200710773468018,-0.11467140167951584,23.771854400634766,20.67913818359375,-1.156495451927185,24.928348541259766,39.25581359863281,19.64042854309082,32.83456039428711,-0.9431877732276917,0.25,0.05000000074505806
299,true_heuristic_actions,data/latent/train/1781995963949_heuristic_00041.npz,824,-0.8857612609863281,-0.938573956489563,-0.06257160007953644,50.66788101196289,55.9260139465332,-0.6755373477935791,51.34341812133789,46.268184661865234,61.24942398071289,54.533935546875,0.8466249108314514,0.35113468766212463,0.04660377651453018
300,true_heuristic_actions,data/latent/train/1781995936765_heuristic_00038.npz,125,-0.9072011709213257,-0.9864104986190796,-0.06576070189476013,35.65609359741211,34.85655975341797,-0.6087566018104553,36.26484680175781,38.74734115600586,34.51138687133789,44.306156158447266,-0.5709514021873474,0.39000001549720764,0.010000000707805157
301,true_heuristic_actions,data/latent/train/1781975611090_heuristic_00007.npz,610,-1.084661841392517,-1.1586686372756958,-0.07724457234144211,30.646562576293945,31.33776092529297,-0.7968078255653381,31.443368911743164,44.4491081237793,33.180419921875,36.546409606933594,0.1432393193244934,0.4899999797344208,0.0
302,true_heuristic_actions,data/latent/train/1781995633130_heuristic_00005.npz,235,5.401608467102051,5.6045002937316895,0.37363335490226746,40.221675872802734,35.5662956237793,4.549246788024902,35.67243194580078,54.27268600463867,34.78569793701172,42.85032653808594,-0.17463319003582,0.60999995470047,0.0
303,true_heuristic_actions,data/latent/train/1781975776928_heuristic_00025.npz,780,10.292134284973145,11.088598251342773,0.7392398715019226,85.01988220214844,85.51105499267578,7.238138675689697,77.78174591064453,87.61052703857422,85.39434051513672,87.39215087890625,-0.18111903965473175,0.6499999761581421,0.0
304,true_heuristic_actions,data/latent/train/1781995586132_heuristic_00000.npz,562,-1.6156363487243652,-1.7319111824035645,-0.11546074599027634,42.67263412475586,43.11460494995117,-1.1665109395980835,43.83914566040039,53.900840759277344,45.47506332397461,50.81326675415039,0.8782480359077454,0.37304192781448364,0.048714812844991684
305,true_heuristic_actions,data/latent/train/1781996010272_heuristic_00046.npz,865,-1.4550251960754395,-1.5627182722091675,-0.1041812151670456,39.495872497558594,38.74787521362305,-1.040510654449463,40.5363883972168,57.26750564575195,40.81158447265625,47.654701232910156,-0.044147245585918427,0.6210115551948547,0.0033387611620128155
306,true_heuristic_actions,data/latent/train/1781995982334_heuristic_00043.npz,298,-1.1570661067962646,-1.2327243089675903,-0.08218161761760712,38.243770599365234,39.64516067504883,-0.8608002066612244,39.10456848144531,49.252010345458984,42.35702896118164,44.426109313964844,-0.8515061736106873,0.29050758481025696,0.05835364758968353
307,true_heuristic_actions,data/latent/train/1781995902344_heuristic_00034.npz,396,1.3146222829818726,1.3592702150344849,0.09061801433563232,37.62632369995117,36.12576675415039,1.0891258716583252,36.537200927734375,54.91287612915039,37.07883834838867,43.07585525512695,-0.2684668302536011,0.5163230299949646,0.013170785270631313
308,true_heuristic_actions,data/latent/train/1781995715968_heuristic_00014.npz,289,-0.7110042572021484,-0.7783898115158081,-0.05189265310764313,52.85651397705078,55.331398010253906,-0.46024689078330994,53.31674575805664,57.935943603515625,59.04291534423828,59.610069274902344,0.5690200328826904,0.4369731843471527,0.027558309957385063
309,true_heuristic_actions,data/latent/train/1781995642283_heuristic_00006.npz,79,13.789064407348633,14.787328720092773,0.9858219027519226,93.96422576904297,93.99220275878906,9.940479278564453,84.02376556396484,95.98482513427734,94.14788055419922,93.02935791015625,0.10090652853250504,0.6149703860282898,0.007748120464384556
310,true_heuristic_actions,data/latent/train/1781995633130_heuristic_00005.npz,105,14.659472465515137,15.700865745544434,1.0467244386672974,90.77488708496094,87.2435073852539,10.623588562011719,80.15129089355469,97.42942810058594,84.19754791259766,92.38975524902344,-0.13398128747940063,0.5695273280143738,0.019048629328608513
311,true_heuristic_actions,data/latent/train/1781995963949_heuristic_00041.npz,180,-0.20331396162509918,-0.20284432172775269,-0.013522954657673836,60.584136962890625,65.6190185546875,-0.19291135668754578,60.77705383300781,58.665794372558594,70.90863800048828,65.6080551147461,0.7253381013870239,0.3636811673641205,0.060089461505413055
312,true_heuristic_actions,data/latent/train/1781995725381_heuristic_00015.npz,571,-1.1859711408615112,-1.2703070640563965,-0.08468713611364365,35.880401611328125,35.6440544128418,-0.8621153831481934,36.74250793457031,46.73533630371094,36.75685119628906,43.65116500854492,-0.7469561696052551,0.2841978371143341,0.06573641300201416
313,true_heuristic_actions,data/latent/train/1781996019435_heuristic_00047.npz,152,-1.1684675216674805,-1.2663034200668335,-0.08442022651433945,35.63889694213867,39.807655334472656,-0.7985590100288391,36.43745040893555,45.789302825927734,44.22055435180664,39.12898254394531,-0.1551770716905594,0.4151546359062195,0.030366668477654457
314,true_heuristic_actions,data/latent/train/1781975684660_heuristic_00015.npz,157,-1.062624454498291,-1.1252398490905762,-0.07501599192619324,52.19892120361328,56.582862854003906,-0.8134998083114624,53.012428283691406,56.18256378173828,62.252864837646484,56.75600051879883,-0.014763802289962769,0.25,0.05000000074505806
315,true_heuristic_actions,data/latent/train/1781995845712_heuristic_00028.npz,75,19.564001083374023,21.112964630126953,1.4075310230255127,93.80117797851562,90.767578125,13.664745330810547,80.13643646240234,96.21807098388672,85.47270202636719,91.53131866455078,-0.0645703673362732,0.6499999761581421,0.0
316,true_heuristic_actions,data/latent/train/1781995982334_heuristic_00043.npz,359,-1.5639604330062866,-1.6771806478500366,-0.1118120402097702,25.084087371826172,23.468517303466797,-1.1272696256637573,26.21135711669922,39.8740348815918,23.713481903076172,32.68390655517578,-0.5440508723258972,0.25,0.05000000074505806
317,true_heuristic_actions,data/latent/train/1781975592337_heuristic_00005.npz,984,-1.5903476476669312,-1.7026772499084473,-0.1135118156671524,29.92217445373535,31.16405487060547,-1.1556180715560913,31.077783584594727,34.86362075805664,33.11050796508789,35.661251068115234,-0.8432102799415588,0.2522250711917877,0.05798620358109474
318,true_heuristic_actions,data/latent/train/1781995772209_heuristic_00020.npz,691,-1.350724697113037,-1.445405125617981,-0.09636034071445465,41.898231506347656,46.210269927978516,-0.9812296032905579,42.879459381103516,34.929141998291016,50.54523849487305,45.813819885253906,0.011266162618994713,0.6683951616287231,0.0005659333546645939
319,true_heuristic_actions,data/latent/train/1781975795046_heuristic_00027.npz,209,-1.6565455198287964,-1.7765367031097412,-0.11843577772378922,38.22895812988281,37.61019515991211,-1.19352388381958,39.42247772216797,51.167388916015625,39.78998947143555,45.97004699707031,0.7668302655220032,0.3802991211414337,0.042634665966033936
320,actor,data/latent/train/1781975759513_heuristic_00023.npz,801,-1.1220353841781616,-1.1789213418960571,-0.07859475910663605,43.13565444946289,45.89586639404297,-0.8878329396247864,44.02347946166992,44.441490173339844,48.82136154174805,49.23412322998047,-0.9996340870857239,0.9999961256980896,9.934107758624577e-09
321,actor,data/latent/train/1781975740977_heuristic_00021.npz,689,6.062576770782471,6.615392208099365,0.44102615118026733,81.60892486572266,86.11067962646484,3.962831497192383,77.64611053466797,77.26790618896484,89.03401947021484,84.69681549072266,0.399232417345047,0.9997646808624268,3.5762788286319847e-08
322,actor,data/latent/train/1781975750371_heuristic_00022.npz,199,-1.1358003616333008,-1.208901286125183,-0.08059342205524445,55.26541519165039,58.835147857666016,-0.8504625558853149,56.11587905883789,62.27657699584961,63.80062484741211,61.58409118652344,-0.3826523423194885,0.999988853931427,7.947286384535346e-09
323,actor,data/latent/train/1781995743605_heuristic_00017.npz,632,-0.8637178540229797,-0.9187753200531006,-0.0612516887485981,46.91960525512695,52.29902267456055,-0.6481547951698303,47.56776809692383,45.297698974609375,57.86972427368164,49.923377990722656,0.43876227736473083,0.9999307990074158,1.4901161193847656e-07
324,actor,data/latent/train/1781995660611_heuristic_00008.npz,347,-1.5089166164398193,-1.6113476753234863,-0.10742317885160446,47.3820686340332,53.33412170410156,-1.1097925901412964,48.49186325073242,41.550174713134766,59.47637939453125,50.3713264465332,0.07695392519235611,0.9996917843818665,2.4656453661009436e-06
325,actor,data/latent/train/1781995892840_heuristic_00033.npz,192,-1.2700088024139404,-1.3455631732940674,-0.08970420807600021,39.95003890991211,44.6094856262207,-0.9670805335044861,40.9171142578125,38.39503860473633,49.45396423339844,43.08285903930664,0.4135344922542572,0.9999368786811829,4.967053612858763e-08
326,actor,data/latent/train/1781975722846_heuristic_00019.npz,594,-1.3285201787948608,-1.4235337972640991,-0.09490225464105606,46.50477981567383,49.43444061279297,-0.9629114866256714,47.467681884765625,44.84325408935547,53.698787689208984,51.764556884765625,0.15100394189357758,0.9999953508377075,0.0
327,actor,data/latent/train/1781995845712_heuristic_00028.npz,799,-1.644980549812317,-1.7623884677886963,-0.11749256402254105,22.288145065307617,26.647090911865234,-1.1912261247634888,23.479368209838867,18.361709594726562,30.850894927978516,23.233020782470703,-0.4477810859680176,0.9999033808708191,3.35772824655578e-07
328,actor,data/latent/train/1781975776928_heuristic_00025.npz,461,-1.6224555969238281,-1.738842248916626,-0.11592281609773636,33.42375183105469,35.44001007080078,-1.1725925207138062,34.596336364746094,38.1866569519043,38.59453201293945,38.37898635864258,0.8969180583953857,0.9997173547744751,7.092952500897809e-07
329,actor,data/latent/train/1781975592337_heuristic_00005.npz,762,-1.6219849586486816,-1.7398186922073364,-0.11598791182041168,40.86526107788086,44.22406768798828,-1.1670081615447998,42.03225326538086,41.6645622253418,48.30986404418945,45.79612731933594,0.9997539520263672,0.9994186162948608,2.5629998390286346e-07
330,actor,data/latent/train/1781975556701_heuristic_00001.npz,381,-0.9828614592552185,-1.076488971710205,-0.07176592946052551,46.74486541748047,50.420833587646484,-0.6280224919319153,47.37288284301758,41.681339263916016,54.489044189453125,51.58699035644531,0.16348125040531158,0.9993991255760193,7.577737051178701e-06
331,actor,data/latent/train/1781995911953_heuristic_00035.npz,927,2.2373743057250977,2.4756789207458496,0.16504526138305664,69.29875183105469,71.96817779541016,1.36654531955719,67.93220520019531,78.17034149169922,75.7389907836914,75.21250915527344,0.19382746517658234,0.99996018409729,7.152557657263969e-08
332,actor,data/latent/train/1781975620542_heuristic_00008.npz,827,-0.8314362168312073,-0.8639775514602661,-0.057598505169153214,55.502716064453125,58.87259292602539,-0.6938125491142273,56.196537017822266,62.84129333496094,63.19475555419922,62.22734832763672,-0.2033258080482483,0.9997309446334839,6.89427054112457e-07
333,actor,data/latent/train/1781975703598_heuristic_00017.npz,185,-1.5924296379089355,-1.7046873569488525,-0.11364582180976868,38.39493179321289,41.53460693359375,-1.1579105854034424,39.5528450012207,41.213050842285156,45.6250114440918,42.947574615478516,-0.09524984657764435,0.99998539686203,1.1920929132713809e-08
334,actor,data/latent/train/1781995633130_heuristic_00005.npz,945,3.5102241039276123,3.898324489593506,0.25988829135894775,75.02071380615234,76.12498474121094,2.0642504692077637,72.95645904541016,89.17189025878906,77.14527893066406,83.91299438476562,0.3889201581478119,0.9999743103981018,1.7881394143159923e-08
335,actor,data/latent/train/1781975592337_heuristic_00005.npz,758,-1.425047516822815,-1.5302844047546387,-0.10201895982027054,44.00345993041992,47.9117317199707,-1.0187304019927979,45.0222053527832,40.99919509887695,52.085323333740234,48.888877868652344,0.9544665217399597,0.9997850060462952,6.556511067401516e-08
336,actor,data/latent/train/1781995799509_heuristic_00023.npz,179,-1.1083987951278687,-1.185543179512024,-0.07903621345758438,35.552616119384766,41.56564712524414,-0.8087477087974548,36.361366271972656,29.96367835998535,46.80838394165039,36.843475341796875,0.2785712480545044,0.9999192357063293,1.5695890454026085e-07
337,actor,data/latent/train/1781995892840_heuristic_00033.npz,63,16.74713897705078,18.012866973876953,1.2008577585220337,105.15469360351562,105.97928619384766,11.871905326843262,93.28278350830078,93.54340362548828,104.73400115966797,103.02995300292969,-0.9416261911392212,0.9998905658721924,4.120667654206045e-06
338,actor,data/latent/train/1781996010272_heuristic_00046.npz,752,0.09459130465984344,0.11840349435806274,0.00789356604218483,53.352725982666016,57.08782958984375,0.014721990562975407,53.33799362182617,59.11629104614258,61.86861801147461,57.76457977294922,0.9999971985816956,0.9985420107841492,9.735425265944286e-08
339,actor,data/latent/train/1781975648229_heuristic_00011.npz,859,-0.11520856618881226,-0.04969525337219238,-0.0033130168449133635,57.03416061401367,62.20073318481445,-0.31969013810157776,57.353851318359375,55.939369201660156,67.18639373779297,61.5968017578125,0.9999989867210388,0.9999679327011108,0.0
340,actor,data/latent/train/1781975666230_heuristic_00013.npz,302,1.4950692653656006,1.7163618803024292,0.11442412436008453,65.08480072021484,69.45799255371094,0.7039854526519775,64.38079833984375,65.75508880615234,73.38231658935547,70.3610610961914,0.6910296678543091,0.999677300453186,5.165736070011917e-07
341,actor,data/latent/train/1781995892840_heuristic_00033.npz,295,-1.5605822801589966,-1.6707240343093872,-0.11138160526752472,44.01865005493164,49.509300231933594,-1.1338690519332886,45.15251922607422,39.40383529663086,55.16276168823242,47.130348205566406,0.2690623998641968,0.9993401765823364,9.5367431640625e-07
342,actor,data/latent/train/1781995892840_heuristic_00033.npz,922,3.0023508071899414,3.411886215209961,0.22745908796787262,78.36351013183594,83.1572265625,1.5347844362258911,76.82872772216797,69.45008087158203,86.4829330444336,84.10026550292969,0.23230810463428497,0.9996242523193359,3.5226344152761158e-06
343,actor,data/latent/train/1781995902344_heuristic_00034.npz,720,-1.435234546661377,-1.536988377571106,-0.10246589034795761,27.111507415771484,29.07601547241211,-1.0417389869689941,28.153244018554688,34.05662155151367,32.02573013305664,30.999122619628906,0.6829573512077332,0.9999892115592957,1.9868215961338365e-09
344,actor,data/latent/train/1781995660611_heuristic_00008.npz,5,5.6300740242004395,6.04932975769043,0.40328866243362427,63.81929397583008,66.40036010742188,3.949551820755005,59.86973571777344,55.737918853759766,68.71393585205078,64.85936737060547,0.07399142533540726,0.9971039891242981,0.00044352610711939633
345,actor,data/latent/train/1781995855626_heuristic_00029.npz,74,17.315250396728516,18.622074127197266,1.2414716482162476,95.0452880859375,93.9620590209961,12.2844820022583,82.76079559326172,90.51233673095703,91.21785736083984,92.57463836669922,-0.4249839782714844,0.9998937249183655,5.165736070011917e-07
346,actor,data/latent/train/1781996019435_heuristic_00047.npz,460,-1.6354199647903442,-1.7514588832855225,-0.11676392704248428,26.088539123535156,29.09503173828125,-1.186430811882019,27.274972915649414,25.37555694580078,32.825836181640625,28.58388900756836,0.9998636245727539,0.9999821186065674,0.0
347,actor,data/latent/train/1781995678845_heuristic_00010.npz,835,-1.4386849403381348,-1.5347816944122314,-0.10231877863407135,54.61099624633789,60.601905822753906,-1.0650122165679932,55.67600631713867,52.01942825317383,67.17611694335938,58.559898376464844,-0.44781655073165894,0.9999794363975525,2.582867963951685e-08
348,actor,data/latent/train/1781995753128_heuristic_00018.npz,468,5.721291542053223,6.230007171630859,0.4153338074684143,79.44341278076172,83.23188018798828,3.797149896621704,75.64625549316406,68.9541015625,86.28632354736328,82.11100006103516,0.015609749592840672,0.9993859529495239,1.9659599274746142e-05
349,actor,data/latent/train/1781995624027_heuristic_00004.npz,558,-1.1068615913391113,-1.1656887531280518,-0.07771258056163788,55.4266471862793,61.166160583496094,-0.8705090880393982,56.29716491699219,52.21088790893555,67.1399154663086,59.7532958984375,-0.26709556579589844,0.9999812841415405,1.7881394143159923e-08
350,actor,data/latent/train/1781975722846_heuristic_00019.npz,639,0.3375190496444702,0.3806523084640503,0.02537682093679905,58.529605865478516,62.08705139160156,0.17413434386253357,58.35548400878906,62.03752517700195,66.03831481933594,64.4456787109375,-0.06793535500764847,0.9999695420265198,3.973643103449831e-08
351,actor,data/latent/train/1781995633130_heuristic_00005.npz,460,-1.1655175685882568,-1.234487771987915,-0.08229918777942657,59.54990005493164,64.20740509033203,-0.8897894024848938,60.43968963623047,59.836387634277344,69.80193328857422,65.47909545898438,0.25203755497932434,0.9996261596679688,1.144409225162235e-06
352,actor,data/latent/train/1781995734609_heuristic_00016.npz,963,-1.5952057838439941,-1.7088391780853271,-0.1139226108789444,25.630949020385742,25.64032554626465,-1.1559640169143677,26.78691291809082,36.36677169799805,26.99041748046875,31.710098266601562,-0.20265190303325653,0.9998542666435242,6.794929277020856e-07
353,actor,data/latent/train/1781975648229_heuristic_00011.npz,288,2.6622579097747803,2.7368276119232178,0.1824551671743393,49.895660400390625,51.013607025146484,2.33756685256958,47.5580940246582,53.9018669128418,54.50386428833008,51.927955627441406,0.9769733548164368,0.999453604221344,6.357829107628277e-08
354,actor,data/latent/train/1781995936765_heuristic_00038.npz,533,-1.4508397579193115,-1.546072006225586,-0.10307146608829498,50.234371185302734,54.62281799316406,-1.0769367218017578,51.31130599975586,48.6544075012207,59.53585433959961,55.50162887573242,0.2388206273317337,0.9995639324188232,2.559026142989751e-06
355,actor,data/latent/train/1781995991387_heuristic_00044.npz,946,5.2242560386657715,5.6733012199401855,0.3782200813293457,64.718505859375,69.89863586425781,3.5076472759246826,61.21085739135742,56.76066207885742,73.97222137451172,64.16386413574219,-0.9869611859321594,0.9998455047607422,1.905361841636477e-06
356,actor,data/latent/train/1781975620542_heuristic_00008.npz,185,-1.649490475654602,-1.768142580986023,-0.11787617206573486,29.640260696411133,34.117801666259766,-1.1914770603179932,30.83173370361328,24.29106903076172,38.64517593383789,31.50450325012207,0.18849320709705353,0.9999914765357971,0.0
357,actor,data/latent/train/1781975611090_heuristic_00007.npz,865,-1.1951590776443481,-1.2646101713180542,-0.08430734276771545,51.91530227661133,55.73211669921875,-0.9173858761787415,52.83268737792969,51.88870620727539,60.09925842285156,57.92552185058594,0.4376162886619568,0.999751627445221,1.235802983501344e-06
358,actor,data/latent/train/1781995902344_heuristic_00034.npz,144,-1.536948561668396,-1.6415648460388184,-0.10943765938282013,57.03335952758789,62.1696891784668,-1.1293302774429321,58.1627082824707,54.86970138549805,68.04164123535156,62.48838424682617,-0.42546847462654114,0.9999681115150452,5.563100202721216e-08
359,actor,data/latent/train/1781975694262_heuristic_00016.npz,69,15.862186431884766,17.07222557067871,1.1381484270095825,102.73906707763672,104.28954315185547,11.197366714477539,91.54171752929688,90.22230529785156,103.60306549072266,100.580322265625,-0.9438889622688293,0.9999707341194153,3.178914482759865e-07
360,actor,data/latent/train/1781995936765_heuristic_00038.npz,71,16.299745559692383,17.48380470275879,1.1655869483947754,100.8186264038086,101.54639434814453,11.710323333740234,89.10829162597656,90.6948471069336,100.94133758544922,97.87923431396484,-0.6260471343994141,0.9999198913574219,6.079673653403006e-07
361,actor,data/latent/train/1781975592337_heuristic_00005.npz,540,-1.4457378387451172,-1.5518794059753418,-0.10345862805843353,41.855464935302734,45.36122131347656,-1.0366910696029663,42.892154693603516,41.079078674316406,49.605140686035156,46.441436767578125,0.7099319100379944,0.9998282194137573,6.953874986947994e-08
362,actor,data/latent/train/1781995669694_heuristic_00009.npz,605,0.6902336478233337,0.7339842319488525,0.0489322803914547,57.23155212402344,59.9130744934082,0.5210038423538208,56.710540771484375,64.6275863647461,64.24449157714844,62.30028533935547,-0.27452513575553894,0.9998530745506287,7.271766548910819e-07
363,actor,data/latent/train/1781975556701_heuristic_00001.npz,721,-1.0214061737060547,-1.05706787109375,-0.07047118991613388,57.45387268066406,62.14964294433594,-0.8526666760444641,58.306541442871094,47.75980758666992,66.9487075805664,63.080604553222656,-0.05795147269964218,0.999786376953125,6.635983709202264e-07
364,actor,data/latent/train/1781995963949_heuristic_00041.npz,356,0.5114952325820923,0.5612744092941284,0.037418294697999954,66.82521057128906,71.5495376586914,0.30817165970802307,66.51703643798828,64.05756378173828,76.79618835449219,72.0831298828125,0.07923917472362518,0.9999889135360718,3.973643192267673e-09
365,actor,data/latent/train/1781995624027_heuristic_00004.npz,191,-1.6342222690582275,-1.74989652633667,-0.11665976792573929,34.36787033081055,38.07048034667969,-1.1864172220230103,35.55427932739258,33.25419235229492,42.514808654785156,37.5147590637207,0.9999930262565613,0.9999914169311523,0.0
366,actor,data/latent/train/1781996037878_heuristic_00049.npz,362,8.106677055358887,8.84642219543457,0.58976149559021,83.41291046142578,85.97279357910156,5.303940773010254,78.10895538330078,83.70614624023438,86.48107147216797,87.30066680908203,0.10037224739789963,0.9999808073043823,1.9868215517249155e-08
367,actor,data/latent/train/1781995902344_heuristic_00034.npz,897,-1.4859975576400757,-1.5862022638320923,-0.10574682056903839,47.863929748535156,52.60962677001953,-1.0961976051330566,48.96012496948242,46.017120361328125,57.90546798706055,52.23998260498047,-0.4322449564933777,0.9999561905860901,9.735425265944286e-08
368,actor,data/latent/train/1781995963949_heuristic_00041.npz,421,-0.44165146350860596,-0.44836533069610596,-0.02989102154970169,48.528141021728516,51.798099517822266,-0.398255318403244,48.92639923095703,51.45041275024414,55.72270584106445,53.609188079833984,-0.4919246733188629,0.9975054264068604,0.000109271211840678
369,actor,data/latent/train/1781975574208_heuristic_00003.npz,552,-1.5402960777282715,-1.6454591751098633,-0.10969727486371994,41.852561950683594,44.49867248535156,-1.130531668663025,42.98309326171875,46.060482025146484,48.4920654296875,47.21726608276367,0.9999942779541016,0.9999977350234985,0.0
370,actor,data/latent/train/1781995669694_heuristic_00009.npz,20,5.976211071014404,6.446468353271484,0.4297645688056946,79.36067962646484,84.35502624511719,4.18173885345459,75.17894744873047,70.2700424194336,88.43228912353516,80.53904724121094,-0.05761321261525154,0.9999975562095642,0.0
371,actor,data/latent/train/1781975648229_heuristic_00011.npz,352,-1.4216029644012451,-1.5111651420593262,-0.1007443442940712,55.183719635009766,61.30867385864258,-1.0676326751708984,56.2513542175293,54.046043395996094,67.72003936767578,59.487403869628906,-0.2843119502067566,0.9999913573265076,5.9604645663569045e-09
372,actor,data/latent/train/1781975565096_heuristic_00002.npz,128,16.791051864624023,17.961828231811523,1.1974551677703857,92.8259048461914,91.37541961669922,12.243378639221191,80.58251953125,88.26922607421875,89.30672454833984,89.98719787597656,0.42983898520469666,0.9999977350234985,0.0
373,actor,data/latent/train/1781995918104_heuristic_00036.npz,633,-1.6541783809661865,-1.772641897201538,-0.11817612498998642,42.471954345703125,45.94176483154297,-1.1966928243637085,43.668643951416016,45.45048522949219,50.185306549072266,47.69071578979492,-0.3090364336967468,0.9948997497558594,0.00038218896952457726
374,actor,data/latent/train/1781996010272_heuristic_00046.npz,452,10.057350158691406,10.879802703857422,0.7253201603889465,81.2614517211914,81.26581573486328,6.870262622833252,74.39118957519531,76.37931060791016,79.27104187011719,84.97815704345703,0.21220260858535767,0.999984622001648,0.0
375,actor,data/latent/train/1781996019435_heuristic_00047.npz,252,1.2571332454681396,1.4569233655929565,0.09712822735309601,56.156272888183594,59.654029846191406,0.5361175537109375,55.62016296386719,60.70732879638672,62.65877914428711,61.45671844482422,-0.19409719109535217,0.999977707862854,1.390775050680304e-08
376,actor,data/latent/train/1781975776928_heuristic_00025.npz,451,-1.6420408487319946,-1.7587811946868896,-0.11725208163261414,33.17609405517578,37.29270553588867,-1.190627932548523,34.366729736328125,26.319278717041016,40.51539611816406,37.17515563964844,-0.5975548028945923,0.9998514652252197,3.151098781017936e-06
377,actor,data/latent/train/1781995973433_heuristic_00042.npz,829,6.173685073852539,6.724984169006348,0.448332279920578,77.58397674560547,80.18766021728516,4.0540313720703125,73.52992248535156,72.64551544189453,81.4298324584961,81.84522247314453,0.11290799826383591,0.9999943971633911,0.0
378,actor,data/latent/train/1781975722846_heuristic_00019.npz,964,4.809739112854004,5.238052845001221,0.34920352697372437,79.89085388183594,84.31047821044922,3.179468870162964,76.71138000488281,75.46322631835938,88.09346771240234,83.37109375,-0.1604612022638321,0.9999961853027344,0.0
379,actor,data/latent/train/1781975731978_heuristic_00020.npz,12,1.1948012113571167,1.3051295280456543,0.08700863271951675,67.63313293457031,72.23149108886719,0.7921702265739441,66.84097290039062,73.39440155029297,77.7471694946289,72.32608032226562,0.40632519125938416,0.9998913407325745,1.01327898960335e-07
380,actor,data/latent/train/1781975601594_heuristic_00006.npz,456,-1.642400860786438,-1.7591116428375244,-0.11727411299943924,25.89678192138672,29.093717575073242,-1.1908760070800781,27.08765411376953,22.09664535522461,32.30231857299805,28.78110122680664,0.999944806098938,0.9991455674171448,2.006689641120829e-07
381,actor,data/latent/train/1781995586132_heuristic_00000.npz,949,24.877918243408203,26.824077606201172,1.7882717847824097,75.93311309814453,71.59049224853516,17.396339416503906,58.53676986694336,71.66704559326172,63.127864837646484,66.49153900146484,0.9587505459785461,0.9999414086341858,4.371007378267677e-08
382,actor,data/latent/train/1781975795046_heuristic_00027.npz,765,-0.16239061951637268,-0.11218035221099854,-0.00747869024053216,48.686893463134766,55.078857421875,-0.3216888904571533,49.008575439453125,38.4207878112793,60.23946762084961,50.89230728149414,0.5727130174636841,0.999883770942688,1.5894572769070692e-08
383,actor,data/latent/train/1781995781052_heuristic_00021.npz,317,-1.1609450578689575,-1.2206236124038696,-0.08137490600347519,49.45231628417969,54.4931640625,-0.9164585471153259,50.3687744140625,45.09373092651367,59.0931510925293,54.319091796875,-0.9742412567138672,0.9999657273292542,2.2848446690204582e-07
320,true_heuristic_actions,data/latent/train/1781975759513_heuristic_00023.npz,801,-1.5369796752929688,-1.647848129272461,-0.10985653847455978,39.66171646118164,40.26473617553711,-1.1100646257400513,40.771785736083984,44.441490173339844,41.91872024536133,47.55210876464844,0.00898111704736948,0.4099999666213989,0.02666666731238365
321,true_heuristic_actions,data/latent/train/1781975740977_heuristic_00021.npz,689,3.0417234897613525,3.317671060562134,0.2211780697107315,68.10919189453125,70.80970001220703,1.9891643524169922,66.12004089355469,77.26790618896484,74.2154312133789,73.18412780761719,-0.10778793692588806,0.60999995470047,0.0
322,true_heuristic_actions,data/latent/train/1781975750371_heuristic_00022.npz,199,-1.3654800653457642,-1.4601770639419556,-0.09734513610601425,50.58570861816406,52.24527359008789,-0.9970831274986267,51.58279037475586,62.27657699584961,56.044334411621094,58.12870788574219,0.6942924857139587,0.36591261625289917,0.04574963077902794
323,true_heuristic_actions,data/latent/train/1781995743605_heuristic_00017.npz,632,-1.1376737356185913,-1.2261978387832642,-0.08174652606248856,39.78716278076172,40.62541961669922,-0.7996943593025208,40.586849212646484,45.297698974609375,41.35139083862305,48.30235290527344,-0.3983035981655121,0.4899999797344208,0.023333335295319557
324,true_heuristic_actions,data/latent/train/1781995660611_heuristic_00008.npz,347,-1.565952181816101,-1.6750330924987793,-0.11166886985301971,42.01695251464844,45.89977264404297,-1.1427617073059082,43.15970993041992,41.550174713134766,50.397212982177734,46.484432220458984,-0.90089350938797,0.3699018359184265,0.06482600420713425
325,true_heuristic_actions,data/latent/train/1781995892840_heuristic_00033.npz,192,-1.4045867919921875,-1.496097445487976,-0.09973982721567154,33.977027893066406,35.6306037902832,-1.0458155870437622,35.02284622192383,38.39503860473633,38.15754318237305,39.47626495361328,-0.9789080023765564,0.3499999940395355,0.05000000074505806
326,true_heuristic_actions,data/latent/train/1781975722846_heuristic_00019.npz,594,-1.431496500968933,-1.5359469652175903,-0.10239646583795547,46.35287094116211,49.13574981689453,-1.0305044651031494,47.38337326049805,44.84325408935547,52.7777214050293,52.4832878112793,0.6827079057693481,0.3499999940395355,0.03333333507180214
327,true_heuristic_actions,data/latent/train/1781995845712_heuristic_00028.npz,799,-1.634814739227295,-1.7514739036560059,-0.11676492542028427,23.18724822998047,26.091230392456055,-1.1841429471969604,24.37139129638672,18.361709594726562,28.460922241210938,26.49863052368164,-0.9531504511833191,0.3838217556476593,0.05979112163186073
328,true_heuristic_actions,data/latent/train/1781975776928_heuristic_00025.npz,461,-1.4080712795257568,-1.5017729997634888,-0.10011819750070572,24.53952980041504,23.319189071655273,-1.0426819324493408,25.58221435546875,38.1866569519043,24.26557159423828,30.88642692565918,-0.6638215780258179,0.3499999940395355,0.029999999329447746
329,true_heuristic_actions,data/latent/train/1781975592337_heuristic_00005.npz,762,-1.628669261932373,-1.7458934783935547,-0.11639289557933807,27.733089447021484,27.650733947753906,-1.1758531332015991,28.908939361572266,41.6645622253418,29.305700302124023,34.10041809082031,-0.7931452393531799,0.25,0.05000000074505806
330,true_heuristic_actions,data/latent/train/1781975556701_heuristic_00001.npz,381,-1.0362207889556885,-1.1334811449050903,-0.0755654126405716,40.22066879272461,40.82242965698242,-0.6680544018745422,40.88872146606445,41.681339263916016,41.75057601928711,48.222042083740234,-0.20783410966396332,0.550000011920929,0.0
331,true_heuristic_actions,data/latent/train/1781995911953_heuristic_00035.npz,927,0.17892888188362122,0.19925826787948608,0.013283884152770042,62.65577697753906,63.425960540771484,0.11123335361480713,62.54454803466797,78.17034149169922,66.77999877929688,71.21089172363281,-0.05694931373000145,0.6053251624107361,0.015919631347060204
332,true_heuristic_actions,data/latent/train/1781975620542_heuristic_00008.npz,827,-1.347425937652588,-1.4407508373260498,-0.09605005383491516,52.817466735839844,56.294395446777344,-0.985819399356842,53.803279876708984,62.84129333496094,61.570674896240234,58.79008102416992,0.9700797200202942,0.322192519903183,0.04905133321881294
333,true_heuristic_actions,data/latent/train/1781975703598_heuristic_00017.npz,185,-1.607187032699585,-1.722994089126587,-0.11486627161502838,35.34856414794922,37.252647399902344,-1.1600308418273926,36.50859069824219,41.213050842285156,40.61442184448242,40.47789001464844,0.9799360632896423,0.3499999940395355,0.05000000074505806
334,true_heuristic_actions,data/latent/train/1781995633130_heuristic_00005.npz,945,4.870877265930176,5.382914066314697,0.35886093974113464,73.77880096435547,74.76314544677734,2.954749584197998,70.8240737915039,89.17189025878906,75.54396057128906,80.93067169189453,0.17093275487422943,0.6499999761581421,0.0
335,true_heuristic_actions,data/latent/train/1781975592337_heuristic_00005.npz,758,-1.559821605682373,-1.6741642951965332,-0.11161095649003983,24.734107971191406,22.770769119262695,-1.1189242601394653,25.8530216217041,40.99919509887695,22.998315811157227,32.39777755737305,-0.6788168549537659,0.25,0.05000000074505806
336,true_heuristic_actions,data/latent/train/1781995799509_heuristic_00023.npz,179,-0.9765688180923462,-1.0432331562042236,-0.06954887509346008,33.93010711669922,39.11061096191406,-0.7182645797729492,34.64836883544922,29.96367835998535,43.76736068725586,35.58171081542969,0.1610155999660492,0.4699999690055847,0.020000001415610313
337,true_heuristic_actions,data/latent/train/1781995892840_heuristic_00033.npz,63,16.256528854370117,17.490324020385742,1.1660215854644775,100.17210388183594,100.39269256591797,11.513212203979492,88.65887451171875,93.54340362548828,98.8847427368164,98.42338562011719,-0.10467872023582458,0.6233168244361877,0.015678925439715385
338,true_heuristic_actions,data/latent/train/1781996010272_heuristic_00046.npz,752,-0.9945992231369019,-1.07361900806427,-0.07157459855079651,35.337013244628906,33.05432891845703,-0.6883124709129333,36.02532196044922,59.11629104614258,33.33479690551758,44.676719665527344,0.010642621666193008,0.6429504156112671,0.015234678983688354
339,true_heuristic_actions,data/latent/train/1781975648229_heuristic_00011.npz,859,-1.531183123588562,-1.6392806768417358,-0.1092853769659996,43.30754852294922,43.88418197631836,-1.1132655143737793,44.420806884765625,55.939369201660156,46.550228118896484,51.168155670166016,0.5833418369293213,0.43149203062057495,0.01695612072944641
340,true_heuristic_actions,data/latent/train/1781975666230_heuristic_00013.npz,302,6.628786087036133,7.440384387969971,0.49602562189102173,57.338897705078125,57.62020492553711,3.68391489982605,53.65497589111328,65.75508880615234,54.4985237121582,63.02006530761719,-0.44154950976371765,0.3872045576572418,0.04595016688108444
341,true_heuristic_actions,data/latent/train/1781995892840_heuristic_00033.npz,295,-1.6263186931610107,-1.7446460723876953,-0.1163097396492958,30.52930450439453,32.39818572998047,-1.1701908111572266,31.69950294494629,39.40383529663086,35.016056060791016,35.846885681152344,0.6926435828208923,0.4071590304374695,0.04538045823574066
342,true_heuristic_actions,data/latent/train/1781995892840_heuristic_00033.npz,922,3.1460437774658203,3.5376524925231934,0.2358434945344925,77.89927673339844,82.14981079101562,1.7159854173660278,76.18330383300781,69.45008087158203,84.97453308105469,84.04620361328125,-0.09280964732170105,0.6299999952316284,0.0
343,true_heuristic_actions,data/latent/train/1781995902344_heuristic_00034.npz,720,-1.414385199546814,-1.5119105577468872,-0.10079403966665268,28.182191848754883,29.224271774291992,-1.034998893737793,29.21718406677246,34.05662155151367,31.271549224853516,33.301551818847656,-0.5828150510787964,0.3700000047683716,0.020000001415610313
344,true_heuristic_actions,data/latent/train/1781995660611_heuristic_00008.npz,5,4.990685939788818,5.26057767868042,0.35070517659187317,55.73841857910156,53.34807205200195,3.8162457942962646,51.92218017578125,55.737918853759766,52.51028823852539,60.79249572753906,-0.33752554655075073,0.5299999713897705,0.0033333334140479565
345,true_heuristic_actions,data/latent/train/1781995855626_heuristic_00029.npz,74,16.088029861450195,17.286731719970703,1.1524487733840942,83.18516540527344,78.64096069335938,11.47614860534668,71.70899200439453,90.51233673095703,73.50800323486328,83.94194030761719,-0.09701290726661682,0.5925496220588684,0.022539706900715828
346,true_heuristic_actions,data/latent/train/1781996019435_heuristic_00047.npz,460,-1.6362048387527466,-1.7522529363632202,-0.11681686341762543,24.545734405517578,26.880159378051758,-1.1871389150619507,25.732877731323242,25.37555694580078,30.070068359375,27.52936363220215,0.9834762811660767,0.25,0.05000000074505806
347,true_heuristic_actions,data/latent/train/1781995678845_heuristic_00010.npz,835,-1.6336617469787598,-1.7511448860168457,-0.11674299091100693,37.67228698730469,37.02434158325195,-1.1799397468566895,38.852230072021484,52.01942825317383,38.84103012084961,45.79688262939453,0.9867827296257019,0.3499999940395355,0.05000000074505806
348,true_heuristic_actions,data/latent/train/1781995753128_heuristic_00018.npz,468,6.863759994506836,7.455510139465332,0.4970340132713318,74.87906646728516,75.02548217773438,4.6060590744018555,70.27300262451172,68.9541015625,73.67389678955078,80.87294006347656,-0.5030514001846313,0.3998842239379883,0.005642814561724663
349,true_heuristic_actions,data/latent/train/1781995624027_heuristic_00004.npz,558,-1.582456111907959,-1.6928800344467163,-0.11285866796970367,49.115596771240234,52.534812927246094,-1.1535454988479614,50.26914978027344,52.21088790893555,57.16932678222656,55.03800964355469,0.21958668529987335,0.260720819234848,0.06596687436103821
350,true_heuristic_actions,data/latent/train/1781975722846_heuristic_00019.npz,639,-0.48067548871040344,-0.49762415885925293,-0.033174943178892136,56.61808395385742,60.50236511230469,-0.40490439534187317,57.02298355102539,62.03752517700195,65.25399017333984,62.430267333984375,-0.24245180189609528,0.6499999761581421,0.0
351,true_heuristic_actions,data/latent/train/1781995633130_heuristic_00005.npz,460,-1.433010220527649,-1.5375497341156006,-0.10250331461429596,51.16846466064453,54.71882247924805,-1.0306031703948975,52.199073791503906,59.836387634277344,59.710567474365234,57.199710845947266,0.38509923219680786,0.4653075933456421,0.05555940791964531
352,true_heuristic_actions,data/latent/train/1781995734609_heuristic_00016.npz,963,-1.608962893486023,-1.7235156297683716,-0.11490104347467422,23.582229614257812,22.83897590637207,-1.165960431098938,24.74818992614746,36.36677169799805,23.596420288085938,30.169330596923828,-0.913916289806366,0.3499999940395355,0.05000000074505806
353,true_heuristic_actions,data/latent/train/1781975648229_heuristic_00011.npz,288,2.5671961307525635,2.6177682876586914,0.17451788485050201,39.318450927734375,37.55103302001953,2.3256168365478516,36.99283218383789,53.9018669128418,38.90385437011719,42.87197494506836,0.09094881266355515,0.5673220753669739,0.01676429994404316
354,true_heuristic_actions,data/latent/train/1781995936765_heuristic_00038.npz,533,-1.5516104698181152,-1.659631609916687,-0.11064210534095764,46.23467254638672,49.78348922729492,-1.132663607597351,47.36733627319336,48.6544075012207,54.4249153137207,51.51121139526367,-0.8489181399345398,0.32976236939430237,0.05518036708235741
355,true_heuristic_actions,data/latent/train/1781995991387_heuristic_00044.npz,946,4.290937900543213,4.6811933517456055,0.3120795488357544,49.08689498901367,48.32497787475586,2.8227882385253906,46.26411437988281,56.76066207885742,47.539485931396484,53.93162536621094,-0.040761034935712814,0.6499999761581421,0.0
356,true_heuristic_actions,data/latent/train/1781975620542_heuristic_00008.npz,185,-1.6179686784744263,-1.732522964477539,-0.1155015304684639,28.293567657470703,32.414337158203125,-1.1745753288269043,29.468141555786133,24.29106903076172,36.93223190307617,29.974822998046875,0.935299277305603,0.36178481578826904,0.0616668239235878
357,true_heuristic_actions,data/latent/train/1781975611090_heuristic_00007.npz,865,-1.470556378364563,-1.571360468864441,-0.10475736111402512,45.82951354980469,48.08844757080078,-1.07866370677948,46.908180236816406,51.88870620727539,51.63774871826172,52.52040100097656,-0.9488962292671204,0.36508190631866455,0.06503520160913467
358,true_heuristic_actions,data/latent/train/1781995902344_heuristic_00034.npz,144,-1.6154353618621826,-1.7296382188796997,-0.1153092160820961,49.96650314331055,52.66336441040039,-1.17316734790802,51.13967514038086,54.86970138549805,56.79357147216797,56.852134704589844,0.8877399563789368,0.3521694839000702,0.06060556694865227
359,true_heuristic_actions,data/latent/train/1781975694262_heuristic_00016.npz,69,14.736235618591309,15.860764503479004,1.0573842525482178,91.20442962646484,91.24424743652344,10.423149108886719,80.78128814697266,90.22230529785156,90.25586700439453,89.5616455078125,-0.14716076850891113,0.550000011920929,0.0
360,true_heuristic_actions,data/latent/train/1781995936765_heuristic_00038.npz,71,16.450998306274414,17.700485229492188,1.1800323724746704,89.01806640625,86.5156021118164,11.660910606384277,77.35716247558594,90.6948471069336,82.78070068359375,88.2200927734375,-0.13411810994148254,0.5971333384513855,0.029511841014027596
361,true_heuristic_actions,data/latent/train/1781975592337_heuristic_00005.npz,540,-1.495784878730774,-1.602422833442688,-0.10682819038629532,25.36563491821289,23.024248123168945,-1.0837783813476562,26.44940948486328,41.079078674316406,22.380386352539062,34.081573486328125,-0.8513702154159546,0.2906422019004822,0.06511131674051285
362,true_heuristic_actions,data/latent/train/1781995669694_heuristic_00009.npz,605,0.8811114430427551,0.9404088258743286,0.06269392371177673,50.016357421875,51.0479736328125,0.6444608569145203,49.37189865112305,64.6275863647461,53.66139602661133,56.049015045166016,-0.6165611743927002,0.34342071413993835,0.02354186773300171
363,true_heuristic_actions,data/latent/train/1781975556701_heuristic_00001.npz,721,-1.2463040351867676,-1.3170424699783325,-0.08780283480882645,61.84120178222656,70.25395202636719,-0.9590481519699097,62.80025100708008,47.75980758666992,78.42994689941406,64.1175537109375,-0.08319070935249329,0.6499999761581421,0.0
364,true_heuristic_actions,data/latent/train/1781995963949_heuristic_00041.npz,356,1.708008885383606,1.865043044090271,0.12433620542287827,62.202003479003906,65.04545593261719,1.1038912534713745,61.098106384277344,64.05756378173828,68.27706146240234,67.73394012451172,-0.33010321855545044,0.5299999713897705,0.0
365,true_heuristic_actions,data/latent/train/1781995624027_heuristic_00004.npz,191,-1.6611531972885132,-1.7799736261367798,-0.11866490542888641,31.894960403442383,34.46363067626953,-1.2019811868667603,33.09693908691406,33.25419235229492,37.8133659362793,36.13457489013672,0.6562039852142334,0.2704346477985382,0.04831799492239952
366,true_heuristic_actions,data/latent/train/1781996037878_heuristic_00049.npz,362,7.920793056488037,8.640454292297363,0.5760303139686584,82.80132293701172,85.49215698242188,5.197451591491699,77.60387420654297,83.70614624023438,86.41687774658203,86.36909484863281,0.019312549382448196,0.6214163303375244,0.003929332364350557
367,true_heuristic_actions,data/latent/train/1781995902344_heuristic_00034.npz,897,-1.6274926662445068,-1.7437117099761963,-0.11624744534492493,39.08283996582031,40.98251724243164,-1.178205132484436,40.26103591918945,46.017120361328125,44.30570602416992,45.05849838256836,0.9180490374565125,0.3881845474243164,0.0637877807021141
368,true_heuristic_actions,data/latent/train/1781995963949_heuristic_00041.npz,421,-0.477212518453598,-0.4968023896217346,-0.033120159059762955,48.20792770385742,51.163818359375,-0.3931739032268524,48.60109329223633,51.45041275024414,54.69497299194336,53.795738220214844,-0.9238590002059937,0.3546391427516937,0.05234318599104881
369,true_heuristic_actions,data/latent/train/1781975574208_heuristic_00003.npz,552,-1.6411712169647217,-1.7581697702407837,-0.11721131950616837,37.78661346435547,38.899513244628906,-1.188763976097107,38.975379943847656,46.060482025146484,41.657161712646484,44.338035583496094,0.4890405535697937,0.24256251752376556,0.0619359165430069
370,true_heuristic_actions,data/latent/train/1781995669694_heuristic_00009.npz,20,7.8566436767578125,8.4869384765625,0.5657958984375,81.4314956665039,86.51876831054688,5.439633369445801,75.99185943603516,70.2700424194336,90.15109252929688,80.81900787353516,0.09666507691144943,0.6403380036354065,0.01638057827949524
371,true_heuristic_actions,data/latent/train/1781975648229_heuristic_00011.npz,352,-1.6515079736709595,-1.7696703672409058,-0.11797802150249481,44.76428985595703,46.86964416503906,-1.1948684453964233,45.95915985107422,54.046043395996094,50.67649459838867,51.40868377685547,0.7710361480712891,0.41822388768196106,0.07640734314918518
372,true_heuristic_actions,data/latent/train/1781975565096_heuristic_00002.npz,128,16.23715591430664,17.422025680541992,1.1614683866500854,87.80574798583984,87.130859375,11.660844802856445,76.1448974609375,88.26922607421875,85.70076751708984,84.20623779296875,0.1734066903591156,0.6027067303657532,0.0008415136835537851
373,true_heuristic_actions,data/latent/train/1781995918104_heuristic_00036.npz,633,-1.6704567670822144,-1.7904796600341797,-0.11936531215906143,38.32330322265625,40.381412506103516,-1.2069586515426636,39.53025436401367,45.45048522949219,43.6124382019043,44.326080322265625,-0.037752434611320496,0.2992767095565796,0.05252790451049805
374,true_heuristic_actions,data/latent/train/1781996010272_heuristic_00046.npz,452,9.282160758972168,10.05109977722168,0.6700733304023743,81.45765686035156,82.91361999511719,6.30618953704834,75.1514663696289,76.37931060791016,82.98077392578125,83.7091064453125,0.0468701533973217,0.6483114957809448,0.0020880051888525486
375,true_heuristic_actions,data/latent/train/1781996019435_heuristic_00047.npz,252,-0.5254170894622803,-0.5149638652801514,-0.03433092311024666,54.8929443359375,58.365177154541016,-0.5360586643218994,55.42900466918945,60.70732879638672,62.73859786987305,60.89906692504883,0.8232954740524292,0.25,0.05000000074505806
376,true_heuristic_actions,data/latent/train/1781975776928_heuristic_00025.npz,451,-1.649798035621643,-1.7676069736480713,-0.11784046143293381,29.153038024902344,30.640398025512695,-1.1945847272872925,30.347618103027344,26.319278717041016,31.543195724487305,35.56694793701172,-0.7196464538574219,0.3797411024570465,0.04598398879170418
377,true_heuristic_actions,data/latent/train/1781995973433_heuristic_00042.npz,829,5.960074424743652,6.559816360473633,0.43732109665870667,77.550048828125,81.35350799560547,3.7024435997009277,73.8476333618164,72.64551544189453,83.23546600341797,81.18314361572266,0.1777961403131485,0.60999995470047,0.0
378,true_heuristic_actions,data/latent/train/1781975722846_heuristic_00019.npz,964,6.897110462188721,7.574241638183594,0.5049494504928589,80.98806762695312,85.05857849121094,4.365758419036865,76.62230682373047,75.46322631835938,86.80176544189453,84.10122680664062,0.28113842010498047,0.6499999761581421,0.0
379,true_heuristic_actions,data/latent/train/1781975731978_heuristic_00020.npz,12,-0.14401587843894958,-0.15257656574249268,-0.010171771049499512,58.86895751953125,61.26325988769531,-0.09245967864990234,58.961429595947266,73.39440155029297,65.69955444335938,65.70567321777344,0.015868309885263443,0.6499999761581421,0.0
380,true_heuristic_actions,data/latent/train/1781975601594_heuristic_00006.npz,456,-1.6706726551055908,-1.790478229522705,-0.11936521530151367,19.416446685791016,21.299205780029297,-1.2078617811203003,20.624309539794922,22.09664535522461,23.83245849609375,22.39968490600586,-0.9462530612945557,0.3499999940395355,0.05000000074505806
381,true_heuristic_actions,data/latent/train/1781995586132_heuristic_00000.npz,949,18.843069076538086,20.071767807006836,1.3381178379058838,67.717041015625,60.61635208129883,14.00172233581543,53.715328216552734,71.66704559326172,54.02324676513672,63.70565414428711,-0.5399719476699829,0.3499999940395355,0.010000000707805157
382,true_heuristic_actions,data/latent/train/1781975795046_heuristic_00027.npz,765,-1.1923366785049438,-1.2658566236495972,-0.08439043909311295,42.60105895996094,47.424434661865234,-0.9034705758094788,43.5045280456543,38.4207878112793,52.075870513916016,46.190574645996094,0.26417917013168335,0.5299999713897705,0.0
383,true_heuristic_actions,data/latent/train/1781995781052_heuristic_00021.npz,317,-1.5665351152420044,-1.6751090288162231,-0.11167393624782562,49.00484848022461,53.74642562866211,-1.1447474956512451,50.14959716796875,45.09373092651367,58.587772369384766,54.12019729614258,0.039773836731910706,0.3929446339607239,0.049588434398174286
384,actor,data/latent/train/1781975666230_heuristic_00013.npz,443,3.030181884765625,3.268497943878174,0.2178998589515686,55.072845458984375,57.979610443115234,2.0969693660736084,52.975868225097656,43.206600189208984,60.4856071472168,57.48272705078125,0.7969806790351868,0.9999989867210388,0.0
385,actor,data/latent/train/1781975722846_heuristic_00019.npz,948,0.0951990857720375,0.1313517838716507,0.008756785653531551,47.90066146850586,51.272647857666016,-0.035558123141527176,47.936214447021484,47.4000358581543,54.920780181884766,52.23908233642578,-0.6910418272018433,0.9999032616615295,4.5100847501089447e-07
386,actor,data/latent/train/1781975556701_heuristic_00001.npz,629,-1.0770426988601685,-1.1356780529022217,-0.07571186870336533,48.8838996887207,54.627403259277344,-0.8411718606948853,49.72506332397461,39.41297149658203,59.62613296508789,52.70013427734375,-0.8416146636009216,0.9997596740722656,1.000364591163816e-05
387,actor,data/latent/train/1781975740977_heuristic_00021.npz,827,-0.7090804576873779,-0.7482490539550781,-0.049883268773555756,33.179405212402344,32.95539093017578,-0.5537872314453125,33.733184814453125,41.76436996459961,33.87602615356445,39.86503219604492,0.9988992214202881,0.9991551637649536,8.940696716308594e-08
388,actor,data/latent/train/1781995624027_heuristic_00004.npz,556,-1.4599233865737915,-1.5587072372436523,-0.103913813829422,52.71256637573242,58.441505432128906,-1.0761346817016602,53.788700103759766,50.49959945678711,64.4012680053711,57.10133361816406,-0.07928851991891861,0.9999617338180542,6.556511067401516e-08
389,actor,data/latent/train/1781996010272_heuristic_00046.npz,267,-1.4511475563049316,-1.5541428327560425,-0.10360952466726303,43.52598190307617,47.07209777832031,-1.0531303882598877,44.57910919189453,48.513668060302734,51.393699645996094,48.696754455566406,0.9914728999137878,0.9999029636383057,5.16573592790337e-08
390,actor,data/latent/train/1781995918104_heuristic_00036.npz,15,3.7691125869750977,4.163511276245117,0.27756741642951965,68.09455871582031,73.29692077636719,2.3118090629577637,65.78273010253906,65.17243194580078,77.28726196289062,70.49784851074219,0.9916518926620483,0.9997504353523254,1.688798221266552e-07
391,actor,data/latent/train/1781995725381_heuristic_00015.npz,466,-1.624080777168274,-1.73810875415802,-0.11587391793727875,39.21009826660156,42.824951171875,-1.1822830438613892,40.39237976074219,39.113346099853516,47.209686279296875,43.398826599121094,-0.34304696321487427,0.9999573230743408,1.4503797274301178e-07
392,actor,data/latent/train/1781995865173_heuristic_00030.npz,178,0.7578468918800354,0.8411543369293213,0.056076955050230026,48.276206970214844,53.338069915771484,0.43658673763275146,47.83961868286133,45.756046295166016,57.5073127746582,50.942100524902344,-0.2774626314640045,0.9998668432235718,9.020169500217889e-07
393,actor,data/latent/train/1781995633130_heuristic_00005.npz,776,-1.4324448108673096,-1.535685420036316,-0.10237903147935867,23.007898330688477,25.73678970336914,-1.033174991607666,24.04107093811035,20.722681045532227,28.501178741455078,25.713523864746094,0.1369292438030243,0.9999609589576721,4.7683716530855236e-08
394,actor,data/latent/train/1781995734609_heuristic_00016.npz,903,7.259646415710449,8.092156410217285,0.5394771099090576,64.65261840820312,70.31600189208984,4.212451934814453,60.4401741027832,50.32443618774414,70.88909912109375,64.76079559326172,0.814378023147583,0.9999990463256836,0.0
395,actor,data/latent/train/1781975629865_heuristic_00009.npz,244,-1.6516772508621216,-1.769789218902588,-0.11798594892024994,22.493925094604492,24.00872802734375,-1.1951940059661865,23.689119338989258,24.512969970703125,26.272003173828125,26.335468292236328,0.9930687546730042,0.9999889135360718,0.0
396,actor,data/latent/train/1781975675666_heuristic_00014.npz,912,-1.3823299407958984,-1.473127007484436,-0.0982084646821022,50.30416488647461,54.57693099975586,-1.0256962776184082,51.329864501953125,44.87942123413086,59.42154312133789,55.34052276611328,-0.9999725222587585,0.9984485507011414,0.00016829172091092914
397,actor,data/latent/train/1781995936765_heuristic_00038.npz,229,-1.083275556564331,-1.1484779119491577,-0.07656519114971161,44.79618453979492,49.47297668457031,-0.8258132934570312,45.62200164794922,37.83829116821289,54.093467712402344,48.52528381347656,0.2225341647863388,0.9999668598175049,4.17232506322307e-08
398,actor,data/latent/train/1781995678845_heuristic_00010.npz,463,-1.5106961727142334,-1.6154357194900513,-0.10769571363925934,41.642356872558594,44.580936431884766,-1.1038408279418945,42.7462043762207,47.25624465942383,49.26317596435547,46.181480407714844,1.0,0.9998611807823181,1.9868215961338365e-09
399,actor,data/latent/train/1781975767951_heuristic_00024.npz,25,4.253297805786133,4.577739715576172,0.30518263578414917,71.74689483642578,75.93866729736328,3.0228850841522217,68.7240219116211,65.06561279296875,80.18258666992188,73.84408569335938,0.20437711477279663,0.999994158744812,0.0
400,actor,data/latent/train/1781995660611_heuristic_00008.npz,931,2.0487167835235596,2.2899510860443115,0.15266340970993042,57.98395919799805,63.09300994873047,1.181906819343567,56.802059173583984,54.15803146362305,67.51929473876953,60.26947021484375,0.9558455348014832,0.9999972581863403,0.0
401,actor,data/latent/train/1781995936765_heuristic_00038.npz,350,-1.0727022886276245,-1.1174689531326294,-0.07449793070554733,52.98051834106445,59.0929069519043,-0.8776366114616394,53.858150482177734,47.19439697265625,64.99600219726562,56.68365478515625,-0.5442566275596619,0.9998615384101868,5.125999678057269e-07
402,actor,data/latent/train/1781975556701_heuristic_00001.npz,772,2.8306057453155518,3.2466204166412354,0.21644136309623718,76.93387603759766,81.42623138427734,1.3558698892593384,75.5780029296875,69.42439270019531,84.47591400146484,83.04229736328125,0.3331643044948578,0.9998636841773987,1.5894572413799324e-07
403,actor,data/latent/train/1781995799509_heuristic_00023.npz,393,-1.6674813032150269,-1.7874212265014648,-0.11916141211986542,8.530795097351074,7.0087409019470215,-1.2043906450271606,9.735183715820312,10.9746732711792,6.552029609680176,13.190654754638672,0.8757497668266296,0.999975323677063,3.973643192267673e-09
404,actor,data/latent/train/1781975583574_heuristic_00004.npz,785,-1.526140570640564,-1.6326462030410767,-0.10884308069944382,34.47201919555664,37.85791015625,-1.1132683753967285,35.585289001464844,31.956218719482422,41.84164810180664,37.96909713745117,0.09785453230142593,0.9999436736106873,9.139378676081833e-08
405,actor,data/latent/train/1781975740977_heuristic_00021.npz,411,-0.08803122490644455,-0.09766417741775513,-0.006510945037007332,38.758567810058594,39.493282318115234,-0.05775390565395355,38.816314697265625,48.50809860229492,41.42831802368164,44.48948287963867,0.9565863013267517,0.99994295835495,3.973643192267673e-09
406,actor,data/latent/train/1781975601594_heuristic_00006.npz,247,-1.1990234851837158,-1.266265869140625,-0.08441772311925888,48.73544692993164,54.69093322753906,-0.9264702796936035,49.66191482543945,44.32487106323242,60.37113571166992,52.18263626098633,-0.23179617524147034,0.9992683529853821,9.894371032714844e-06
407,actor,data/latent/train/1781995973433_heuristic_00042.npz,920,-1.540766716003418,-1.6508152484893799,-0.11005435138940811,25.23134422302246,26.52703094482422,-1.115478515625,26.34682273864746,28.588645935058594,28.213075637817383,30.223501205444336,0.7956277132034302,0.9975454211235046,2.046426175184024e-07
408,actor,data/latent/train/1781995982334_heuristic_00043.npz,527,-1.3833943605422974,-1.4749430418014526,-0.09832953661680222,46.70588684082031,51.543697357177734,-1.0263798236846924,47.732261657714844,45.371280670166016,56.73751449584961,50.86973190307617,-0.14518855512142181,0.9999611973762512,4.17232506322307e-08
409,actor,data/latent/train/1781975620542_heuristic_00008.npz,195,-1.6122583150863647,-1.7264692783355713,-0.11509795486927032,28.538631439208984,31.276927947998047,-1.1701208353042603,29.708757400512695,30.57396125793457,34.78573989868164,31.918109893798828,0.9703127145767212,0.9999952912330627,0.0
410,actor,data/latent/train/1781995865173_heuristic_00030.npz,569,3.661686420440674,4.085199356079102,0.2723466157913208,70.0752182006836,76.33738708496094,2.1089529991149902,67.96627807617188,64.44123077392578,80.5857925415039,72.41233825683594,0.9999986290931702,0.9999639987945557,0.0
411,actor,data/latent/train/1781995624027_heuristic_00004.npz,168,-1.6574795246124268,-1.7774890661239624,-0.1184992715716362,20.829483032226562,20.34629249572754,-1.1943315267562866,22.023818969726562,25.589357376098633,21.337692260742188,26.168264389038086,1.0,0.9824457168579102,2.6965140932588838e-05
412,actor,data/latent/train/1781975629865_heuristic_00009.npz,460,9.268648147583008,9.854976654052734,0.6569984555244446,79.02157592773438,78.0268325805664,6.966464996337891,72.05513763427734,84.13086700439453,78.90471649169922,80.88182067871094,0.3299289643764496,0.9999673366546631,7.947286384535346e-09
413,actor,data/latent/train/1781975583574_heuristic_00004.npz,907,-1.5886896848678589,-1.702858567237854,-0.11352390795946121,44.15011215209961,45.76969528198242,-1.1481748819351196,45.298282623291016,52.98332595825195,49.074317932128906,51.19163513183594,-0.3110003173351288,0.9992585778236389,1.2369951036816929e-05
414,actor,data/latent/train/1781995845712_heuristic_00028.npz,888,1.2563625574111938,1.3896516561508179,0.09264344722032547,49.26922607421875,52.5779914855957,0.7720217108726501,48.4971923828125,51.47534942626953,56.07900619506836,52.625789642333984,0.999993622303009,0.9999579191207886,3.973643192267673e-09
415,actor,data/latent/train/1781995762779_heuristic_00019.npz,129,-1.021955132484436,-1.1173661947250366,-0.07449107617139816,41.478477478027344,45.27123260498047,-0.6545787453651428,42.133060455322266,46.647891998291016,50.60417556762695,44.50544357299805,-0.5463761687278748,0.9976591467857361,0.0004856665909755975
416,actor,data/latent/train/1781995874538_heuristic_00031.npz,463,-1.6636598110198975,-1.783097743988037,-0.11887318640947342,32.742523193359375,37.106502532958984,-1.2022353410720825,33.94475173950195,31.767005920410156,42.02994155883789,35.02309036254883,-0.17056649923324585,0.999975860118866,1.0927518445669193e-07
417,actor,data/latent/train/1781995753128_heuristic_00018.npz,856,-1.6580215692520142,-1.7763251066207886,-0.11842167377471924,33.55268096923828,36.81720733642578,-1.2006453275680542,34.753326416015625,36.212100982666016,40.86750030517578,37.30883026123047,0.8643897175788879,0.9999752044677734,1.9868215961338365e-09
418,actor,data/latent/train/1781975556701_heuristic_00001.npz,983,-1.2859400510787964,-1.3665281534194946,-0.09110187739133835,40.23834991455078,42.99751663208008,-0.9677799344062805,41.20613479614258,43.50080490112305,46.27008819580078,45.73517608642578,-0.9728386998176575,0.9996349215507507,1.2803077879652847e-05
419,actor,data/latent/train/1781995660611_heuristic_00008.npz,198,-1.5266528129577637,-1.638363003730774,-0.10922420024871826,55.39396667480469,59.46125411987305,-1.0955443382263184,56.48950958251953,59.183692932128906,64.79625701904297,61.60893249511719,0.8482741713523865,0.995698869228363,3.4336248063482344e-05
420,actor,data/latent/train/1781996019435_heuristic_00047.npz,269,-0.9531441330909729,-1.0030072927474976,-0.0668671503663063,54.98905563354492,60.037132263183594,-0.7531746029853821,55.742244720458984,60.00387954711914,65.7207260131836,59.92829895019531,-0.11082180589437485,0.9999923706054688,1.9868215961338365e-09
421,actor,data/latent/train/1781975592337_heuristic_00005.npz,219,-1.683506965637207,-1.804526925086975,-0.12030179798603058,3.5633163452148438,0.5905837416648865,-1.2161543369293213,4.779470443725586,21.956361770629883,-0.36515453457832336,8.981300354003906,1.0,0.9990373849868774,1.521905232948484e-06
422,actor,data/latent/train/1781975675666_heuristic_00014.npz,807,-1.5072773694992065,-1.617999792098999,-0.10786665230989456,46.63117599487305,50.587650299072266,-1.0805602073669434,47.711734771728516,45.93376541137695,55.513980865478516,51.37239074707031,0.8691030144691467,0.9997961521148682,2.6027362309832824e-07
423,actor,data/latent/train/1781975648229_heuristic_00011.npz,541,-1.511397123336792,-1.617398977279663,-0.1078265979886055,47.992069244384766,51.71654510498047,-1.0999451875686646,49.09202194213867,52.739662170410156,56.700077056884766,53.276710510253906,-0.5643538236618042,0.9996141195297241,4.146496394241694e-06
424,actor,data/latent/train/1781995954713_heuristic_00040.npz,209,-1.5993881225585938,-1.71205472946167,-0.11413697898387909,36.00911331176758,40.41053009033203,-1.1630834341049194,37.172203063964844,32.20866394042969,45.09041213989258,38.92909240722656,0.7871893644332886,0.9999983906745911,0.0
425,actor,data/latent/train/1781975804219_heuristic_00028.npz,289,-0.6669889092445374,-0.7224948406219482,-0.04816632345318794,47.58659744262695,50.095924377441406,-0.45473530888557434,48.04134750366211,37.95930099487305,53.569435119628906,52.63287353515625,0.11594673991203308,0.9997584223747253,3.302097411506111e-06
426,actor,data/latent/train/1781975611090_heuristic_00007.npz,894,-0.04427480325102806,-0.02536003664135933,-0.0016906691016629338,48.21562194824219,53.455650329589844,-0.10702270269393921,48.32264709472656,41.12021255493164,58.25275802612305,50.921791076660156,0.41286706924438477,0.9999456405639648,8.34465012644614e-08
427,actor,data/latent/train/1781996028648_heuristic_00048.npz,736,-1.301905870437622,-1.3926653861999512,-0.09284435957670212,52.627349853515625,56.30781936645508,-0.9488940834999084,53.57625961303711,53.79519271850586,61.03324508666992,58.591575622558594,-0.24070431292057037,0.999877393245697,6.139278525552072e-07
428,actor,data/latent/train/1781995753128_heuristic_00018.npz,792,-1.4747103452682495,-1.581377387046814,-0.1054251566529274,24.10044288635254,27.78940200805664,-1.0633935928344727,25.163837432861328,21.269195556640625,31.759151458740234,25.54701042175293,0.470051109790802,0.9999961853027344,0.0
429,actor,data/latent/train/1781995827249_heuristic_00026.npz,849,11.45905590057373,12.284994125366211,0.8189995884895325,88.99652099609375,90.95455932617188,8.245011329650879,80.75151062011719,81.48945617675781,92.12549591064453,88.36221313476562,0.14150245487689972,0.9996892213821411,2.5471051685599377e-06
430,actor,data/latent/train/1781995818312_heuristic_00025.npz,182,5.555037021636963,6.195411682128906,0.41302743554115295,79.59085845947266,85.895751953125,3.1935458183288574,76.39730072021484,73.21709442138672,88.86752319335938,82.53294372558594,-0.851712167263031,0.999961256980896,2.006689641120829e-07
431,actor,data/latent/train/1781995734609_heuristic_00016.npz,701,-1.5903208255767822,-1.7054182291030884,-0.11369454860687256,31.704933166503906,33.73390579223633,-1.146250605583191,32.85118865966797,30.415748596191406,36.13346862792969,36.80996322631836,0.014377041719853878,0.9999738335609436,7.351239617037209e-08
432,actor,data/latent/train/1781995707003_heuristic_00013.npz,886,-1.5610445737838745,-1.6716974973678589,-0.11144649982452393,37.320613861083984,42.193519592285156,-1.1324983835220337,38.453102111816406,36.61906051635742,47.5676383972168,39.7786979675293,-0.06880869716405869,0.9997602701187134,1.53581299855432e-06
433,actor,data/latent/train/1781995660611_heuristic_00008.npz,266,-1.5815856456756592,-1.6907761096954346,-0.11271841078996658,42.928340911865234,47.15497970581055,-1.1567620038986206,44.08510971069336,44.843597412109375,52.27121353149414,46.98154830932617,-0.6457516551017761,0.9998282790184021,1.1702378515110468e-06
434,actor,data/latent/train/1781975740977_heuristic_00021.npz,321,7.287050724029541,7.819814205169678,0.5213209390640259,76.8950424194336,79.14938354492188,5.230944633483887,71.66411590576172,77.57323455810547,81.38011932373047,78.84178161621094,0.5788090229034424,0.9997526407241821,8.940696716308594e-08
435,actor,data/latent/train/1781995790154_heuristic_00022.npz,895,0.8892033100128174,1.0670422315597534,0.07113614678382874,63.138038635253906,67.83264923095703,0.28015369176864624,62.857887268066406,59.28360366821289,71.81690216064453,68.49200439453125,0.5540525913238525,0.9997937083244324,9.814898476179224e-07
436,actor,data/latent/train/1781995762779_heuristic_00019.npz,547,5.9160685539245605,6.460730075836182,0.4307153522968292,70.67367553710938,75.36831665039062,3.86405348777771,66.80960845947266,70.98941802978516,78.38506317138672,72.05415344238281,0.9998205304145813,0.9997103214263916,2.781550101360608e-08
437,actor,data/latent/train/1781996000904_heuristic_00045.npz,178,-0.7656237483024597,-0.798399806022644,-0.05322665348649025,56.089569091796875,60.98060989379883,-0.6304376125335693,56.720008850097656,47.00867462158203,66.40866088867188,60.41087341308594,0.5171047449111938,0.9975860118865967,2.6961167804984143e-06
438,actor,data/latent/train/1781995707003_heuristic_00013.npz,67,6.337860584259033,6.973326206207275,0.46488842368125916,74.77913665771484,80.62440490722656,3.9657504558563232,70.81336212158203,69.0390853881836,84.48246002197266,74.8426742553711,-0.35566630959510803,0.999998152256012,0.0
439,actor,data/latent/train/1781975657159_heuristic_00012.npz,847,-1.5350406169891357,-1.6417546272277832,-0.1094503104686737,44.37974166870117,47.794742584228516,-1.1210891008377075,45.500823974609375,37.63314437866211,51.942840576171875,49.303428649902344,0.946218729019165,0.999165952205658,2.195437673435663e-06
440,actor,data/latent/train/1781975785803_heuristic_00026.npz,933,-1.064844012260437,-1.1389052867889404,-0.0759270191192627,49.98435974121094,53.749267578125,-0.7803353667259216,50.76469802856445,51.68388366699219,58.58454895019531,55.0252571105957,-0.4154544174671173,0.9997101426124573,2.7318794764141785e-06
441,actor,data/latent/train/1781995753128_heuristic_00018.npz,348,-1.6362916231155396,-1.7547687292099,-0.11698458343744278,36.165130615234375,38.877357482910156,-1.179134488105774,37.344261169433594,42.323150634765625,42.51030349731445,41.136573791503906,0.6584848761558533,0.9996763467788696,6.834665668975504e-07
442,actor,data/latent/train/1781995642283_heuristic_00006.npz,821,5.337460994720459,5.789031982421875,0.3859354555606842,76.86752319335938,79.72721099853516,3.622127056121826,73.24539947509766,80.87332916259766,82.62390899658203,80.75358581542969,-0.10040611773729324,0.999999463558197,0.0
443,actor,data/latent/train/1781975638980_heuristic_00010.npz,675,23.785701751708984,25.557079315185547,1.7038053274154663,113.60260772705078,112.63048553466797,16.934703826904297,96.66790771484375,100.07054901123047,108.2812728881836,107.22706604003906,-0.3608394265174866,0.9999929666519165,0.0
444,actor,data/latent/train/1781975611090_heuristic_00007.npz,597,8.320369720458984,9.033618927001953,0.6022412776947021,77.69667053222656,79.55774688720703,5.594546794891357,72.10211181640625,72.84073638916016,80.0468521118164,80.00875091552734,0.6723119020462036,0.9998137354850769,5.364418029785156e-07
445,actor,data/latent/train/1781975759513_heuristic_00023.npz,755,-1.6332608461380005,-1.752369999885559,-0.1168246641755104,29.25957679748535,30.81896209716797,-1.1737663745880127,30.433338165283203,36.408756256103516,33.78678512573242,33.841773986816406,-0.27988582849502563,0.9999788999557495,5.364417887676609e-08
446,actor,data/latent/train/1781975556701_heuristic_00001.npz,973,-1.3956351280212402,-1.4862747192382812,-0.09908498078584671,15.21264362335205,14.714510917663574,-1.0390856266021729,16.25172996520996,23.474430084228516,15.311022758483887,19.808631896972656,0.9999939799308777,0.9999856352806091,0.0
447,actor,data/latent/train/1781995902344_heuristic_00034.npz,772,-1.6045868396759033,-1.718492031097412,-0.1145661324262619,17.770265579223633,17.61198616027832,-1.1638333797454834,18.934101104736328,28.92005157470703,18.662878036499023,22.764184951782227,0.5930646061897278,0.9999937415122986,0.0
384,true_heuristic_actions,data/latent/train/1781975666230_heuristic_00013.npz,443,1.0547075271606445,1.1331615447998047,0.07554410398006439,49.83222579956055,52.48774337768555,0.7458635568618774,49.086360931396484,43.206600189208984,55.72526168823242,53.41978454589844,-0.0883600190281868,0.6299999952316284,0.0
385,true_heuristic_actions,data/latent/train/1781975722846_heuristic_00019.npz,948,-0.8752726912498474,-0.9314160346984863,-0.06209440156817436,43.59678649902344,46.21361541748047,-0.6551246643066406,44.25192642211914,47.4000358581543,49.4398078918457,49.27781677246094,0.38398507237434387,0.5099999904632568,0.0
386,true_heuristic_actions,data/latent/train/1781975556701_heuristic_00001.npz,629,-0.7632714509963989,-0.7814934253692627,-0.0520995631814003,46.847618103027344,52.8924674987793,-0.6703142523765564,47.51792526245117,39.41297149658203,58.25486373901367,49.50813293457031,-0.21596430242061615,0.46358925104141235,0.024974526837468147
387,true_heuristic_actions,data/latent/train/1781975740977_heuristic_00021.npz,827,-1.2489348649978638,-1.3416112661361694,-0.08944074809551239,24.931381225585938,24.206663131713867,-0.8919605016708374,25.823341369628906,41.76436996459961,25.85274887084961,30.488441467285156,-0.070160873234272,0.643316924571991,0.04331321641802788
388,true_heuristic_actions,data/latent/train/1781995624027_heuristic_00004.npz,556,-1.6050654649734497,-1.7194864749908447,-0.11463243514299393,48.301395416259766,52.09646987915039,-1.1622918844223022,49.463680267333984,50.49959945678711,56.77823257446289,53.968231201171875,0.26360148191452026,0.260720819234848,0.06596687436103821
389,true_heuristic_actions,data/latent/train/1781996010272_heuristic_00046.npz,267,-1.476349115371704,-1.5774815082550049,-0.10516543686389923,31.04628562927246,32.30674362182617,-1.0826938152313232,32.12898254394531,48.513668060302734,35.72072982788086,35.87924575805664,-0.9144165515899658,0.3558584153652191,0.048062268644571304
390,true_heuristic_actions,data/latent/train/1781995918104_heuristic_00036.npz,15,-0.5318760871887207,-0.5829782485961914,-0.038865216076374054,42.58906555175781,38.56026840209961,-0.34117746353149414,42.93024826049805,65.17243194580078,37.7238883972168,54.04011535644531,0.060241151601076126,0.6450023651123047,0.01997508481144905
391,true_heuristic_actions,data/latent/train/1781995725381_heuristic_00015.npz,466,-1.6551960706710815,-1.7729192972183228,-0.11819461733102798,33.194026947021484,34.59183883666992,-1.1999201774597168,34.39394760131836,39.113346099853516,36.83425521850586,39.3416862487793,-0.8270403742790222,0.37381553649902344,0.059581201523542404
392,true_heuristic_actions,data/latent/train/1781995865173_heuristic_00030.npz,178,-0.20742997527122498,-0.2045758068561554,-0.013638387434184551,44.45696258544922,49.79148483276367,-0.20482182502746582,44.66177749633789,45.756046295166016,54.53060531616211,47.265342712402344,-0.6233890652656555,0.39038535952568054,0.05521469563245773
393,true_heuristic_actions,data/latent/train/1781995633130_heuristic_00005.npz,776,-1.4732227325439453,-1.5825153589248657,-0.10550102591514587,22.603893280029297,24.779306411743164,-1.0527067184448242,23.65660285949707,20.722681045532227,26.647247314453125,26.41546058654785,-0.17386852204799652,0.6100000143051147,0.0
394,true_heuristic_actions,data/latent/train/1781995734609_heuristic_00016.npz,903,5.525559902191162,6.129205703735352,0.4086137115955353,62.398460388183594,66.82979583740234,3.294163465499878,59.10429763793945,50.32443618774414,67.84718322753906,64.24612426757812,0.20604591071605682,0.5943877696990967,0.0059220450930297375
395,true_heuristic_actions,data/latent/train/1781975629865_heuristic_00009.npz,244,-1.6633275747299194,-1.7827891111373901,-0.11885260790586472,16.855545043945312,16.54843521118164,-1.2019259929656982,18.05747413635254,24.512969970703125,17.26766586303711,21.941993713378906,0.8431285619735718,0.3820803463459015,0.055464811623096466
396,true_heuristic_actions,data/latent/train/1781975675666_heuristic_00014.npz,912,-1.3779754638671875,-1.4680308103561401,-0.09786871820688248,49.296974182128906,53.813026428222656,-1.0237703323364258,50.32072830200195,44.87942123413086,58.73541259765625,54.091941833496094,-0.9009542465209961,0.3499999940395355,0.04333333298563957
397,true_heuristic_actions,data/latent/train/1781995936765_heuristic_00038.npz,229,-1.1662685871124268,-1.2449373006820679,-0.08299581706523895,41.15620422363281,44.831119537353516,-0.8619133234024048,42.018123626708984,37.83829116821289,48.69361877441406,45.50602722167969,0.5536511540412903,0.38999998569488525,0.03333333507180214
398,true_heuristic_actions,data/latent/train/1781995678845_heuristic_00010.npz,463,-1.637068748474121,-1.7550630569458008,-0.11700420081615448,27.32584571838379,25.380224227905273,-1.1815390586853027,28.50738525390625,47.25624465942383,26.081445693969727,35.24805450439453,0.4042803645133972,0.4899999797344208,0.010000000707805157
399,true_heuristic_actions,data/latent/train/1781975767951_heuristic_00024.npz,25,3.4765732288360596,3.7432780265808105,0.24955186247825623,64.68998718261719,67.16651153564453,2.45296573638916,62.237030029296875,65.06561279296875,70.10649871826172,68.59768676757812,-0.05310266092419624,0.5771558284759521,0.03011910989880562
400,true_heuristic_actions,data/latent/train/1781995660611_heuristic_00008.npz,931,0.26810121536254883,0.2954186201095581,0.019694574177265167,55.18903350830078,58.987979888916016,0.18286672234535217,55.006168365478516,54.15803146362305,63.88492965698242,59.15868377685547,0.1013869196176529,0.6499999761581421,0.0
401,true_heuristic_actions,data/latent/train/1781995936765_heuristic_00038.npz,350,-1.6226738691329956,-1.7400527000427246,-0.11600351333618164,36.567657470703125,37.313087463378906,-1.1696839332580566,37.737335205078125,47.19439697265625,39.76091766357422,43.4025764465332,0.7347736954689026,0.32240208983421326,0.06337141990661621
402,true_heuristic_actions,data/latent/train/1781975556701_heuristic_00001.npz,772,2.586545467376709,2.957287073135376,0.19715246558189392,78.56475067138672,84.30876922607422,1.2662224769592285,77.2985610961914,69.42439270019531,88.38924407958984,83.94554901123047,0.018734415993094444,0.6499999761581421,0.0
403,true_heuristic_actions,data/latent/train/1781995799509_heuristic_00023.npz,393,-1.6690818071365356,-1.789175271987915,-0.11927834898233414,4.109257698059082,1.1939021348953247,-1.2053860425949097,5.314643859863281,10.9746732711792,-0.17900894582271576,9.382695198059082,0.9439707398414612,0.36884304881095886,0.06893434375524521
404,true_heuristic_actions,data/latent/train/1781975583574_heuristic_00004.npz,785,-1.5391743183135986,-1.6472800970077515,-0.10981867462396622,32.994590759277344,35.4527473449707,-1.1207144260406494,34.11530685424805,31.956218719482422,38.43916702270508,37.563201904296875,0.7301161885261536,0.39989349246025085,0.034307170659303665
405,true_heuristic_actions,data/latent/train/1781975740977_heuristic_00021.npz,411,-0.5061192512512207,-0.5483081936836243,-0.03655387833714485,36.4514045715332,37.98093032836914,-0.3488645851612091,36.80025863647461,48.50809860229492,41.34360885620117,40.71503829956055,-0.17497968673706055,0.5798436403274536,0.00449184188619256
406,true_heuristic_actions,data/latent/train/1781975601594_heuristic_00006.npz,247,-1.4508353471755981,-1.5557204484939575,-0.10371469706296921,41.24835968017578,44.53616714477539,-1.0461616516113281,42.294525146484375,44.32487106323242,48.665802001953125,46.113914489746094,0.80943363904953,0.3499999940395355,0.05000000074505806
407,true_heuristic_actions,data/latent/train/1781995973433_heuristic_00042.npz,920,-1.5305202007293701,-1.6440975666046143,-0.10960650444030762,22.26336097717285,24.42384910583496,-1.0941200256347656,23.357484817504883,28.588645935058594,27.48796272277832,25.181549072265625,-0.08845329284667969,0.6044496297836304,0.007422807160764933
408,true_heuristic_actions,data/latent/train/1781995982334_heuristic_00043.npz,527,-1.6239535808563232,-1.7421114444732666,-0.11614076048135757,42.91868591308594,46.31035614013672,-1.1679754257202148,44.08665084838867,45.371280670166016,50.57836151123047,48.1263427734375,0.4251761734485626,0.25,0.05000000074505806
409,true_heuristic_actions,data/latent/train/1781975620542_heuristic_00008.npz,195,-1.645089864730835,-1.763359785079956,-0.11755731701850891,29.90062141418457,33.55219268798828,-1.188415765762329,31.089035034179688,30.57396125793457,37.84364318847656,32.51475524902344,0.19178850948810577,0.3847147822380066,0.045573100447654724
410,true_heuristic_actions,data/latent/train/1781995865173_heuristic_00030.npz,569,1.111962914466858,1.2584176063537598,0.0838945060968399,56.3011589050293,59.143489837646484,0.5722867250442505,55.728878021240234,64.44123077392578,62.47589874267578,61.75460433959961,0.3786369860172272,0.4258648753166199,0.012460547499358654
411,true_heuristic_actions,data/latent/train/1781995624027_heuristic_00004.npz,168,-1.6622464656829834,-1.7820874452590942,-0.11880583316087723,11.489911079406738,8.071761131286621,-1.1998289823532104,12.689740180969238,25.589357376098633,5.79249382019043,19.71114730834961,0.5160414576530457,0.30691245198249817,0.05317201465368271
412,true_heuristic_actions,data/latent/train/1781975629865_heuristic_00009.npz,460,8.186010360717773,8.64473819732666,0.5763158798217773,73.76451873779297,71.74604034423828,6.342744827270508,67.4217758178711,84.13086700439453,72.87049865722656,76.25494384765625,0.06621254235506058,0.6297852396965027,0.017381133511662483
413,true_heuristic_actions,data/latent/train/1781975583574_heuristic_00004.npz,907,-1.5906405448913574,-1.7042415142059326,-0.11361610144376755,38.7078971862793,39.069297790527344,-1.1519020795822144,39.85979080200195,52.98332595825195,41.35789108276367,46.34334945678711,-0.8214285373687744,0.3351209759712219,0.056152138859033585
414,true_heuristic_actions,data/latent/train/1781995845712_heuristic_00028.npz,888,-0.0006986921653151512,-0.014995153993368149,-0.0009996768785640597,46.70478057861328,49.07810974121094,0.05247049778699875,46.652305603027344,51.47534942626953,52.882076263427734,51.20642852783203,0.7145015001296997,0.3499999940395355,0.04333333298563957
415,true_heuristic_actions,data/latent/train/1781995762779_heuristic_00019.npz,129,-0.9310767650604248,-1.0259344577789307,-0.06839562952518463,37.399330139160156,39.01365280151367,-0.5682822465896606,37.96760940551758,46.647891998291016,42.72883224487305,41.8463249206543,-0.18520024418830872,0.5699999332427979,0.006666666828095913
416,true_heuristic_actions,data/latent/train/1781995874538_heuristic_00031.npz,463,-1.6669659614562988,-1.7865431308746338,-0.11910287290811539,33.46840286254883,37.01551818847656,-1.2049106359481812,34.67330551147461,31.767005920410156,41.03800582885742,36.964813232421875,-0.9067811369895935,0.35085049271583557,0.059800729155540466
417,true_heuristic_actions,data/latent/train/1781995753128_heuristic_00018.npz,856,-1.6642616987228394,-1.783118486404419,-0.11887456476688385,26.71170425415039,28.164827346801758,-1.2047679424285889,27.916473388671875,36.212100982666016,31.44424057006836,30.633560180664062,-0.7660372257232666,0.33387577533721924,0.07249927520751953
418,true_heuristic_actions,data/latent/train/1781975556701_heuristic_00001.npz,983,-1.300727128982544,-1.3841310739517212,-0.09227540343999863,38.37428665161133,40.26880645751953,-0.9730807542800903,39.34736633300781,43.50080490112305,42.762203216552734,44.63447570800781,-0.6517800688743591,0.3499999940395355,0.02666666731238365
419,true_heuristic_actions,data/latent/train/1781995660611_heuristic_00008.npz,198,-1.5202566385269165,-1.6300691366195679,-0.10867127776145935,41.538307189941406,42.121524810791016,-1.0968157052993774,42.635128021240234,59.183692932128906,45.315364837646484,48.73839569091797,0.2795849144458771,0.3920617699623108,0.05252240598201752
420,true_heuristic_actions,data/latent/train/1781996019435_heuristic_00047.npz,269,-1.3321611881256104,-1.4199726581573486,-0.09466484189033508,53.23919677734375,56.88935852050781,-0.9875544905662537,54.226749420166016,60.00387954711914,61.93544006347656,59.32463836669922,0.9628185033798218,0.2966666519641876,0.05000000074505806
421,true_heuristic_actions,data/latent/train/1781975592337_heuristic_00005.npz,219,-1.6840018033981323,-1.8050509691238403,-0.12033673375844955,3.9368185997009277,1.8257224559783936,-1.2165695428848267,5.153388023376465,21.956361770629883,1.082728624343872,9.098003387451172,-0.10205279290676117,0.25,0.05000000074505806
422,true_heuristic_actions,data/latent/train/1781975675666_heuristic_00014.npz,807,-1.4457224607467651,-1.547587513923645,-0.10317250341176987,38.7303352355957,39.04252243041992,-1.0521504878997803,39.78247833251953,45.93376541137695,40.52030563354492,46.6960563659668,-0.5882188081741333,0.2679353654384613,0.054024625569581985
423,true_heuristic_actions,data/latent/train/1781975648229_heuristic_00011.npz,541,-1.4149812459945679,-1.5161056518554688,-0.10107371211051941,45.26368713378906,47.260032653808594,-1.0244044065475464,46.2880973815918,52.739662170410156,50.433162689208984,52.328792572021484,0.9864901304244995,0.3499999940395355,0.05000000074505806
424,true_heuristic_actions,data/latent/train/1781995954713_heuristic_00040.npz,209,-1.5559427738189697,-1.6630300283432007,-0.1108686700463295,36.913570404052734,42.176612854003906,-1.1394647359848022,38.05302810668945,32.20866394042969,47.734554290771484,38.791465759277344,0.9497931599617004,0.28333333134651184,0.05000000074505806
425,true_heuristic_actions,data/latent/train/1781975804219_heuristic_00028.npz,289,-1.4269707202911377,-1.539574146270752,-0.10263827443122864,36.819313049316406,36.56533432006836,-0.9954391717910767,37.814754486083984,37.95930099487305,38.161800384521484,43.927425384521484,0.050747279077768326,0.6499999761581421,0.0
426,true_heuristic_actions,data/latent/train/1781975611090_heuristic_00007.npz,894,-0.7628156542778015,-0.8348078727722168,-0.05565385892987251,40.75725173950195,41.427608489990234,-0.49726980924606323,41.2545166015625,41.12021255493164,42.42951965332031,48.322757720947266,-0.6375125646591187,0.38096854090690613,0.03000279888510704
427,true_heuristic_actions,data/latent/train/1781996028648_heuristic_00048.npz,736,-1.4169261455535889,-1.5226774215698242,-0.10151182860136032,48.54537582397461,50.10612106323242,-1.0089423656463623,49.554317474365234,53.79519271850586,53.1935920715332,56.22930908203125,0.8082543611526489,0.38362541794776917,0.05320937559008598
428,true_heuristic_actions,data/latent/train/1781995753128_heuristic_00018.npz,792,-1.5759609937667847,-1.691185474395752,-0.11274569481611252,26.766313552856445,30.598100662231445,-1.1315267086029053,27.897838592529297,21.269195556640625,33.941654205322266,29.42475700378418,-0.61444091796875,0.429999977350235,0.029999999329447746
429,true_heuristic_actions,data/latent/train/1781995827249_heuristic_00026.npz,849,12.321216583251953,13.2489652633667,0.8832643628120422,83.50101470947266,82.75291442871094,8.742368698120117,74.75865173339844,81.48945617675781,81.07805633544922,84.49560546875,-0.3357692062854767,0.49014705419540405,0.014851022511720657
430,true_heuristic_actions,data/latent/train/1781995818312_heuristic_00025.npz,182,4.283392906188965,4.759909629821777,0.3173273205757141,63.445960998535156,64.28081512451172,2.5162696838378906,60.929691314697266,73.21709442138672,64.39755249023438,69.87372589111328,0.08805400878190994,0.5695469975471497,0.019560420885682106
431,true_heuristic_actions,data/latent/train/1781995734609_heuristic_00016.npz,701,-1.600939393043518,-1.715827465057373,-0.11438849568367004,27.810897827148438,30.278532028198242,-1.1571109294891357,28.9680118560791,30.415748596191406,33.23061752319336,31.752216339111328,-0.3538438677787781,0.4169158339500427,0.03637212887406349
432,true_heuristic_actions,data/latent/train/1781995707003_heuristic_00013.npz,886,-1.462611198425293,-1.5581570863723755,-0.10387714207172394,36.352394104003906,44.260433197021484,-1.085354208946228,37.43775177001953,36.61906051635742,51.978939056396484,35.57637023925781,0.25638195872306824,0.4972710609436035,0.03925858810544014
433,true_heuristic_actions,data/latent/train/1781995660611_heuristic_00008.npz,266,-1.641176700592041,-1.7592580318450928,-0.11728386580944061,37.74040985107422,39.72004318237305,-1.1852242946624756,38.92564010620117,44.843597412109375,42.98907470703125,43.55152893066406,0.6127505898475647,0.25,0.05000000074505806
434,true_heuristic_actions,data/latent/train/1781975740977_heuristic_00021.npz,321,4.652334213256836,4.904178619384766,0.3269452452659607,57.7554817199707,54.38752365112305,3.6276140213012695,54.127864837646484,77.57323455810547,54.32119369506836,64.02336883544922,-0.15553399920463562,0.60999995470047,0.0
435,true_heuristic_actions,data/latent/train/1781995790154_heuristic_00022.npz,895,0.08254583179950714,0.16244590282440186,0.010829727165400982,53.30893325805664,55.339256286621094,-0.1780392825603485,53.486968994140625,59.28360366821289,57.76625442504883,60.568511962890625,-0.7212039828300476,0.3700000047683716,0.029999999329447746
436,true_heuristic_actions,data/latent/train/1781995762779_heuristic_00019.npz,547,3.1021690368652344,3.4038920402526855,0.22692613303661346,50.1821174621582,49.351322174072266,1.9795762300491333,48.202537536621094,70.98941802978516,49.085845947265625,57.05450439453125,-0.17049477994441986,0.6645715236663818,0.0028278667014092207
437,true_heuristic_actions,data/latent/train/1781996000904_heuristic_00045.npz,178,-1.0565623044967651,-1.1314862966537476,-0.0754324197769165,48.67344665527344,51.273170471191406,-0.7695041298866272,49.44295120239258,47.00867462158203,55.3976936340332,54.161067962646484,0.08362137526273727,0.5032939314842224,0.025873979553580284
438,true_heuristic_actions,data/latent/train/1781995707003_heuristic_00013.npz,67,5.825543403625488,6.46756649017334,0.43117108941078186,68.86345672607422,72.3392562866211,3.484562873840332,65.3788833618164,69.0390853881836,73.4268569946289,72.24844360351562,0.27371105551719666,0.4979539215564728,0.030122272670269012
439,true_heuristic_actions,data/latent/train/1781975657159_heuristic_00012.npz,847,-1.5317140817642212,-1.6390986442565918,-0.10927323997020721,40.031375885009766,42.784934997558594,-1.1164941787719727,41.14788055419922,37.63314437866211,46.23125076293945,45.273380279541016,-0.30694514513015747,0.4099999666213989,0.030000001192092896
440,true_heuristic_actions,data/latent/train/1781975785803_heuristic_00026.npz,933,-1.2184665203094482,-1.304320216178894,-0.08695468306541443,41.48324203491211,42.83501052856445,-0.8876125812530518,42.3708610534668,51.68388366699219,45.881797790527344,47.924354553222656,-0.7928953766822815,0.3499999940395355,0.05000000074505806
441,true_heuristic_actions,data/latent/train/1781995753128_heuristic_00018.npz,348,-1.6392070055007935,-1.7579474449157715,-0.11719649285078049,28.90727424621582,29.804407119750977,-1.1811283826828003,30.088401794433594,42.323150634765625,31.898269653320312,34.89942169189453,0.7258546352386475,0.3481181859970093,0.05317502096295357
442,true_heuristic_actions,data/latent/train/1781995642283_heuristic_00006.npz,821,4.54928731918335,4.909854888916016,0.32732364535331726,75.60417175292969,77.54163360595703,3.182825803756714,72.42134857177734,80.87332916259766,80.38121795654297,80.5637435913086,0.07453964650630951,0.6299999952316284,0.0
443,true_heuristic_actions,data/latent/train/1781975638980_heuristic_00010.npz,675,27.056678771972656,29.072002410888672,1.9381334781646729,87.86605072021484,76.23487854003906,19.212928771972656,68.65311431884766,100.07054901123047,63.27066421508789,84.66295623779297,0.188608780503273,0.6299999952316284,0.0
444,true_heuristic_actions,data/latent/train/1781975611090_heuristic_00007.npz,597,9.243691444396973,10.066444396972656,0.6710962653160095,74.90084075927734,76.05116271972656,6.1058220863342285,68.79502868652344,72.84073638916016,75.50779724121094,76.82322692871094,0.2965676486492157,0.5367880463600159,0.007760270498692989
445,true_heuristic_actions,data/latent/train/1781975759513_heuristic_00023.npz,755,-1.5596230030059814,-1.6719573736190796,-0.11146382242441177,27.922121047973633,28.6760196685791,-1.1259725093841553,29.048099517822266,36.408756256103516,30.73495101928711,33.361209869384766,0.9900136590003967,0.3499999940395355,0.05000000074505806
446,true_heuristic_actions,data/latent/train/1781975556701_heuristic_00001.npz,973,-1.6400538682937622,-1.7595237493515015,-0.1173015832901001,9.740147590637207,6.241464138031006,-1.179075837135315,10.919222831726074,23.474430084228516,4.700329780578613,16.7070255279541,-0.6581620573997498,0.4099999666213989,0.03666666895151138
447,true_heuristic_actions,data/latent/train/1781995902344_heuristic_00034.npz,772,-1.6550756692886353,-1.7742996215820312,-0.11828663945198059,15.474749565124512,14.84853744506836,-1.1946289539337158,16.66938018798828,28.92005157470703,16.046850204467773,20.10113525390625,-0.7097052335739136,0.3667997419834137,0.0513300746679306
448,actor,data/latent/train/1781995865173_heuristic_00030.npz,32,5.894895076751709,6.411864280700684,0.42745763063430786,79.1947250366211,82.8429183959961,3.924025535583496,75.27070617675781,79.19304656982422,85.86365509033203,82.28963470458984,-0.02352726086974144,0.999997079372406,0.0
449,actor,data/latent/train/1781975574208_heuristic_00003.npz,110,11.288416862487793,12.177093505859375,0.8118062615394592,86.07917022705078,87.3509521484375,7.88828706741333,78.19088745117188,82.99366760253906,87.34972381591797,86.73847198486328,0.2252119928598404,0.9999599456787109,3.1789145538141383e-08
450,actor,data/latent/train/1781995855626_heuristic_00029.npz,430,-1.5260844230651855,-1.638567328453064,-0.10923781991004944,33.68277359008789,36.22036361694336,-1.0929993391036987,34.7757682800293,40.87130355834961,39.69352340698242,38.302085876464844,-0.9998825192451477,0.9986163973808289,0.0001502394734416157
451,actor,data/latent/train/1781995651476_heuristic_00007.npz,415,4.249282360076904,4.604215621948242,0.3069477081298828,43.40666580200195,44.53960037231445,2.876979351043701,40.52968978881836,67.8209457397461,45.83549118041992,45.73257064819336,-0.9996152520179749,0.9995346665382385,1.2809037798433565e-05
452,actor,data/latent/train/1781995911953_heuristic_00035.npz,195,-1.4566513299942017,-1.5533004999160767,-0.10355336964130402,47.077999114990234,51.605934143066406,-1.0802195072174072,48.15821838378906,51.07440948486328,56.41386032104492,52.22146224975586,-0.534708559513092,0.9999954104423523,0.0
453,actor,data/latent/train/1781995818312_heuristic_00025.npz,769,4.819349765777588,5.307408332824707,0.35382720828056335,76.26268768310547,79.04932403564453,2.981459617614746,73.2812271118164,80.98965454101562,81.3051986694336,81.45281219482422,0.40408459305763245,0.9998724460601807,2.5828680350059585e-07
454,actor,data/latent/train/1781975629865_heuristic_00009.npz,168,-1.672354817390442,-1.7925305366516113,-0.11950203776359558,18.131940841674805,19.235082626342773,-1.2081718444824219,19.340110778808594,22.15965461730957,21.002429962158203,21.91546630859375,0.9799410700798035,0.9999487996101379,1.390775050680304e-08
455,actor,data/latent/train/1781995836527_heuristic_00027.npz,596,5.70612096786499,6.251993179321289,0.41679954528808594,61.12253189086914,67.20816040039062,3.6605396270751953,57.46199417114258,45.803096771240234,70.25960540771484,59.85496520996094,0.8032084107398987,0.9999991059303284,0.0
456,actor,data/latent/train/1781995982334_heuristic_00043.npz,495,-1.1972101926803589,-1.2607008218765259,-0.08404672145843506,54.88608932495117,60.584815979003906,-0.9384480714797974,55.82452392578125,55.67046356201172,66.7245101928711,59.285709381103516,-0.476985901594162,0.999907910823822,2.7815499947791977e-07
457,actor,data/latent/train/1781995954713_heuristic_00040.npz,434,13.838672637939453,14.973541259765625,0.9982360601425171,82.94819641113281,83.3580093383789,9.50524616241455,73.44295501708984,82.69972229003906,81.24242401123047,82.22398376464844,0.027780039235949516,0.9999993443489075,0.0
458,actor,data/latent/train/1781995827249_heuristic_00026.npz,281,-1.5763499736785889,-1.6911274194717407,-0.11274182796478271,40.5927848815918,44.49772262573242,-1.1338324546813965,41.72660827636719,39.33083724975586,49.0060920715332,44.746856689453125,0.7058601379394531,0.9998672604560852,1.1126200405442432e-07
459,actor,data/latent/train/1781995678845_heuristic_00010.npz,768,10.699238777160645,11.414846420288086,0.760989785194397,91.884033203125,90.4941177368164,7.916457176208496,83.96758270263672,93.84700775146484,90.79071044921875,94.72835540771484,0.6579645872116089,0.9998054504394531,1.9073486612342094e-07
460,actor,data/latent/train/1781995790154_heuristic_00022.npz,868,-1.5780638456344604,-1.6895509958267212,-0.11263673007488251,36.98717498779297,39.28428649902344,-1.1457980871200562,38.132965087890625,43.2448844909668,42.591033935546875,42.450714111328125,0.9976212978363037,0.9996176362037659,1.6291936333345802e-07
461,actor,data/latent/train/1781975592337_heuristic_00005.npz,702,-1.3855632543563843,-1.4910764694213867,-0.09940509498119354,42.97182846069336,45.23457336425781,-0.980768084526062,43.95259475708008,48.12004852294922,48.88857650756836,48.83860778808594,0.7085186839103699,0.9997636079788208,1.3113022134803032e-07
462,actor,data/latent/train/1781995818312_heuristic_00025.npz,454,-1.6075416803359985,-1.724515438079834,-0.1149676963686943,40.235687255859375,43.459693908691406,-1.1562029123306274,41.39188766479492,41.21403121948242,47.50837326049805,45.091453552246094,0.6068397760391235,0.9999350309371948,9.139378676081833e-08
463,actor,data/latent/train/1781995918104_heuristic_00036.npz,678,-1.3813871145248413,-1.4741296768188477,-0.0982753112912178,69.03044128417969,74.6935043334961,-1.0210081338882446,70.05144500732422,70.83436584472656,81.38311004638672,75.7912826538086,-0.22031718492507935,0.9999942779541016,0.0
464,actor,data/latent/train/1781995954713_heuristic_00040.npz,148,5.011973857879639,5.218838691711426,0.34792259335517883,62.9312629699707,64.59117126464844,4.161326885223389,58.769935607910156,62.893741607666016,68.35933685302734,63.6829833984375,0.9969346523284912,0.9982392191886902,3.35772824655578e-07
465,actor,data/latent/train/1781995954713_heuristic_00040.npz,614,-1.6259933710098267,-1.741233468055725,-0.11608222872018814,23.76364517211914,26.65972328186035,-1.1800637245178223,24.94371223449707,21.598215103149414,29.617977142333984,26.639080047607422,0.9906074404716492,0.9999528527259827,5.9604645663569045e-09
466,actor,data/latent/train/1781995892840_heuristic_00033.npz,861,9.119009017944336,9.902748107910156,0.6601831912994385,87.12841796875,90.62995147705078,6.12493896484375,81.00350189208984,81.20774841308594,91.88521575927734,89.05366516113281,0.47267094254493713,0.9998031854629517,2.4636585749249207e-07
467,actor,data/latent/train/1781995678845_heuristic_00010.npz,247,-1.6550753116607666,-1.7741174697875977,-0.1182744950056076,19.723953247070312,21.953935623168945,-1.1952341794967651,20.91918182373047,23.178983688354492,25.020774841308594,22.13850212097168,1.0,0.9999751448631287,0.0
468,actor,data/latent/train/1781995954713_heuristic_00040.npz,658,-1.6283652782440186,-1.745012879371643,-0.11633419245481491,27.96544075012207,29.90608787536621,-1.1774396896362305,29.142879486083984,30.506317138671875,32.77389907836914,32.10088348388672,0.3965320885181427,0.9999992251396179,0.0
469,actor,data/latent/train/1781975565096_heuristic_00002.npz,126,16.047542572021484,17.21086883544922,1.1473912000656128,92.08902740478516,91.19498443603516,11.555683135986328,80.53333282470703,89.35963439941406,89.32997131347656,89.89752197265625,0.4864920377731323,0.9999971985816956,0.0
470,actor,data/latent/train/1781995865173_heuristic_00030.npz,915,-0.5241219997406006,-0.5384689569473267,-0.03589792922139168,53.658992767333984,57.54789352416992,-0.46319183707237244,54.122188568115234,57.22175216674805,61.86370849609375,59.36353302001953,0.620452880859375,0.999999463558197,0.0
471,actor,data/latent/train/1781995595407_heuristic_00001.npz,433,-0.40309804677963257,-0.4262656569480896,-0.028417710214853287,51.86752700805664,55.285701751708984,-0.30928856134414673,52.17681884765625,54.00626754760742,59.643375396728516,56.98090362548828,0.11044365912675858,0.9997882843017578,5.880991693629767e-07
472,actor,data/latent/train/1781995911953_heuristic_00035.npz,526,1.0009115934371948,1.159464955329895,0.07729766517877579,73.10469818115234,80.56254577636719,0.4344702959060669,72.67020416259766,67.0943832397461,86.91483306884766,77.11529541015625,0.6744313836097717,0.9999879002571106,0.0
473,actor,data/latent/train/1781995973433_heuristic_00042.npz,448,-1.3383640050888062,-1.4245997667312622,-0.09497331827878952,41.12089920043945,46.4833984375,-1.0004239082336426,42.12131881713867,35.14988327026367,51.52120590209961,44.02708435058594,0.8148230910301208,0.9996938705444336,2.9802322387695312e-08
474,actor,data/latent/train/1781975767951_heuristic_00024.npz,518,-1.4843542575836182,-1.5888105630874634,-0.1059207022190094,47.39567565917969,50.9675178527832,-1.0806052684783936,48.47628402709961,50.932735443115234,55.78651809692383,52.660247802734375,0.2684137225151062,0.9999393820762634,1.8080075392390427e-07
475,actor,data/latent/train/1781975620542_heuristic_00008.npz,705,16.08367156982422,17.265716552734375,1.1510478258132935,94.71258544921875,91.4054946899414,11.517291069030762,83.19529724121094,98.61176300048828,88.30357360839844,94.97809600830078,0.06473705917596817,0.9999959468841553,0.0
476,actor,data/latent/train/1781996019435_heuristic_00047.npz,624,5.2507452964782715,5.7890753746032715,0.3859383463859558,70.92536163330078,73.98970794677734,3.2477996349334717,67.67757415771484,76.6539077758789,75.69477081298828,75.1963119506836,0.013465257361531258,0.9999993443489075,0.0
477,actor,data/latent/train/1781995595407_heuristic_00001.npz,454,0.7959768772125244,0.9026577472686768,0.06017718464136124,67.22118377685547,70.17989349365234,0.41988977789878845,66.80131530761719,69.72213745117188,73.8857650756836,74.38902282714844,-0.061156291514635086,0.9999837279319763,3.973643192267673e-09
478,actor,data/latent/train/1781975731978_heuristic_00020.npz,636,-1.4422731399536133,-1.5494052171707153,-0.10329367965459824,46.16005325317383,46.91741180419922,-1.0285879373550415,47.18864059448242,57.11327362060547,50.387535095214844,53.376708984375,0.4446701109409332,0.9999849796295166,7.947286384535346e-09
479,actor,data/latent/train/1781975592337_heuristic_00005.npz,484,-1.530950903892517,-1.6431562900543213,-0.10954375565052032,45.36517333984375,48.92939758300781,-1.0984830856323242,46.463661193847656,45.14493942260742,53.49026870727539,50.38593673706055,0.852948009967804,0.9997278451919556,5.106131197862851e-07
480,actor,data/latent/train/1781995799509_heuristic_00023.npz,181,-1.4972347021102905,-1.6081490516662598,-0.1072099357843399,31.820173263549805,38.01632308959961,-1.0704634189605713,32.89065170288086,22.316831588745117,43.41409683227539,32.49789810180664,0.265729695558548,0.9999241232872009,9.338061346397808e-08
481,actor,data/latent/train/1781995927298_heuristic_00037.npz,498,-1.4251352548599243,-1.517000436782837,-0.10113336145877838,46.982139587402344,51.79179000854492,-1.0647342205047607,48.0468864440918,49.052242279052734,57.12562561035156,51.29965591430664,-0.4464455544948578,0.9999279379844666,2.5629998390286346e-07
482,actor,data/latent/train/1781975592337_heuristic_00005.npz,721,-1.5832982063293457,-1.7007790803909302,-0.11338527500629425,29.669788360595703,31.391191482543945,-1.130222201347351,30.800006866455078,35.26785659790039,34.3217658996582,34.201995849609375,0.9995011687278748,0.9997926354408264,5.7617821624944554e-08
483,actor,data/latent/train/1781975804219_heuristic_00028.npz,672,-1.4825119972229004,-1.5822275876998901,-0.1054818406701088,39.3094482421875,44.31570053100586,-1.092370867729187,40.40180969238281,34.84030532836914,49.29817199707031,42.25275802612305,0.1395036280155182,0.9998002648353577,6.854534149169922e-07
484,actor,data/latent/train/1781995936765_heuristic_00038.npz,166,-1.5648390054702759,-1.6752936840057373,-0.11168624460697174,39.47593307495117,42.83415985107422,-1.1371673345565796,40.61309051513672,40.304466247558594,46.96196746826172,44.01416778564453,0.9998618960380554,0.9999908208847046,0.0
485,actor,data/latent/train/1781975694262_heuristic_00016.npz,713,-1.5264567136764526,-1.6289751529693604,-0.10859834402799606,44.52482223510742,49.219730377197266,-1.1264327764511108,45.651268005371094,44.52786636352539,54.368045806884766,48.616397857666016,-0.5946571826934814,0.999987781047821,1.390775050680304e-08
486,actor,data/latent/train/1781995827249_heuristic_00026.npz,347,-1.321553111076355,-1.422230839729309,-0.09481538832187653,47.96002197265625,50.633113861083984,-0.9359452128410339,48.89598083496094,52.695499420166016,54.71048355102539,54.13120651245117,0.7574583888053894,0.9999983906745911,0.0
487,actor,data/latent/train/1781975759513_heuristic_00023.npz,209,-0.452253520488739,-0.43459177017211914,-0.02897278405725956,60.135276794433594,65.63404083251953,-0.49319779872894287,60.628482818603516,56.584747314453125,70.61622619628906,65.60176086425781,-0.9990023970603943,0.9995129108428955,3.479520455584861e-05
488,actor,data/latent/train/1781975611090_heuristic_00007.npz,650,-0.39332473278045654,-0.3863734006881714,-0.025758227333426476,41.715816497802734,43.11631774902344,-0.40393853187561035,42.11976623535156,35.85955047607422,44.73709487915039,47.72883987426758,0.9151448011398315,0.9978628754615784,1.4583270058210474e-06
489,actor,data/latent/train/1781995865173_heuristic_00030.npz,750,-1.3609598875045776,-1.4520964622497559,-0.09680642932653427,32.14867401123047,37.689476013183594,-1.0054216384887695,33.15408706665039,29.26709747314453,42.23471450805664,34.15751647949219,0.07729414105415344,0.999987006187439,7.947286384535346e-09
490,actor,data/latent/train/1781995715968_heuristic_00014.npz,983,-1.1925431489944458,-1.2869484424591064,-0.08579656481742859,47.053287506103516,50.40355682373047,-0.8313554525375366,47.8846435546875,42.818721771240234,54.81706619262695,51.881099700927734,-0.040450453758239746,0.9995946884155273,3.7590662032016553e-06
491,actor,data/latent/train/1781975547656_heuristic_00000.npz,582,11.240142822265625,12.144800186157227,0.8096533417701721,90.71543884277344,93.19963836669922,7.778201580047607,82.93724060058594,83.36224365234375,93.53728485107422,91.55096435546875,0.024048788473010063,0.9999679327011108,4.17232506322307e-08
492,actor,data/latent/train/1781995845712_heuristic_00028.npz,316,7.309797763824463,7.9717326164245605,0.5314488410949707,70.8602294921875,73.847900390625,4.80980110168457,66.05042266845703,69.13923645019531,75.1871566772461,72.33641815185547,0.9996350407600403,0.9999988675117493,0.0
493,actor,data/latent/train/1781975638980_heuristic_00010.npz,385,-1.370570182800293,-1.4701944589614868,-0.09801296144723892,49.24335479736328,51.78840637207031,-0.9863219261169434,50.22967529296875,52.59672164916992,55.50582504272461,56.06696319580078,0.5605545043945312,0.9999996423721313,0.0
494,actor,data/latent/train/1781995743605_heuristic_00017.npz,28,6.515169143676758,7.0289998054504395,0.46859997510910034,82.49536895751953,86.1475830078125,4.53892707824707,77.95642852783203,77.94815826416016,89.505126953125,84.7518539428711,-0.036588750779628754,0.9999975562095642,0.0
495,actor,data/latent/train/1781975785803_heuristic_00026.npz,756,-1.3863362073898315,-1.4750115871429443,-0.09833410382270813,53.4064826965332,59.280784606933594,-1.0388402938842773,54.445316314697266,46.654544830322266,65.5304946899414,57.18419647216797,-0.5582554936408997,0.9999843835830688,2.1855036891338386e-08
496,actor,data/latent/train/1781995688182_heuristic_00011.npz,961,-1.4282469749450684,-1.5237643718719482,-0.101584292948246,51.559513092041016,56.48159408569336,-1.0565917491912842,52.61611557006836,50.455631256103516,61.90291213989258,56.44342041015625,-0.37324148416519165,0.9999960064888,0.0
497,actor,data/latent/train/1781975565096_heuristic_00002.npz,626,-1.3419158458709717,-1.4388744831085205,-0.09592496603727341,43.11497116088867,46.75077438354492,-0.9673510789871216,44.08232498168945,37.91655349731445,50.5468864440918,48.044307708740234,0.7771371603012085,0.9999094605445862,1.390775050680304e-08
498,actor,data/latent/train/1781995725381_heuristic_00015.npz,360,8.060595512390137,8.448165893554688,0.5632110834121704,77.04537200927734,76.70264434814453,6.490967750549316,70.55439758300781,79.65779876708984,79.33355712890625,78.03025817871094,0.6157954931259155,0.9997443556785583,8.940696716308594e-08
499,actor,data/latent/train/1781995734609_heuristic_00016.npz,682,-1.0838772058486938,-1.1511147022247314,-0.07674098014831543,43.7148323059082,47.48145294189453,-0.8189200758934021,44.53376770019531,45.227989196777344,52.36286544799805,47.517215728759766,-0.455801397562027,0.9999973773956299,0.0
500,actor,data/latent/train/1781975657159_heuristic_00012.npz,481,-1.4493407011032104,-1.5416405200958252,-0.10277603566646576,50.91727066040039,56.131107330322266,-1.085080862045288,52.00234603881836,46.24915313720703,61.540130615234375,55.47624588012695,-0.6420824527740479,0.9999132752418518,4.907449238089612e-07
501,actor,data/latent/train/1781995836527_heuristic_00027.npz,418,10.956612586975098,11.877260208129883,0.7918173670768738,89.6001968383789,93.0003890991211,7.456355094909668,82.14383697509766,81.18726348876953,93.99537658691406,89.65997314453125,-0.9993793368339539,0.9999572038650513,8.12609982858703e-07
502,actor,data/latent/train/1781995715968_heuristic_00014.npz,762,8.203227043151855,8.804430961608887,0.5869620442390442,82.47695922851562,86.051025390625,5.859506130218506,76.61743927001953,76.78496551513672,89.47315216064453,82.34475708007812,-0.02410225011408329,0.998798131942749,2.9536087822634727e-05
503,actor,data/latent/train/1781995605201_heuristic_00002.npz,648,-1.4457616806030273,-1.5506439208984375,-0.10337626188993454,46.11031723022461,49.75865936279297,-1.0405629873275757,47.15087890625,48.569305419921875,54.2385139465332,51.413970947265625,0.6462870836257935,0.9982216954231262,9.576480124451336e-07
504,actor,data/latent/train/1781995883579_heuristic_00032.npz,95,8.206790924072266,8.74577522277832,0.5830516815185547,54.68010330200195,53.98432540893555,6.093584060668945,48.586517333984375,52.6541748046875,53.692134857177734,54.25606155395508,-0.9962118864059448,0.999047040939331,2.6843945306609385e-05
505,actor,data/latent/train/1781975547656_heuristic_00000.npz,766,1.90566885471344,2.116943359375,0.14112955331802368,70.54574584960938,75.2811279296875,1.1127398014068604,69.4330062866211,74.3797378540039,79.77555847167969,75.84927368164062,-0.14114615321159363,0.9999978542327881,0.0
506,actor,data/latent/train/1781975795046_heuristic_00027.npz,415,7.274641990661621,7.6823272705078125,0.5121551752090454,81.11589813232422,81.6579818725586,5.6569976806640625,75.45890808105469,83.52587127685547,84.29917907714844,83.7602310180664,0.7276630401611328,0.9985392093658447,1.2755393754559918e-06
507,actor,data/latent/train/1781975547656_heuristic_00000.npz,42,12.78878402709961,13.78438949584961,0.9189593195915222,81.78328704833984,83.10517120361328,8.983643531799316,72.79964447021484,74.5531234741211,82.55230712890625,79.99258422851562,0.8304170966148376,0.9999982118606567,0.0
508,actor,data/latent/train/1781995753128_heuristic_00018.npz,526,-1.6117523908615112,-1.7257530689239502,-0.11505020409822464,41.76393127441406,45.639652252197266,-1.1707563400268555,42.9346809387207,31.645198822021484,50.22705078125,45.53789138793945,-0.05614890158176422,0.9996039867401123,1.3418992239166982e-05
509,actor,data/latent/train/1781975620542_heuristic_00008.npz,399,3.9135756492614746,4.154890060424805,0.27699267864227295,78.73506164550781,80.7823715209961,2.9759392738342285,75.75910186767578,83.95526885986328,84.56444549560547,84.11186218261719,0.7088261842727661,0.9962226152420044,1.4565388482878916e-05
510,actor,data/latent/train/1781975620542_heuristic_00008.npz,153,11.964615821838379,12.916910171508789,0.8611273169517517,92.81940460205078,94.56179809570312,8.342161178588867,84.47724151611328,90.59111785888672,94.84546661376953,93.50790405273438,0.32989323139190674,0.999829888343811,3.496805902614142e-07
511,actor,data/latent/train/1781995753128_heuristic_00018.npz,658,16.056318283081055,17.539077758789062,1.1692718267440796,71.47744750976562,72.09666442871094,10.471107482910156,61.00634765625,71.96089935302734,67.60184478759766,68.19984436035156,0.9995863437652588,0.9999639391899109,2.3841858265427618e-08
448,true_heuristic_actions,data/latent/train/1781995865173_heuristic_00030.npz,32,4.847740650177002,5.303530216217041,0.3535686731338501,80.40522766113281,85.4376220703125,3.1429684162139893,77.26226806640625,79.19304656982422,89.5416488647461,83.68283081054688,-0.02993246726691723,0.6453928351402283,0.01455164048820734
449,true_heuristic_actions,data/latent/train/1781975574208_heuristic_00003.npz,110,10.11694622039795,10.849315643310547,0.7232877016067505,76.88642120361328,75.26721954345703,7.2769622802734375,69.60945892333984,82.99366760253906,74.4901351928711,79.15223693847656,-0.1584770530462265,0.561553418636322,0.019023993983864784
450,true_heuristic_actions,data/latent/train/1781995855626_heuristic_00029.npz,430,-1.5080519914627075,-1.6189509630203247,-0.10793006420135498,28.729955673217773,29.98447036743164,-1.0811121463775635,29.811067581176758,40.87130355834961,32.48824691772461,33.92494201660156,-0.3384329676628113,0.47009339928627014,0.023348471149802208
451,true_heuristic_actions,data/latent/train/1781995651476_heuristic_00007.npz,415,4.998533248901367,5.410016059875488,0.36066773533821106,41.04188537597656,41.40841293334961,3.3949317932128906,37.6469612121582,67.8209457397461,42.09140396118164,42.82457733154297,-0.015541130676865578,0.6701536774635315,0.00323879555799067
452,true_heuristic_actions,data/latent/train/1781995911953_heuristic_00035.npz,195,-1.6517219543457031,-1.770078182220459,-0.11800520867109299,43.832950592041016,46.4091796875,-1.1945995092391968,45.027549743652344,51.07440948486328,49.982505798339844,50.42271423339844,0.8667322397232056,0.2885843813419342,0.05310777202248573
453,true_heuristic_actions,data/latent/train/1781995818312_heuristic_00025.npz,769,2.2251052856445312,2.4358863830566406,0.16239242255687714,65.53749084472656,64.91117858886719,1.4241726398468018,64.11331939697266,80.98965454101562,66.67156982421875,73.78752899169922,-0.20223180949687958,0.595319390296936,0.011109236627817154
454,true_heuristic_actions,data/latent/train/1781975629865_heuristic_00009.npz,168,-1.6749640703201294,-1.7954206466674805,-0.11969470977783203,12.745939254760742,11.979907035827637,-1.2097541093826294,13.955696105957031,22.15965461730957,12.261490821838379,17.727293014526367,0.979027509689331,0.3499999940395355,0.05000000074505806
455,true_heuristic_actions,data/latent/train/1781995836527_heuristic_00027.npz,596,6.207893371582031,6.753612518310547,0.450240820646286,44.119014739990234,43.38261032104492,4.130343437194824,39.98866653442383,45.803096771240234,41.32218551635742,46.54424285888672,-0.437283456325531,0.4899999797344208,0.0033333334140479565
456,true_heuristic_actions,data/latent/train/1781995982334_heuristic_00043.npz,495,-1.6412780284881592,-1.758786916732788,-0.11725246161222458,46.78837966918945,49.549983978271484,-1.1873047351837158,47.975677490234375,55.67046356201172,53.821529388427734,53.18580627441406,0.19606412947177887,0.29398515820503235,0.08176286518573761
457,true_heuristic_actions,data/latent/train/1781995954713_heuristic_00040.npz,434,13.345711708068848,14.413764953613281,0.9609176516532898,80.46029663085938,79.22429656982422,9.26339340209961,71.19686889648438,82.69972229003906,76.3611831665039,81.11457824707031,0.2507619559764862,0.5409857034683228,0.012833120301365852
458,true_heuristic_actions,data/latent/train/1781995827249_heuristic_00026.npz,281,-1.5623496770858765,-1.6735261678695679,-0.11156841367483139,29.01888656616211,28.463401794433594,-1.1326698064804077,30.15155601501465,39.33083724975586,29.136119842529297,36.50723648071289,-0.6812703609466553,0.25,0.05000000074505806
459,true_heuristic_actions,data/latent/train/1781995678845_heuristic_00010.npz,768,10.954792976379395,11.649459838867188,0.7766306400299072,86.56639099121094,83.27007293701172,8.221009254455566,78.34535217285156,93.84700775146484,82.74034118652344,89.53646850585938,0.12906759977340698,0.5331884622573853,0.013547692447900772
460,true_heuristic_actions,data/latent/train/1781995790154_heuristic_00022.npz,868,-1.622424840927124,-1.7385326623916626,-0.11590217798948288,32.712955474853516,33.36867904663086,-1.1737933158874512,33.88673782348633,43.2448844909668,35.61820602416992,39.050899505615234,-0.9704442620277405,0.3499999940395355,0.05000000074505806
461,true_heuristic_actions,data/latent/train/1781975592337_heuristic_00005.npz,702,-1.254861831665039,-1.3418762683868408,-0.0894584208726883,37.40652847290039,37.58128356933594,-0.9180284142494202,38.324562072753906,48.12004852294922,38.990150451660156,45.171348571777344,-0.8731139302253723,0.2484358251094818,0.057400573045015335
462,true_heuristic_actions,data/latent/train/1781995818312_heuristic_00025.npz,454,-1.592374563217163,-1.7062519788742065,-0.11375012993812561,32.87614059448242,33.29716873168945,-1.1522903442382812,34.0284309387207,41.21403121948242,34.95395278930664,39.78521728515625,-0.4290359914302826,0.25,0.05000000074505806
463,true_heuristic_actions,data/latent/train/1781995918104_heuristic_00036.npz,678,-1.5024229288101196,-1.604075312614441,-0.10693835467100143,63.856239318847656,68.33358764648438,-1.105405569076538,64.96163940429688,70.83436584472656,74.8005599975586,70.46080780029297,0.4357946515083313,0.25,0.05000000074505806
464,true_heuristic_actions,data/latent/train/1781995954713_heuristic_00040.npz,148,6.16635274887085,6.402507305145264,0.4268338084220886,39.937957763671875,33.838653564453125,5.170638084411621,34.76731872558594,62.893741607666016,32.502811431884766,42.808692932128906,-0.2224549800157547,0.5699999332427979,0.0
465,true_heuristic_actions,data/latent/train/1781995954713_heuristic_00040.npz,614,-1.6405407190322876,-1.7573012113571167,-0.11715341359376907,15.835028648376465,17.029090881347656,-1.1890544891357422,17.024084091186523,21.598215103149414,19.903167724609375,17.927764892578125,-0.9613803625106812,0.3499999940395355,0.05000000074505806
466,true_heuristic_actions,data/latent/train/1781995892840_heuristic_00033.npz,861,4.845460891723633,5.240787506103516,0.3493858277797699,72.38954162597656,72.7562484741211,3.3356194496154785,69.05390930175781,81.20774841308594,74.1665267944336,78.33670806884766,-0.007396047469228506,0.5882583856582642,0.008359967730939388
467,true_heuristic_actions,data/latent/train/1781995678845_heuristic_00010.npz,247,-1.6645538806915283,-1.7847328186035156,-0.11898218840360641,10.04847240447998,9.10412883758545,-1.2005640268325806,11.24903678894043,23.178983688354492,9.836066246032715,14.213761329650879,0.7429559826850891,0.3753732144832611,0.04947115108370781
468,true_heuristic_actions,data/latent/train/1781995954713_heuristic_00040.npz,658,-1.6459901332855225,-1.7644938230514526,-0.1176329180598259,23.19440269470215,24.283496856689453,-1.188373327255249,24.382780075073242,30.506317138671875,26.807222366333008,27.20924949645996,0.6959207653999329,0.37919366359710693,0.07061780244112015
469,true_heuristic_actions,data/latent/train/1781975565096_heuristic_00002.npz,126,14.959492683410645,16.045703887939453,1.0697135925292969,85.5688705444336,84.18269348144531,10.766648292541504,74.80223846435547,89.35963439941406,82.8899154663086,83.37146759033203,0.15333108603954315,0.6027067303657532,0.0008415136835537851
470,true_heuristic_actions,data/latent/train/1781995865173_heuristic_00030.npz,915,-0.5634265542030334,-0.5757154226303101,-0.038381028920412064,53.80371856689453,57.88810348510742,-0.5054571628570557,54.309173583984375,57.22175216674805,62.423973083496094,59.30046844482422,0.76749187707901,0.3499999940395355,0.030000001192092896
471,true_heuristic_actions,data/latent/train/1781995595407_heuristic_00001.npz,433,-0.11864884942770004,-0.1327304244041443,-0.008848695084452629,48.47792434692383,49.86392593383789,-0.07167640328407288,48.54960250854492,54.00626754760742,52.35429382324219,55.13114547729492,-0.19862283766269684,0.5770606398582458,0.0075798300094902515
472,true_heuristic_actions,data/latent/train/1781995911953_heuristic_00035.npz,526,1.0279380083084106,1.207883358001709,0.08052555471658707,66.10332489013672,71.36161804199219,0.39721816778182983,65.70611572265625,67.0943832397461,75.80435943603516,71.5653076171875,-0.019018495455384254,0.6190513372421265,0.01905764266848564
473,true_heuristic_actions,data/latent/train/1781995973433_heuristic_00042.npz,448,-1.5324651002883911,-1.6403156518936157,-0.10935437679290771,28.589599609375,30.448888778686523,-1.1147962808609009,29.704391479492188,35.14988327026367,33.43672561645508,32.824684143066406,-0.965372622013092,0.3499999940395355,0.05000000074505806
474,true_heuristic_actions,data/latent/train/1781975767951_heuristic_00024.npz,518,-1.5902336835861206,-1.703771710395813,-0.11358477920293808,41.179100036621094,42.65659713745117,-1.1515469551086426,42.33065414428711,50.932735443115234,45.70231628417969,48.032684326171875,-0.058149319142103195,0.25,0.05000000074505806
475,true_heuristic_actions,data/latent/train/1781975620542_heuristic_00008.npz,705,17.420604705810547,18.746484756469727,1.2497656345367432,98.46464538574219,96.80766296386719,12.328145027160645,86.13650512695312,98.61176300048828,94.22730255126953,96.61723327636719,-0.023051796481013298,0.6091640591621399,0.007111690007150173
476,true_heuristic_actions,data/latent/train/1781996019435_heuristic_00047.npz,624,6.746595859527588,7.407682418823242,0.49384549260139465,72.37690734863281,74.32579040527344,4.271925926208496,68.1050033569336,76.6539077758789,74.61388397216797,76.53861999511719,0.5686250925064087,0.3597383499145508,0.023942021653056145
477,true_heuristic_actions,data/latent/train/1781995595407_heuristic_00001.npz,454,0.46301546692848206,0.48798656463623047,0.03253243863582611,66.5544662475586,69.02007293701172,0.3617795407772064,66.19269561767578,69.72213745117188,73.02473449707031,73.83636474609375,0.47298094630241394,0.38999995589256287,0.006666666828095913
478,true_heuristic_actions,data/latent/train/1781975731978_heuristic_00020.npz,636,-1.3926160335540771,-1.4996747970581055,-0.09997832030057907,44.62095642089844,44.06909942626953,-0.9817910194396973,45.602745056152344,57.11327362060547,45.6068000793457,53.95361328125,0.20826561748981476,0.5285621285438538,0.015088826417922974
479,true_heuristic_actions,data/latent/train/1781975592337_heuristic_00005.npz,484,-1.5137569904327393,-1.6212000846862793,-0.10808000713586807,33.119808197021484,31.785470962524414,-1.0986363887786865,34.218441009521484,45.14493942260742,32.09347915649414,41.90614700317383,-0.7192527651786804,0.25,0.05000000074505806
480,true_heuristic_actions,data/latent/train/1781995799509_heuristic_00023.npz,181,-1.4399428367614746,-1.5434298515319824,-0.1028953269124031,31.69292449951172,37.45454025268555,-1.0401792526245117,32.73310470581055,22.316831588745117,42.36689376831055,32.87553405761719,0.38491061329841614,0.4699999690055847,0.020000001415610313
481,true_heuristic_actions,data/latent/train/1781995927298_heuristic_00037.npz,498,-1.5430783033370972,-1.6505476236343384,-0.11003650724887848,42.015594482421875,45.73310470581055,-1.1265580654144287,43.14215087890625,49.052242279052734,50.12747573852539,47.05326843261719,0.960227906703949,0.3499999940395355,0.05000000074505806
482,true_heuristic_actions,data/latent/train/1781975592337_heuristic_00005.npz,721,-1.5495882034301758,-1.6608067750930786,-0.1107204481959343,26.68523406982422,27.934314727783203,-1.1194061040878296,27.804641723632812,35.26785659790039,30.615158081054688,31.113452911376953,-0.8293437361717224,0.23842020332813263,0.049743954092264175
483,true_heuristic_actions,data/latent/train/1781975804219_heuristic_00028.npz,672,-1.5309216976165771,-1.6366690397262573,-0.10911127179861069,35.27867889404297,38.31562423706055,-1.1195898056030273,36.39826583862305,34.84030532836914,41.694889068603516,39.80243682861328,-0.7609748244285583,0.32333335280418396,0.05000000074505806
484,true_heuristic_actions,data/latent/train/1781995936765_heuristic_00038.npz,166,-1.5857083797454834,-1.698492169380188,-0.1132328137755394,37.22649383544922,39.7242431640625,-1.1494932174682617,38.37599182128906,40.304466247558594,43.227657318115234,42.302223205566406,0.9780837893486023,0.36239656805992126,0.04911905899643898
485,true_heuristic_actions,data/latent/train/1781975694262_heuristic_00016.npz,713,-1.6663837432861328,-1.7858989238739014,-0.11905992776155472,33.786033630371094,34.91286087036133,-1.2047631740570068,34.99079513549805,44.52786636352539,37.5097541809082,39.95909118652344,0.9681307077407837,0.3499999940395355,0.05000000074505806
486,true_heuristic_actions,data/latent/train/1781995827249_heuristic_00026.npz,347,-1.467899203300476,-1.5762319564819336,-0.10508213192224503,42.064109802246094,43.653724670410156,-1.0507889986038208,43.11490249633789,52.695499420166016,47.25668716430664,48.310604095458984,0.04476684331893921,0.25,0.05000000074505806
487,true_heuristic_actions,data/latent/train/1781975759513_heuristic_00023.npz,209,-1.627465009689331,-1.745383620262146,-0.11635890603065491,45.077030181884766,47.35466766357422,-1.1723356246948242,46.249366760253906,56.584747314453125,51.45564651489258,51.529396057128906,-0.23457448184490204,0.32999998331069946,0.04333333671092987
488,true_heuristic_actions,data/latent/train/1781975611090_heuristic_00007.npz,650,-1.028486728668213,-1.0983442068099976,-0.07322295010089874,37.182289123535156,37.9051399230957,-0.7579869627952576,37.940277099609375,35.85955047607422,39.33151626586914,43.79087829589844,0.31219252943992615,0.44999995827674866,0.006666666828095913
489,true_heuristic_actions,data/latent/train/1781995865173_heuristic_00030.npz,750,-1.277030110359192,-1.3611392974853516,-0.09074261784553528,33.030147552490234,39.330997467041016,-0.9484564065933228,33.97860336303711,29.26709747314453,44.52029037475586,34.225120544433594,0.11873609572649002,0.5294560194015503,0.0019538854248821735
490,true_heuristic_actions,data/latent/train/1781995715968_heuristic_00014.npz,983,-1.2982184886932373,-1.4032166004180908,-0.0935477763414383,44.80546569824219,47.1695556640625,-0.896111249923706,45.70158004760742,42.818721771240234,50.876956939697266,50.39311218261719,0.5170174837112427,0.34911638498306274,0.042796790599823
491,true_heuristic_actions,data/latent/train/1781975547656_heuristic_00000.npz,582,9.73587417602539,10.501921653747559,0.7001281380653381,86.9755859375,88.75493621826172,6.7980217933654785,80.17755126953125,83.36224365234375,89.2930679321289,89.21553039550781,0.03108016960322857,0.6258062720298767,0.0015708954306319356
492,true_heuristic_actions,data/latent/train/1781995845712_heuristic_00028.npz,316,5.403626918792725,5.874723434448242,0.39164823293685913,68.0333023071289,70.23423767089844,3.622469902038574,64.41083526611328,69.13923645019531,72.04309844970703,71.28854370117188,0.3754967451095581,0.4147322475910187,0.005818220321089029
493,true_heuristic_actions,data/latent/train/1781975638980_heuristic_00010.npz,385,-1.4051462411880493,-1.5076731443405151,-0.10051154345273972,48.263790130615234,50.27094650268555,-1.0092108249664307,49.27299880981445,52.59672164916992,53.68385696411133,55.40462875366211,0.8716580271720886,0.3499999940395355,0.05000000074505806
494,true_heuristic_actions,data/latent/train/1781995743605_heuristic_00017.npz,28,7.203226089477539,7.8161468505859375,0.5210764408111572,86.29841613769531,91.79182434082031,4.876643180847168,81.4217758178711,77.94815826416016,95.92716979980469,87.00836181640625,0.03293328732252121,0.6159916520118713,0.008724209852516651
495,true_heuristic_actions,data/latent/train/1781975785803_heuristic_00026.npz,756,-1.6411395072937012,-1.758551836013794,-0.11723678559064865,38.57700729370117,39.82611083984375,-1.1871123313903809,39.764129638671875,46.654544830322266,43.347694396972656,44.350921630859375,0.9679720401763916,0.3499999940395355,0.05000000074505806
496,true_heuristic_actions,data/latent/train/1781995688182_heuristic_00011.npz,961,-1.6079679727554321,-1.7222356796264648,-0.11481571197509766,44.94749069213867,47.696876525878906,-1.1659646034240723,46.11344909667969,50.455631256103516,52.23655319213867,50.42158126831055,0.8621071577072144,0.38091424107551575,0.06149245798587799
497,true_heuristic_actions,data/latent/train/1781975565096_heuristic_00002.npz,626,-1.5227720737457275,-1.6334338188171387,-0.10889558494091034,29.79850196838379,29.137876510620117,-1.0960218906402588,30.894529342651367,37.91655349731445,29.589860916137695,37.515262603759766,-0.5495786666870117,0.297227680683136,0.055872656404972076
498,true_heuristic_actions,data/latent/train/1781995725381_heuristic_00015.npz,360,11.282691955566406,11.916854858398438,0.7944570183753967,66.7507553100586,61.87276077270508,8.729385375976562,58.02136993408203,79.65779876708984,60.54776382446289,67.02217102050781,0.0880032554268837,0.5326699614524841,0.0062259407714009285
499,true_heuristic_actions,data/latent/train/1781995734609_heuristic_00016.npz,682,-1.529379963874817,-1.6433922052383423,-0.10955948382616043,33.455543518066406,31.86821174621582,-1.0906593799591064,34.546207427978516,45.227989196777344,32.42494583129883,42.037681579589844,-0.18001317977905273,0.3985152840614319,0.001678429078310728
500,true_heuristic_actions,data/latent/train/1781975657159_heuristic_00012.npz,481,-1.626036524772644,-1.742061734199524,-0.11613745242357254,43.792972564697266,47.082725524902344,-1.1775215864181519,44.97050857543945,46.24915313720703,51.329280853271484,49.19804763793945,0.8011306524276733,0.41095244884490967,0.07946749031543732
501,true_heuristic_actions,data/latent/train/1781995836527_heuristic_00027.npz,418,7.221241474151611,7.776506423950195,0.5184337496757507,83.02952575683594,86.34174346923828,5.103137969970703,77.9263916015625,81.18726348876953,89.69296264648438,84.64053344726562,-0.2817840278148651,0.5299999713897705,0.0
502,true_heuristic_actions,data/latent/train/1781995715968_heuristic_00014.npz,762,9.80131721496582,10.590768814086914,0.706051230430603,78.93887329101562,80.08650970458984,6.785092353820801,72.1537857055664,76.78496551513672,79.8808822631836,80.55725860595703,-0.463345468044281,0.4002387225627899,0.02701595053076744
503,true_heuristic_actions,data/latent/train/1781995605201_heuristic_00002.npz,648,-1.3044129610061646,-1.4083613157272339,-0.09389075636863708,31.893505096435547,30.664958953857422,-0.9096071124076843,32.8031120300293,48.569305419921875,31.132465362548828,40.27370834350586,-0.14395445585250854,0.4712032675743103,0.028016874566674232
504,true_heuristic_actions,data/latent/train/1781995883579_heuristic_00032.npz,95,8.520495414733887,9.083003997802734,0.6055335998535156,54.7298698425293,53.94711685180664,6.324105262756348,48.40576934814453,52.6541748046875,53.496299743652344,54.08000183105469,-0.6115750670433044,0.3499999940395355,0.01666666753590107
505,true_heuristic_actions,data/latent/train/1781975547656_heuristic_00000.npz,766,-0.2764708399772644,-0.25799262523651123,-0.017199508845806122,67.57124328613281,71.42591857910156,-0.3160448372364044,67.88728332519531,74.3797378540039,76.41312408447266,74.96417236328125,0.005854345392435789,0.6080111861228943,0.008141628466546535
506,true_heuristic_actions,data/latent/train/1781975795046_heuristic_00027.npz,415,8.705323219299316,9.221328735351562,0.6147552728652954,70.28986358642578,67.53807830810547,6.6523213386535645,63.63753890991211,83.52587127685547,67.78746795654297,72.65711212158203,0.03827103599905968,0.6299999952316284,0.0
507,true_heuristic_actions,data/latent/train/1781975547656_heuristic_00000.npz,42,11.077624320983887,11.916488647460938,0.7944325804710388,74.90147399902344,75.79163360595703,7.856300354003906,67.0451889038086,74.5531234741211,76.08550262451172,73.61662292480469,0.19905495643615723,0.6299999952316284,0.0
508,true_heuristic_actions,data/latent/train/1781995753128_heuristic_00018.npz,526,-1.6155377626419067,-1.7295875549316406,-0.1153058335185051,31.361116409301758,30.023975372314453,-1.173913598060608,32.535030364990234,31.645198822021484,29.216543197631836,40.54216766357422,-0.7563427686691284,0.36975088715553284,0.055657364428043365
509,true_heuristic_actions,data/latent/train/1781975620542_heuristic_00008.npz,399,6.6598992347717285,7.090638160705566,0.47270920872688293,67.55785369873047,64.9449691772461,4.95360803604126,62.60423278808594,83.95526885986328,64.97209930419922,72.55105590820312,-0.10037847608327866,0.547831118106842,0.012768249958753586
510,true_heuristic_actions,data/latent/train/1781975620542_heuristic_00008.npz,153,10.193161964416504,10.893075942993164,0.726205050945282,80.35676574707031,77.71788024902344,7.47103214263916,72.8857192993164,90.59111785888672,76.83826446533203,83.66606140136719,-0.1628475785255432,0.48483705520629883,0.01680304855108261
511,true_heuristic_actions,data/latent/train/1781995753128_heuristic_00018.npz,658,14.614890098571777,15.91971206665039,1.0613141059875488,67.50749206542969,66.3254623413086,9.686543464660645,57.8209342956543,71.96089935302734,61.46788787841797,66.31069946289062,-0.41738325357437134,0.3323380649089813,0.013289795257151127
